{"8_20_36_01.jpg": 0.30184394121170044, "8_20_36_02.jpg": 0.2985652685165405, "8_20_36_03.jpg": 0.27605846524238586, "8_20_36_04.jpg": 0.1694425493478775, "8_20_36_05.jpg": 0.16441798210144043}