{"8_28_52_01.jpg": 0.3378627300262451, "8_28_52_02.jpg": 0.1177992895245552, "8_28_52_03.jpg": 0.10625596344470978, "8_28_52_04.jpg": 0.10200507938861847, "8_28_52_05.jpg": 0.10041080415248871}