{"8_84_92_01.jpg": 0.2723741829395294, "8_84_92_02.jpg": 0.21892932057380676, "8_84_92_03.jpg": 0.21313747763633728, "8_84_92_04.jpg": 0.17224720120429993, "8_84_92_05.jpg": 0.12297716736793518}