{"8_56_24_01.jpg": 0.36426010727882385, "8_56_24_02.jpg": 0.221380814909935, "8_56_24_03.jpg": 0.16615495085716248, "8_56_24_04.jpg": 0.1587667614221573, "8_56_24_05.jpg": 0.14934857189655304}