{"8_28_36_01.jpg": 0.31753459572792053, "8_28_36_02.jpg": 0.1717899739742279, "8_28_36_03.jpg": 0.1351086050271988, "8_28_36_04.jpg": 0.12321498245000839, "8_28_36_05.jpg": 0.11838942766189575}