{"8_92_40_01.jpg": 0.4059240221977234, "8_92_40_02.jpg": 0.27505260705947876, "8_92_40_03.jpg": 0.2630266547203064, "8_92_40_04.jpg": 0.2605215013027191, "8_92_40_05.jpg": 0.1544007807970047}