{"8_60_68_01.jpg": 0.30102264881134033, "8_60_68_02.jpg": 0.20139044523239136, "8_60_68_03.jpg": 0.14461037516593933, "8_60_68_04.jpg": 0.13739170134067535, "8_60_68_05.jpg": 0.12258674204349518}