{"8_52_20_01.jpg": 0.5771700739860535, "8_52_20_02.jpg": 0.4882311522960663, "8_52_20_03.jpg": 0.39767012000083923, "8_52_20_04.jpg": 0.3936225473880768, "8_52_20_05.jpg": 0.33413776755332947}