{"8_40_72_01.jpg": 0.28048956394195557, "8_40_72_02.jpg": 0.23806695640087128, "8_40_72_03.jpg": 0.2103748917579651, "8_40_72_04.jpg": 0.1735251247882843, "8_40_72_05.jpg": 0.16380733251571655}