{"8_92_80_01.jpg": 0.41845330595970154, "8_92_80_02.jpg": 0.3513815104961395, "8_92_80_03.jpg": 0.3455641269683838, "8_92_80_04.jpg": 0.2590135931968689, "8_92_80_05.jpg": 0.25291165709495544}