{"8_20_84_01.jpg": 0.35795849561691284, "8_20_84_02.jpg": 0.25085845589637756, "8_20_84_03.jpg": 0.2061709612607956, "8_20_84_04.jpg": 0.1999642252922058, "8_20_84_05.jpg": 0.17598111927509308}