{"8_56_64_01.jpg": 0.3255790174007416, "8_56_64_02.jpg": 0.2764805853366852, "8_56_64_03.jpg": 0.19225625693798065, "8_56_64_04.jpg": 0.18202942609786987, "8_56_64_05.jpg": 0.15910904109477997}