{"8_28_24_01.jpg": 0.2469259798526764, "8_28_24_02.jpg": 0.2077714204788208, "8_28_24_03.jpg": 0.16643591225147247, "8_28_24_04.jpg": 0.1658102571964264, "8_28_24_05.jpg": 0.12225662171840668}