{"8_92_20_01.jpg": 0.22093847393989563, "8_92_20_02.jpg": 0.1515650600194931, "8_92_20_03.jpg": 0.14891549944877625, "8_92_20_04.jpg": 0.14331525564193726, "8_92_20_05.jpg": 0.14317090809345245}