{"8_48_100_01.jpg": 0.4571417570114136, "8_48_100_02.jpg": 0.29051315784454346, "8_48_100_03.jpg": 0.2657850682735443, "8_48_100_04.jpg": 0.2648124396800995, "8_48_100_05.jpg": 0.2546130120754242}