{"8_68_84_01.jpg": 0.26305466890335083, "8_68_84_02.jpg": 0.19994497299194336, "8_68_84_03.jpg": 0.16444985568523407, "8_68_84_04.jpg": 0.15933765470981598, "8_68_84_05.jpg": 0.1266472190618515}