{"8_60_28_01.jpg": 0.28275907039642334, "8_60_28_02.jpg": 0.1828112006187439, "8_60_28_03.jpg": 0.12171529233455658, "8_60_28_04.jpg": 0.1216726079583168, "8_60_28_05.jpg": 0.11643165349960327}