{"8_52_20_01.jpg": 0.19124551117420197, "8_52_20_02.jpg": 0.08410097658634186, "8_52_20_03.jpg": 0.08196841180324554, "8_52_20_04.jpg": 0.08168511092662811, "8_52_20_05.jpg": 0.08138732612133026}