{"8_24_48_01.jpg": 0.47519630193710327, "8_24_48_02.jpg": 0.3274669349193573, "8_24_48_03.jpg": 0.3202517628669739, "8_24_48_04.jpg": 0.25732606649398804, "8_24_48_05.jpg": 0.2055841088294983}