{"8_16_72_01.jpg": 0.29575031995773315, "8_16_72_02.jpg": 0.2054443061351776, "8_16_72_03.jpg": 0.15985968708992004, "8_16_72_04.jpg": 0.15816378593444824, "8_16_72_05.jpg": 0.15007206797599792}