{"8_80_80_01.jpg": 0.49760234355926514, "8_80_80_02.jpg": 0.43962639570236206, "8_80_80_03.jpg": 0.3727249205112457, "8_80_80_04.jpg": 0.31119492650032043, "8_80_80_05.jpg": 0.2220296561717987}