{"8_24_92_01.jpg": 0.4643232226371765, "8_24_92_02.jpg": 0.25558897852897644, "8_24_92_03.jpg": 0.24961209297180176, "8_24_92_04.jpg": 0.18595156073570251, "8_24_92_05.jpg": 0.17027340829372406}