{"8_24_60_01.jpg": 0.40723133087158203, "8_24_60_02.jpg": 0.282306969165802, "8_24_60_03.jpg": 0.23347194492816925, "8_24_60_04.jpg": 0.18720340728759766, "8_24_60_05.jpg": 0.17158259451389313}