{"8_52_96_01.jpg": 0.5548024773597717, "8_52_96_02.jpg": 0.4815743863582611, "8_52_96_03.jpg": 0.4058128297328949, "8_52_96_04.jpg": 0.32956448197364807, "8_52_96_05.jpg": 0.27183541655540466}