{"8_44_20_01.jpg": 0.5391296744346619, "8_44_20_02.jpg": 0.3533829152584076, "8_44_20_03.jpg": 0.3357296884059906, "8_44_20_04.jpg": 0.3018174171447754, "8_44_20_05.jpg": 0.2769586741924286}