{"8_36_84_01.jpg": 0.523908257484436, "8_36_84_02.jpg": 0.4848434329032898, "8_36_84_03.jpg": 0.3555333912372589, "8_36_84_04.jpg": 0.35393470525741577, "8_36_84_05.jpg": 0.2995644807815552}