{"8_36_60_01.jpg": 0.3020872473716736, "8_36_60_02.jpg": 0.28766101598739624, "8_36_60_03.jpg": 0.2608363926410675, "8_36_60_04.jpg": 0.21060684323310852, "8_36_60_05.jpg": 0.1507263332605362}