{"8_96_48_01.jpg": 0.3050742447376251, "8_96_48_02.jpg": 0.1943066269159317, "8_96_48_03.jpg": 0.13233540952205658, "8_96_48_04.jpg": 0.11090131103992462, "8_96_48_05.jpg": 0.0914197787642479}