{"8_48_100_01.jpg": 0.6785290241241455, "8_48_100_02.jpg": 0.4666944146156311, "8_48_100_03.jpg": 0.3822028636932373, "8_48_100_04.jpg": 0.3717668354511261, "8_48_100_05.jpg": 0.3212995231151581}