{"8_64_24_01.jpg": 0.41420668363571167, "8_64_24_02.jpg": 0.2156895399093628, "8_64_24_03.jpg": 0.1994532346725464, "8_64_24_04.jpg": 0.19419561326503754, "8_64_24_05.jpg": 0.1616232544183731}