{"8_64_20_01.jpg": 0.5330439209938049, "8_64_20_02.jpg": 0.35555538535118103, "8_64_20_03.jpg": 0.3362238109111786, "8_64_20_04.jpg": 0.2865242063999176, "8_64_20_05.jpg": 0.23110133409500122}