{"8_68_100_01.jpg": 0.27797046303749084, "8_68_100_02.jpg": 0.1839267462491989, "8_68_100_03.jpg": 0.18250732123851776, "8_68_100_04.jpg": 0.13414539396762848, "8_68_100_05.jpg": 0.09855238348245621}