{"8_40_24_01.jpg": 0.3383878469467163, "8_40_24_02.jpg": 0.2587372958660126, "8_40_24_03.jpg": 0.23948845267295837, "8_40_24_04.jpg": 0.22697049379348755, "8_40_24_05.jpg": 0.21851788461208344}