{"8_80_28_01.jpg": 0.3091126084327698, "8_80_28_02.jpg": 0.25768324732780457, "8_80_28_03.jpg": 0.24097467958927155, "8_80_28_04.jpg": 0.18428727984428406, "8_80_28_05.jpg": 0.17499807476997375}