{"8_40_84_01.jpg": 0.46598416566848755, "8_40_84_02.jpg": 0.40426796674728394, "8_40_84_03.jpg": 0.30171066522598267, "8_40_84_04.jpg": 0.23803633451461792, "8_40_84_05.jpg": 0.22767136991024017}