{"8_60_60_01.jpg": 0.2737472355365753, "8_60_60_02.jpg": 0.22246931493282318, "8_60_60_03.jpg": 0.16136717796325684, "8_60_60_04.jpg": 0.15368713438510895, "8_60_60_05.jpg": 0.13940827548503876}