{"8_52_96_01.jpg": 0.3061307966709137, "8_52_96_02.jpg": 0.17252810299396515, "8_52_96_03.jpg": 0.14922431111335754, "8_52_96_04.jpg": 0.14679577946662903, "8_52_96_05.jpg": 0.13930045068264008}