{"8_60_72_01.jpg": 0.5327908396720886, "8_60_72_02.jpg": 0.3291352391242981, "8_60_72_03.jpg": 0.23075269162654877, "8_60_72_04.jpg": 0.21788252890110016, "8_60_72_05.jpg": 0.15209589898586273}