{"8_80_56_01.jpg": 0.37906613945961, "8_80_56_02.jpg": 0.29174765944480896, "8_80_56_03.jpg": 0.21839304268360138, "8_80_56_04.jpg": 0.17423906922340393, "8_80_56_05.jpg": 0.17053058743476868}