{"8_56_76_01.jpg": 0.5162234306335449, "8_56_76_02.jpg": 0.45199963450431824, "8_56_76_03.jpg": 0.42821410298347473, "8_56_76_04.jpg": 0.3984348475933075, "8_56_76_05.jpg": 0.2559563219547272}