{"8_24_24_01.jpg": 0.18329709768295288, "8_24_24_02.jpg": 0.170955091714859, "8_24_24_03.jpg": 0.15101265907287598, "8_24_24_04.jpg": 0.10916493088006973, "8_24_24_05.jpg": 0.09063282608985901}