{"8_80_52_01.jpg": 0.23457840085029602, "8_80_52_02.jpg": 0.15676140785217285, "8_80_52_03.jpg": 0.1380692571401596, "8_80_52_04.jpg": 0.09144816547632217, "8_80_52_05.jpg": 0.08248771727085114}