{"8_60_12_01.jpg": 0.561114490032196, "8_60_12_02.jpg": 0.32530492544174194, "8_60_12_03.jpg": 0.2822471261024475, "8_60_12_04.jpg": 0.23067215085029602, "8_60_12_05.jpg": 0.19682884216308594}