{"8_24_36_01.jpg": 0.31126102805137634, "8_24_36_02.jpg": 0.21316775679588318, "8_24_36_03.jpg": 0.1940055936574936, "8_24_36_04.jpg": 0.18120865523815155, "8_24_36_05.jpg": 0.17525185644626617}