{"8_72_80_01.jpg": 0.2682237923145294, "8_72_80_02.jpg": 0.22742070257663727, "8_72_80_03.jpg": 0.19092923402786255, "8_72_80_04.jpg": 0.12587451934814453, "8_72_80_05.jpg": 0.12059935182332993}