{"8_32_56_01.jpg": 0.4764040410518646, "8_32_56_02.jpg": 0.42559462785720825, "8_32_56_03.jpg": 0.3000447154045105, "8_32_56_04.jpg": 0.2729448676109314, "8_32_56_05.jpg": 0.26345983147621155}