{"8_64_100_01.jpg": 0.2857851982116699, "8_64_100_02.jpg": 0.23083272576332092, "8_64_100_03.jpg": 0.11264923214912415, "8_64_100_04.jpg": 0.10839256644248962, "8_64_100_05.jpg": 0.084269680082798}