{"8_96_68_01.jpg": 0.3050362169742584, "8_96_68_02.jpg": 0.2761884331703186, "8_96_68_03.jpg": 0.11587366461753845, "8_96_68_04.jpg": 0.10582781583070755, "8_96_68_05.jpg": 0.09175444394350052}