{"8_76_20_01.jpg": 0.48750582337379456, "8_76_20_02.jpg": 0.4381190836429596, "8_76_20_03.jpg": 0.22242991626262665, "8_76_20_04.jpg": 0.21442145109176636, "8_76_20_05.jpg": 0.18803168833255768}