{"8_52_36_01.jpg": 0.3823956847190857, "8_52_36_02.jpg": 0.3170093595981598, "8_52_36_03.jpg": 0.28836992383003235, "8_52_36_04.jpg": 0.24279774725437164, "8_52_36_05.jpg": 0.2111392319202423}