{"8_52_80_01.jpg": 0.40373432636260986, "8_52_80_02.jpg": 0.26769715547561646, "8_52_80_03.jpg": 0.25485652685165405, "8_52_80_04.jpg": 0.20824383199214935, "8_52_80_05.jpg": 0.18835605680942535}