{"8_20_88_01.jpg": 0.3220747411251068, "8_20_88_02.jpg": 0.3048100471496582, "8_20_88_03.jpg": 0.29203060269355774, "8_20_88_04.jpg": 0.2570633292198181, "8_20_88_05.jpg": 0.21129605174064636}