{"8_36_80_01.jpg": 0.5066114664077759, "8_36_80_02.jpg": 0.21212099492549896, "8_36_80_03.jpg": 0.18354202806949615, "8_36_80_04.jpg": 0.18351854383945465, "8_36_80_05.jpg": 0.15238358080387115}