{"8_56_68_01.jpg": 0.25886544585227966, "8_56_68_02.jpg": 0.18773195147514343, "8_56_68_03.jpg": 0.18274660408496857, "8_56_68_04.jpg": 0.1536119282245636, "8_56_68_05.jpg": 0.11163339018821716}