{"8_44_92_01.jpg": 0.36266228556632996, "8_44_92_02.jpg": 0.3604106605052948, "8_44_92_03.jpg": 0.31818684935569763, "8_44_92_04.jpg": 0.31572967767715454, "8_44_92_05.jpg": 0.3140791356563568}