{"8_16_44_01.jpg": 0.4391094446182251, "8_16_44_02.jpg": 0.28195902705192566, "8_16_44_03.jpg": 0.21392697095870972, "8_16_44_04.jpg": 0.18248292803764343, "8_16_44_05.jpg": 0.156463161110878}