{"8_56_104_01.jpg": 0.3532901108264923, "8_56_104_02.jpg": 0.18959537148475647, "8_56_104_03.jpg": 0.14083802700042725, "8_56_104_04.jpg": 0.1348375529050827, "8_56_104_05.jpg": 0.12189920991659164}