{"8_48_24_01.jpg": 0.24324321746826172, "8_48_24_02.jpg": 0.19434663653373718, "8_48_24_03.jpg": 0.14212433993816376, "8_48_24_04.jpg": 0.13751883804798126, "8_48_24_05.jpg": 0.07821477949619293}