{"8_28_36_01.jpg": 0.3446757197380066, "8_28_36_02.jpg": 0.29539141058921814, "8_28_36_03.jpg": 0.2842620313167572, "8_28_36_04.jpg": 0.2699832022190094, "8_28_36_05.jpg": 0.26978814601898193}