{"8_44_8_01.jpg": 0.3869864046573639, "8_44_8_02.jpg": 0.1990247219800949, "8_44_8_03.jpg": 0.1737113744020462, "8_44_8_04.jpg": 0.1551394909620285, "8_44_8_05.jpg": 0.12683573365211487}