{"8_36_20_01.jpg": 0.4055330753326416, "8_36_20_02.jpg": 0.2366628646850586, "8_36_20_03.jpg": 0.2062455266714096, "8_36_20_04.jpg": 0.2020750492811203, "8_36_20_05.jpg": 0.18223831057548523}