{"8_52_80_01.jpg": 0.3248656690120697, "8_52_80_02.jpg": 0.29616716504096985, "8_52_80_03.jpg": 0.22149567306041718, "8_52_80_04.jpg": 0.20572233200073242, "8_52_80_05.jpg": 0.20506201684474945}