{"8_64_44_01.jpg": 0.24694590270519257, "8_64_44_02.jpg": 0.1403883546590805, "8_64_44_03.jpg": 0.12399469316005707, "8_64_44_04.jpg": 0.12104248255491257, "8_64_44_05.jpg": 0.12068525701761246}