{"8_36_36_01.jpg": 0.24467140436172485, "8_36_36_02.jpg": 0.19799716770648956, "8_36_36_03.jpg": 0.14246438443660736, "8_36_36_04.jpg": 0.1274559646844864, "8_36_36_05.jpg": 0.10415240377187729}