{"8_56_80_01.jpg": 0.1669405996799469, "8_56_80_02.jpg": 0.12330829352140427, "8_56_80_03.jpg": 0.11298538744449615, "8_56_80_04.jpg": 0.10399910062551498, "8_56_80_05.jpg": 0.09675489366054535}