{"8_40_44_01.jpg": 0.34719282388687134, "8_40_44_02.jpg": 0.2954816520214081, "8_40_44_03.jpg": 0.26194801926612854, "8_40_44_04.jpg": 0.21014583110809326, "8_40_44_05.jpg": 0.17099741101264954}