{"8_104_40_01.jpg": 0.21562403440475464, "8_104_40_02.jpg": 0.12656737864017487, "8_104_40_03.jpg": 0.07172820717096329, "8_104_40_04.jpg": 0.06693652272224426, "8_104_40_05.jpg": 0.06546729803085327}