{"8_92_44_01.jpg": 0.30521371960639954, "8_92_44_02.jpg": 0.23851633071899414, "8_92_44_03.jpg": 0.23663482069969177, "8_92_44_04.jpg": 0.22211948037147522, "8_92_44_05.jpg": 0.21036070585250854}