{"8_48_12_01.jpg": 0.7345065474510193, "8_48_12_02.jpg": 0.23019899427890778, "8_48_12_03.jpg": 0.21991543471813202, "8_48_12_04.jpg": 0.20502249896526337, "8_48_12_05.jpg": 0.1568736582994461}