{"8_84_40_01.jpg": 0.26647353172302246, "8_84_40_02.jpg": 0.20985105633735657, "8_84_40_03.jpg": 0.18822336196899414, "8_84_40_04.jpg": 0.14231683313846588, "8_84_40_05.jpg": 0.1140628233551979}