{"8_56_104_01.jpg": 0.5060556530952454, "8_56_104_02.jpg": 0.2551117241382599, "8_56_104_03.jpg": 0.2503451406955719, "8_56_104_04.jpg": 0.21551112830638885, "8_56_104_05.jpg": 0.16487492620944977}