{"8_68_80_01.jpg": 0.23633615672588348, "8_68_80_02.jpg": 0.16402536630630493, "8_68_80_03.jpg": 0.16273047029972076, "8_68_80_04.jpg": 0.14860251545906067, "8_68_80_05.jpg": 0.14231862127780914}