{"8_60_64_01.jpg": 0.23044684529304504, "8_60_64_02.jpg": 0.1551552265882492, "8_60_64_03.jpg": 0.15267908573150635, "8_60_64_04.jpg": 0.13099174201488495, "8_60_64_05.jpg": 0.11610793322324753}