{"8_84_20_01.jpg": 0.37865254282951355, "8_84_20_02.jpg": 0.25088971853256226, "8_84_20_03.jpg": 0.2411118745803833, "8_84_20_04.jpg": 0.16711899638175964, "8_84_20_05.jpg": 0.12678225338459015}