{"8_24_92_01.jpg": 0.28922492265701294, "8_24_92_02.jpg": 0.1412455141544342, "8_24_92_03.jpg": 0.12761713564395905, "8_24_92_04.jpg": 0.11431349813938141, "8_24_92_05.jpg": 0.11040570586919785}