{"8_48_84_01.jpg": 0.45678475499153137, "8_48_84_02.jpg": 0.25425392389297485, "8_48_84_03.jpg": 0.20623068511486053, "8_48_84_04.jpg": 0.2058822214603424, "8_48_84_05.jpg": 0.16605441272258759}