{"8_24_24_01.jpg": 0.21712467074394226, "8_24_24_02.jpg": 0.18314515054225922, "8_24_24_03.jpg": 0.18079063296318054, "8_24_24_04.jpg": 0.1560293734073639, "8_24_24_05.jpg": 0.1308322697877884}