{"8_76_68_01.jpg": 0.355710506439209, "8_76_68_02.jpg": 0.3453332483768463, "8_76_68_03.jpg": 0.27608731389045715, "8_76_68_04.jpg": 0.22582800686359406, "8_76_68_05.jpg": 0.22532416880130768}