{"8_56_84_01.jpg": 0.43717092275619507, "8_56_84_02.jpg": 0.25460588932037354, "8_56_84_03.jpg": 0.24323751032352448, "8_56_84_04.jpg": 0.2276906967163086, "8_56_84_05.jpg": 0.1794586330652237}