{"8_28_84_01.jpg": 0.2405090183019638, "8_28_84_02.jpg": 0.1817259043455124, "8_28_84_03.jpg": 0.17853227257728577, "8_28_84_04.jpg": 0.16782280802726746, "8_28_84_05.jpg": 0.1630033254623413}