{"8_68_68_01.jpg": 0.2870747148990631, "8_68_68_02.jpg": 0.14124542474746704, "8_68_68_03.jpg": 0.09336192160844803, "8_68_68_04.jpg": 0.08715974539518356, "8_68_68_05.jpg": 0.08092087507247925}