{"8_12_56_01.jpg": 0.3952370285987854, "8_12_56_02.jpg": 0.2549020051956177, "8_12_56_03.jpg": 0.2408807873725891, "8_12_56_04.jpg": 0.2130725234746933, "8_12_56_05.jpg": 0.19679877161979675}