{"8_8_40_01.jpg": 0.3220379054546356, "8_8_40_02.jpg": 0.28208160400390625, "8_8_40_03.jpg": 0.25147661566734314, "8_8_40_04.jpg": 0.22524087131023407, "8_8_40_05.jpg": 0.19273672997951508}