{"8_76_80_01.jpg": 0.325478732585907, "8_76_80_02.jpg": 0.2638923227787018, "8_76_80_03.jpg": 0.23309630155563354, "8_76_80_04.jpg": 0.1889657974243164, "8_76_80_05.jpg": 0.18818046152591705}