{"8_32_80_01.jpg": 0.5027008652687073, "8_32_80_02.jpg": 0.34626004099845886, "8_32_80_03.jpg": 0.32590165734291077, "8_32_80_04.jpg": 0.2893013060092926, "8_32_80_05.jpg": 0.19195309281349182}