{"8_8_68_01.jpg": 0.33626681566238403, "8_8_68_02.jpg": 0.31058889627456665, "8_8_68_03.jpg": 0.18187527358531952, "8_8_68_04.jpg": 0.15509992837905884, "8_8_68_05.jpg": 0.13672703504562378}