{"8_96_56_01.jpg": 0.1934044063091278, "8_96_56_02.jpg": 0.13325902819633484, "8_96_56_03.jpg": 0.11711342632770538, "8_96_56_04.jpg": 0.09159593284130096, "8_96_56_05.jpg": 0.07622624188661575}