{"8_12_36_01.jpg": 0.5317863821983337, "8_12_36_02.jpg": 0.19018177688121796, "8_12_36_03.jpg": 0.14712679386138916, "8_12_36_04.jpg": 0.1284209042787552, "8_12_36_05.jpg": 0.11580491811037064}