{"8_68_32_01.jpg": 0.32161861658096313, "8_68_32_02.jpg": 0.2622166574001312, "8_68_32_03.jpg": 0.20945510268211365, "8_68_32_04.jpg": 0.19884750247001648, "8_68_32_05.jpg": 0.181711345911026}