{"8_48_40_01.jpg": 0.3900376260280609, "8_48_40_02.jpg": 0.15315240621566772, "8_48_40_03.jpg": 0.11025521904230118, "8_48_40_04.jpg": 0.09494592994451523, "8_48_40_05.jpg": 0.0890614315867424}