{"8_48_48_01.jpg": 0.33035120368003845, "8_48_48_02.jpg": 0.30185842514038086, "8_48_48_03.jpg": 0.14698265492916107, "8_48_48_04.jpg": 0.1464083045721054, "8_48_48_05.jpg": 0.14189141988754272}