{"8_36_68_01.jpg": 0.43443843722343445, "8_36_68_02.jpg": 0.2961047887802124, "8_36_68_03.jpg": 0.24328452348709106, "8_36_68_04.jpg": 0.22741001844406128, "8_36_68_05.jpg": 0.2142287790775299}