{"8_36_56_01.jpg": 0.4282236397266388, "8_36_56_02.jpg": 0.31142327189445496, "8_36_56_03.jpg": 0.27326709032058716, "8_36_56_04.jpg": 0.24425441026687622, "8_36_56_05.jpg": 0.2440508008003235}