{"8_68_20_01.jpg": 0.16736745834350586, "8_68_20_02.jpg": 0.12146733701229095, "8_68_20_03.jpg": 0.08183027058839798, "8_68_20_04.jpg": 0.07785624265670776, "8_68_20_05.jpg": 0.07118028402328491}