{"8_48_48_01.jpg": 0.32079261541366577, "8_48_48_02.jpg": 0.2579609453678131, "8_48_48_03.jpg": 0.24702990055084229, "8_48_48_04.jpg": 0.23684413731098175, "8_48_48_05.jpg": 0.22152210772037506}