{"8_36_72_01.jpg": 0.5701363682746887, "8_36_72_02.jpg": 0.23713475465774536, "8_36_72_03.jpg": 0.18335145711898804, "8_36_72_04.jpg": 0.11722858995199203, "8_36_72_05.jpg": 0.10142157971858978}