{"8_52_8_01.jpg": 0.3606221079826355, "8_52_8_02.jpg": 0.3038468658924103, "8_52_8_03.jpg": 0.24636130034923553, "8_52_8_04.jpg": 0.19721153378486633, "8_52_8_05.jpg": 0.16940456628799438}