{"8_48_64_01.jpg": 0.35678738355636597, "8_48_64_02.jpg": 0.29631155729293823, "8_48_64_03.jpg": 0.20205143094062805, "8_48_64_04.jpg": 0.16355927288532257, "8_48_64_05.jpg": 0.11478666961193085}