{"8_48_16_01.jpg": 0.31661292910575867, "8_48_16_02.jpg": 0.3003726601600647, "8_48_16_03.jpg": 0.2940889298915863, "8_48_16_04.jpg": 0.2680102586746216, "8_48_16_05.jpg": 0.14234013855457306}