{"8_52_44_01.jpg": 0.3233130872249603, "8_52_44_02.jpg": 0.24997562170028687, "8_52_44_03.jpg": 0.21110181510448456, "8_52_44_04.jpg": 0.20682770013809204, "8_52_44_05.jpg": 0.190720334649086}