{"8_76_84_01.jpg": 0.3734063506126404, "8_76_84_02.jpg": 0.20101584494113922, "8_76_84_03.jpg": 0.14005780220031738, "8_76_84_04.jpg": 0.11053077131509781, "8_76_84_05.jpg": 0.10411436855792999}