{"8_40_72_01.jpg": 0.31144094467163086, "8_40_72_02.jpg": 0.18296797573566437, "8_40_72_03.jpg": 0.15389908850193024, "8_40_72_04.jpg": 0.1507227122783661, "8_40_72_05.jpg": 0.1426173895597458}