{"8_28_40_01.jpg": 0.40467512607574463, "8_28_40_02.jpg": 0.25023308396339417, "8_28_40_03.jpg": 0.24317874014377594, "8_28_40_04.jpg": 0.1905604600906372, "8_28_40_05.jpg": 0.18877974152565002}