{"8_28_76_01.jpg": 0.3279612064361572, "8_28_76_02.jpg": 0.2850401699542999, "8_28_76_03.jpg": 0.14104263484477997, "8_28_76_04.jpg": 0.11695948243141174, "8_28_76_05.jpg": 0.110802061855793}