{"8_92_80_01.jpg": 0.30630114674568176, "8_92_80_02.jpg": 0.261879026889801, "8_92_80_03.jpg": 0.2514084279537201, "8_92_80_04.jpg": 0.21418730914592743, "8_92_80_05.jpg": 0.19210182130336761}