{"8_44_60_01.jpg": 0.6229841709136963, "8_44_60_02.jpg": 0.3683798313140869, "8_44_60_03.jpg": 0.2745654881000519, "8_44_60_04.jpg": 0.24734865128993988, "8_44_60_05.jpg": 0.2444409728050232}