{"8_92_24_01.jpg": 0.3429826498031616, "8_92_24_02.jpg": 0.29250234365463257, "8_92_24_03.jpg": 0.2745139002799988, "8_92_24_04.jpg": 0.20789280533790588, "8_92_24_05.jpg": 0.09118086099624634}