{"8_16_76_01.jpg": 0.3881930410861969, "8_16_76_02.jpg": 0.3628357946872711, "8_16_76_03.jpg": 0.3225894868373871, "8_16_76_04.jpg": 0.25545692443847656, "8_16_76_05.jpg": 0.2427624762058258}