{"8_64_56_01.jpg": 0.29533451795578003, "8_64_56_02.jpg": 0.1635504961013794, "8_64_56_03.jpg": 0.12674087285995483, "8_64_56_04.jpg": 0.11896844953298569, "8_64_56_05.jpg": 0.11325939744710922}