{"8_28_60_01.jpg": 0.2485392987728119, "8_28_60_02.jpg": 0.13560961186885834, "8_28_60_03.jpg": 0.12281444668769836, "8_28_60_04.jpg": 0.10279102623462677, "8_28_60_05.jpg": 0.10260895639657974}