{"8_76_80_01.jpg": 0.36298054456710815, "8_76_80_02.jpg": 0.26592719554901123, "8_76_80_03.jpg": 0.19118647277355194, "8_76_80_04.jpg": 0.17766274511814117, "8_76_80_05.jpg": 0.1532338261604309}