{"8_84_72_01.jpg": 0.5652288794517517, "8_84_72_02.jpg": 0.4578190743923187, "8_84_72_03.jpg": 0.25537022948265076, "8_84_72_04.jpg": 0.2028118520975113, "8_84_72_05.jpg": 0.1738138198852539}