{"8_68_32_01.jpg": 0.24860765039920807, "8_68_32_02.jpg": 0.1140238419175148, "8_68_32_03.jpg": 0.10755391418933868, "8_68_32_04.jpg": 0.10263995826244354, "8_68_32_05.jpg": 0.10235116630792618}