{"8_72_96_01.jpg": 0.4538913667201996, "8_72_96_02.jpg": 0.30646950006484985, "8_72_96_03.jpg": 0.2602424919605255, "8_72_96_04.jpg": 0.14844876527786255, "8_72_96_05.jpg": 0.1352737694978714}