{"8_56_60_01.jpg": 0.18020406365394592, "8_56_60_02.jpg": 0.1655072569847107, "8_56_60_03.jpg": 0.13112612068653107, "8_56_60_04.jpg": 0.11342913657426834, "8_56_60_05.jpg": 0.07147267460823059}