{"8_68_104_01.jpg": 0.23975403606891632, "8_68_104_02.jpg": 0.11550381779670715, "8_68_104_03.jpg": 0.11246348172426224, "8_68_104_04.jpg": 0.09589016437530518, "8_68_104_05.jpg": 0.09522318840026855}