{"8_24_48_01.jpg": 0.447922945022583, "8_24_48_02.jpg": 0.33632922172546387, "8_24_48_03.jpg": 0.29706984758377075, "8_24_48_04.jpg": 0.26994332671165466, "8_24_48_05.jpg": 0.12891049683094025}