{"8_104_68_01.jpg": 0.16909931600093842, "8_104_68_02.jpg": 0.09774293750524521, "8_104_68_03.jpg": 0.09194938093423843, "8_104_68_04.jpg": 0.0918927788734436, "8_104_68_05.jpg": 0.08974982798099518}