{"8_12_76_01.jpg": 0.28561341762542725, "8_12_76_02.jpg": 0.2430419921875, "8_12_76_03.jpg": 0.19648493826389313, "8_12_76_04.jpg": 0.18402297794818878, "8_12_76_05.jpg": 0.18384380638599396}