{"8_88_44_01.jpg": 0.40283188223838806, "8_88_44_02.jpg": 0.3110434412956238, "8_88_44_03.jpg": 0.1664654016494751, "8_88_44_04.jpg": 0.12655693292617798, "8_88_44_05.jpg": 0.11337753385305405}