{"8_72_96_01.jpg": 0.27323827147483826, "8_72_96_02.jpg": 0.12032806128263474, "8_72_96_03.jpg": 0.11516768485307693, "8_72_96_04.jpg": 0.11130505800247192, "8_72_96_05.jpg": 0.10307344049215317}