{"8_72_56_01.jpg": 0.37823519110679626, "8_72_56_02.jpg": 0.188650980591774, "8_72_56_03.jpg": 0.15598852932453156, "8_72_56_04.jpg": 0.1371135413646698, "8_72_56_05.jpg": 0.13038133084774017}