{"8_28_20_01.jpg": 0.3790748417377472, "8_28_20_02.jpg": 0.3237347900867462, "8_28_20_03.jpg": 0.2668510377407074, "8_28_20_04.jpg": 0.26374122500419617, "8_28_20_05.jpg": 0.22699594497680664}