{"8_44_16_01.jpg": 0.5358590483665466, "8_44_16_02.jpg": 0.2887907326221466, "8_44_16_03.jpg": 0.28816547989845276, "8_44_16_04.jpg": 0.2828863859176636, "8_44_16_05.jpg": 0.21766936779022217}