{"8_44_12_01.jpg": 0.4197922646999359, "8_44_12_02.jpg": 0.27744901180267334, "8_44_12_03.jpg": 0.2636485695838928, "8_44_12_04.jpg": 0.2461462765932083, "8_44_12_05.jpg": 0.24611513316631317}