{"8_68_16_01.jpg": 0.2719052731990814, "8_68_16_02.jpg": 0.2035490870475769, "8_68_16_03.jpg": 0.16997435688972473, "8_68_16_04.jpg": 0.1487734466791153, "8_68_16_05.jpg": 0.08498810231685638}