{"8_52_56_01.jpg": 0.3289644122123718, "8_52_56_02.jpg": 0.31205013394355774, "8_52_56_03.jpg": 0.240461528301239, "8_52_56_04.jpg": 0.219974085688591, "8_52_56_05.jpg": 0.13915660977363586}