{"8_32_60_01.jpg": 0.32513198256492615, "8_32_60_02.jpg": 0.31827810406684875, "8_32_60_03.jpg": 0.2733265161514282, "8_32_60_04.jpg": 0.2427164614200592, "8_32_60_05.jpg": 0.23918098211288452}