{"8_28_100_01.jpg": 0.2588690221309662, "8_28_100_02.jpg": 0.22104592621326447, "8_28_100_03.jpg": 0.16943591833114624, "8_28_100_04.jpg": 0.15611256659030914, "8_28_100_05.jpg": 0.15515829622745514}