{"8_20_40_01.jpg": 0.2951849102973938, "8_20_40_02.jpg": 0.23149868845939636, "8_20_40_03.jpg": 0.11880079656839371, "8_20_40_04.jpg": 0.11707018315792084, "8_20_40_05.jpg": 0.10793956369161606}