{"8_60_48_01.jpg": 0.264943927526474, "8_60_48_02.jpg": 0.15190596878528595, "8_60_48_03.jpg": 0.12948785722255707, "8_60_48_04.jpg": 0.1016603633761406, "8_60_48_05.jpg": 0.09795752167701721}