{"8_48_88_01.jpg": 0.27794313430786133, "8_48_88_02.jpg": 0.25398823618888855, "8_48_88_03.jpg": 0.2229120135307312, "8_48_88_04.jpg": 0.22078430652618408, "8_48_88_05.jpg": 0.15603382885456085}