{"8_60_24_01.jpg": 0.24050354957580566, "8_60_24_02.jpg": 0.2251240462064743, "8_60_24_03.jpg": 0.20539502799510956, "8_60_24_04.jpg": 0.11387153714895248, "8_60_24_05.jpg": 0.1075456365942955}