{"8_56_80_01.jpg": 0.3846016824245453, "8_56_80_02.jpg": 0.16356191039085388, "8_56_80_03.jpg": 0.15666738152503967, "8_56_80_04.jpg": 0.14278119802474976, "8_56_80_05.jpg": 0.1134859099984169}