{"8_40_36_01.jpg": 0.2528948187828064, "8_40_36_02.jpg": 0.24089860916137695, "8_40_36_03.jpg": 0.1768256276845932, "8_40_36_04.jpg": 0.1350269317626953, "8_40_36_05.jpg": 0.13232830166816711}