{"8_72_92_01.jpg": 0.5092936754226685, "8_72_92_02.jpg": 0.2960398495197296, "8_72_92_03.jpg": 0.27347272634506226, "8_72_92_04.jpg": 0.22505810856819153, "8_72_92_05.jpg": 0.19103306531906128}