{"8_52_88_01.jpg": 0.3619924783706665, "8_52_88_02.jpg": 0.35684606432914734, "8_52_88_03.jpg": 0.28794434666633606, "8_52_88_04.jpg": 0.23097176849842072, "8_52_88_05.jpg": 0.2184845358133316}