{"8_84_28_01.jpg": 0.2876909673213959, "8_84_28_02.jpg": 0.2055974304676056, "8_84_28_03.jpg": 0.19873139262199402, "8_84_28_04.jpg": 0.19412921369075775, "8_84_28_05.jpg": 0.17402532696723938}