{"8_12_56_01.jpg": 0.28363028168678284, "8_12_56_02.jpg": 0.15196473896503448, "8_12_56_03.jpg": 0.14890705049037933, "8_12_56_04.jpg": 0.12707731127738953, "8_12_56_05.jpg": 0.12664516270160675}