{"8_16_80_01.jpg": 0.3679976463317871, "8_16_80_02.jpg": 0.2642592489719391, "8_16_80_03.jpg": 0.25787049531936646, "8_16_80_04.jpg": 0.23751559853553772, "8_16_80_05.jpg": 0.21115726232528687}