{"8_80_20_01.jpg": 0.4635127782821655, "8_80_20_02.jpg": 0.21107745170593262, "8_80_20_03.jpg": 0.15655170381069183, "8_80_20_04.jpg": 0.08215644955635071, "8_80_20_05.jpg": 0.07334650307893753}