{"8_76_72_01.jpg": 0.4062036871910095, "8_76_72_02.jpg": 0.2991386353969574, "8_76_72_03.jpg": 0.20750735700130463, "8_76_72_04.jpg": 0.19139567017555237, "8_76_72_05.jpg": 0.18342325091362}