{"8_36_28_01.jpg": 0.27137792110443115, "8_36_28_02.jpg": 0.18832434713840485, "8_36_28_03.jpg": 0.16835589706897736, "8_36_28_04.jpg": 0.12012746930122375, "8_36_28_05.jpg": 0.10233427584171295}