{"8_68_52_01.jpg": 0.5232963562011719, "8_68_52_02.jpg": 0.3937324583530426, "8_68_52_03.jpg": 0.20111079514026642, "8_68_52_04.jpg": 0.1550775021314621, "8_68_52_05.jpg": 0.1345330774784088}