{"8_56_12_01.jpg": 0.3528788685798645, "8_56_12_02.jpg": 0.2923717796802521, "8_56_12_03.jpg": 0.22134481370449066, "8_56_12_04.jpg": 0.20370444655418396, "8_56_12_05.jpg": 0.17054583132266998}