{"8_44_100_01.jpg": 0.39175093173980713, "8_44_100_02.jpg": 0.307593435049057, "8_44_100_03.jpg": 0.28514212369918823, "8_44_100_04.jpg": 0.26347196102142334, "8_44_100_05.jpg": 0.2051253616809845}