{"8_64_32_01.jpg": 0.24590365588665009, "8_64_32_02.jpg": 0.16849124431610107, "8_64_32_03.jpg": 0.16296963393688202, "8_64_32_04.jpg": 0.12523216009140015, "8_64_32_05.jpg": 0.10098905116319656}