{"8_84_84_01.jpg": 0.47902601957321167, "8_84_84_02.jpg": 0.23432724177837372, "8_84_84_03.jpg": 0.22740289568901062, "8_84_84_04.jpg": 0.22332705557346344, "8_84_84_05.jpg": 0.16727349162101746}