{"8_40_60_01.jpg": 0.39154231548309326, "8_40_60_02.jpg": 0.17681154608726501, "8_40_60_03.jpg": 0.16558724641799927, "8_40_60_04.jpg": 0.15606868267059326, "8_40_60_05.jpg": 0.1498516947031021}