{"8_60_92_01.jpg": 0.2820310592651367, "8_60_92_02.jpg": 0.21566151082515717, "8_60_92_03.jpg": 0.20719940960407257, "8_60_92_04.jpg": 0.15392182767391205, "8_60_92_05.jpg": 0.13652963936328888}