{"8_64_44_01.jpg": 0.35152938961982727, "8_64_44_02.jpg": 0.19695918262004852, "8_64_44_03.jpg": 0.18505357205867767, "8_64_44_04.jpg": 0.18314845860004425, "8_64_44_05.jpg": 0.1621333807706833}