{"8_68_40_01.jpg": 0.16945147514343262, "8_68_40_02.jpg": 0.13803277909755707, "8_68_40_03.jpg": 0.09995833039283752, "8_68_40_04.jpg": 0.0864938274025917, "8_68_40_05.jpg": 0.06799290329217911}