{"8_56_80_01.jpg": 0.24574488401412964, "8_56_80_02.jpg": 0.16607853770256042, "8_56_80_03.jpg": 0.1074942871928215, "8_56_80_04.jpg": 0.0770268514752388, "8_56_80_05.jpg": 0.07505787163972855}