{"8_48_72_01.jpg": 0.4763511121273041, "8_48_72_02.jpg": 0.19623863697052002, "8_48_72_03.jpg": 0.16148269176483154, "8_48_72_04.jpg": 0.16006900370121002, "8_48_72_05.jpg": 0.15169204771518707}