{"8_68_96_01.jpg": 0.22133296728134155, "8_68_96_02.jpg": 0.14854097366333008, "8_68_96_03.jpg": 0.13484779000282288, "8_68_96_04.jpg": 0.12367162853479385, "8_68_96_05.jpg": 0.12250760197639465}