{"8_88_36_01.jpg": 0.2914712429046631, "8_88_36_02.jpg": 0.19141776859760284, "8_88_36_03.jpg": 0.17865300178527832, "8_88_36_04.jpg": 0.11425526440143585, "8_88_36_05.jpg": 0.10943391919136047}