{"8_36_96_01.jpg": 0.35372820496559143, "8_36_96_02.jpg": 0.29348936676979065, "8_36_96_03.jpg": 0.28085654973983765, "8_36_96_04.jpg": 0.21272504329681396, "8_36_96_05.jpg": 0.20038457214832306}