{"8_36_24_01.jpg": 0.3333505392074585, "8_36_24_02.jpg": 0.2695440351963043, "8_36_24_03.jpg": 0.2125311940908432, "8_36_24_04.jpg": 0.1964191198348999, "8_36_24_05.jpg": 0.16935285925865173}