{"8_28_40_01.jpg": 0.2123597115278244, "8_28_40_02.jpg": 0.16553139686584473, "8_28_40_03.jpg": 0.09482606500387192, "8_28_40_04.jpg": 0.09201700240373611, "8_28_40_05.jpg": 0.09006837010383606}