{"8_80_16_01.jpg": 0.376716673374176, "8_80_16_02.jpg": 0.2547477185726166, "8_80_16_03.jpg": 0.23794178664684296, "8_80_16_04.jpg": 0.2197573482990265, "8_80_16_05.jpg": 0.16978934407234192}