{"8_48_96_01.jpg": 0.2197883427143097, "8_48_96_02.jpg": 0.1454707831144333, "8_48_96_03.jpg": 0.14104783535003662, "8_48_96_04.jpg": 0.1216673031449318, "8_48_96_05.jpg": 0.11746129393577576}