{"8_76_88_01.jpg": 0.27631139755249023, "8_76_88_02.jpg": 0.23480994999408722, "8_76_88_03.jpg": 0.1764618158340454, "8_76_88_04.jpg": 0.146200031042099, "8_76_88_05.jpg": 0.12859894335269928}