{"8_100_44_01.jpg": 0.3306107223033905, "8_100_44_02.jpg": 0.2672406733036041, "8_100_44_03.jpg": 0.1845470815896988, "8_100_44_04.jpg": 0.16791662573814392, "8_100_44_05.jpg": 0.1671581268310547}