{"8_60_20_01.jpg": 0.3554445803165436, "8_60_20_02.jpg": 0.25067293643951416, "8_60_20_03.jpg": 0.15441446006298065, "8_60_20_04.jpg": 0.1510404795408249, "8_60_20_05.jpg": 0.13734689354896545}