{"8_36_56_01.jpg": 0.2788195013999939, "8_36_56_02.jpg": 0.163004070520401, "8_36_56_03.jpg": 0.15610475838184357, "8_36_56_04.jpg": 0.141972154378891, "8_36_56_05.jpg": 0.13477270305156708}