{"8_44_56_01.jpg": 0.3074716329574585, "8_44_56_02.jpg": 0.22711780667304993, "8_44_56_03.jpg": 0.21957412362098694, "8_44_56_04.jpg": 0.21354122459888458, "8_44_56_05.jpg": 0.19519054889678955}