{"8_24_40_01.jpg": 0.43413031101226807, "8_24_40_02.jpg": 0.36989307403564453, "8_24_40_03.jpg": 0.30813106894493103, "8_24_40_04.jpg": 0.2896990478038788, "8_24_40_05.jpg": 0.2595963478088379}