{"8_44_100_01.jpg": 0.4606858193874359, "8_44_100_02.jpg": 0.15928936004638672, "8_44_100_03.jpg": 0.10083875060081482, "8_44_100_04.jpg": 0.09688540548086166, "8_44_100_05.jpg": 0.0958029106259346}