{"8_48_68_01.jpg": 0.34182208776474, "8_48_68_02.jpg": 0.300332635641098, "8_48_68_03.jpg": 0.292658269405365, "8_48_68_04.jpg": 0.27188846468925476, "8_48_68_05.jpg": 0.26104867458343506}