{"8_24_76_01.jpg": 0.5775378346443176, "8_24_76_02.jpg": 0.3179660141468048, "8_24_76_03.jpg": 0.2901221811771393, "8_24_76_04.jpg": 0.22340510785579681, "8_24_76_05.jpg": 0.16086557507514954}