{"8_40_68_01.jpg": 0.466688334941864, "8_40_68_02.jpg": 0.2847513258457184, "8_40_68_03.jpg": 0.279466837644577, "8_40_68_04.jpg": 0.27474892139434814, "8_40_68_05.jpg": 0.22020021080970764}