{"8_32_40_01.jpg": 0.2872953712940216, "8_32_40_02.jpg": 0.28079378604888916, "8_32_40_03.jpg": 0.14531880617141724, "8_32_40_04.jpg": 0.1420714408159256, "8_32_40_05.jpg": 0.134918212890625}