{"8_52_88_01.jpg": 0.3118613362312317, "8_52_88_02.jpg": 0.2921149730682373, "8_52_88_03.jpg": 0.28990432620048523, "8_52_88_04.jpg": 0.27267134189605713, "8_52_88_05.jpg": 0.2691556513309479}