{"8_28_92_01.jpg": 0.18549956381320953, "8_28_92_02.jpg": 0.11663435399532318, "8_28_92_03.jpg": 0.10893988609313965, "8_28_92_04.jpg": 0.10024089366197586, "8_28_92_05.jpg": 0.09558454155921936}