{"8_52_12_01.jpg": 0.2705201208591461, "8_52_12_02.jpg": 0.22682227194309235, "8_52_12_03.jpg": 0.13454744219779968, "8_52_12_04.jpg": 0.12278041988611221, "8_52_12_05.jpg": 0.11026697605848312}