{"8_112_60_01.jpg": 0.28730523586273193, "8_112_60_02.jpg": 0.11641611158847809, "8_112_60_03.jpg": 0.1085260733962059, "8_112_60_04.jpg": 0.10331393778324127, "8_112_60_05.jpg": 0.10059284418821335}