{"8_80_20_01.jpg": 0.2616773545742035, "8_80_20_02.jpg": 0.19966650009155273, "8_80_20_03.jpg": 0.1588396281003952, "8_80_20_04.jpg": 0.13580162823200226, "8_80_20_05.jpg": 0.12586310505867004}