{"8_20_64_01.jpg": 0.3383212685585022, "8_20_64_02.jpg": 0.13171151280403137, "8_20_64_03.jpg": 0.12011289596557617, "8_20_64_04.jpg": 0.11080028116703033, "8_20_64_05.jpg": 0.10058382153511047}