{"8_76_84_01.jpg": 0.2743188440799713, "8_76_84_02.jpg": 0.25741416215896606, "8_76_84_03.jpg": 0.17580752074718475, "8_76_84_04.jpg": 0.17175807058811188, "8_76_84_05.jpg": 0.15954983234405518}