{"8_92_76_01.jpg": 0.32422107458114624, "8_92_76_02.jpg": 0.28331902623176575, "8_92_76_03.jpg": 0.2405383586883545, "8_92_76_04.jpg": 0.2063288539648056, "8_92_76_05.jpg": 0.18834403157234192}