{"8_32_100_01.jpg": 0.4027465581893921, "8_32_100_02.jpg": 0.3047376275062561, "8_32_100_03.jpg": 0.22392703592777252, "8_32_100_04.jpg": 0.19472980499267578, "8_32_100_05.jpg": 0.15163108706474304}