{"8_40_84_01.jpg": 0.29389283061027527, "8_40_84_02.jpg": 0.2568245828151703, "8_40_84_03.jpg": 0.1411583572626114, "8_40_84_04.jpg": 0.12980610132217407, "8_40_84_05.jpg": 0.1252661794424057}