{"8_60_44_01.jpg": 0.45147064328193665, "8_60_44_02.jpg": 0.38342025876045227, "8_60_44_03.jpg": 0.33112427592277527, "8_60_44_04.jpg": 0.2882547974586487, "8_60_44_05.jpg": 0.2595600485801697}