{"8_60_96_01.jpg": 0.26451587677001953, "8_60_96_02.jpg": 0.19330257177352905, "8_60_96_03.jpg": 0.16355600953102112, "8_60_96_04.jpg": 0.15274398028850555, "8_60_96_05.jpg": 0.1346716582775116}