{"8_36_44_01.jpg": 0.2980102598667145, "8_36_44_02.jpg": 0.29504165053367615, "8_36_44_03.jpg": 0.28673845529556274, "8_36_44_04.jpg": 0.253362774848938, "8_36_44_05.jpg": 0.2469140589237213}