{"8_48_56_01.jpg": 0.4409019649028778, "8_48_56_02.jpg": 0.20244470238685608, "8_48_56_03.jpg": 0.12613625824451447, "8_48_56_04.jpg": 0.11372725665569305, "8_48_56_05.jpg": 0.10252387821674347}