{"8_16_60_01.jpg": 0.3017345368862152, "8_16_60_02.jpg": 0.24122200906276703, "8_16_60_03.jpg": 0.22667695581912994, "8_16_60_04.jpg": 0.18693013489246368, "8_16_60_05.jpg": 0.18255189061164856}