{"8_84_28_01.jpg": 0.27756422758102417, "8_84_28_02.jpg": 0.1698993593454361, "8_84_28_03.jpg": 0.11250738054513931, "8_84_28_04.jpg": 0.11018012464046478, "8_84_28_05.jpg": 0.08891698718070984}