{"8_44_100_01.jpg": 0.55562424659729, "8_44_100_02.jpg": 0.33831876516342163, "8_44_100_03.jpg": 0.29631054401397705, "8_44_100_04.jpg": 0.23616571724414825, "8_44_100_05.jpg": 0.18318447470664978}