{"8_56_28_01.jpg": 0.2522014379501343, "8_56_28_02.jpg": 0.12072265893220901, "8_56_28_03.jpg": 0.11664152145385742, "8_56_28_04.jpg": 0.10725042223930359, "8_56_28_05.jpg": 0.10486877709627151}