{"8_52_84_01.jpg": 0.2663727402687073, "8_52_84_02.jpg": 0.21097582578659058, "8_52_84_03.jpg": 0.13588084280490875, "8_52_84_04.jpg": 0.12319303303956985, "8_52_84_05.jpg": 0.11514239758253098}