{"8_84_88_01.jpg": 0.22259165346622467, "8_84_88_02.jpg": 0.17605380713939667, "8_84_88_03.jpg": 0.17425769567489624, "8_84_88_04.jpg": 0.16597731411457062, "8_84_88_05.jpg": 0.14646035432815552}