{"8_28_100_01.jpg": 0.2694406509399414, "8_28_100_02.jpg": 0.22656109929084778, "8_28_100_03.jpg": 0.18447987735271454, "8_28_100_04.jpg": 0.16254809498786926, "8_28_100_05.jpg": 0.15010395646095276}