{"8_44_76_01.jpg": 0.3272222876548767, "8_44_76_02.jpg": 0.2564491331577301, "8_44_76_03.jpg": 0.25521183013916016, "8_44_76_04.jpg": 0.25141024589538574, "8_44_76_05.jpg": 0.21213553845882416}