{"8_80_72_01.jpg": 0.30466189980506897, "8_80_72_02.jpg": 0.25500914454460144, "8_80_72_03.jpg": 0.24294088780879974, "8_80_72_04.jpg": 0.16022981703281403, "8_80_72_05.jpg": 0.13769711554050446}