{"8_76_84_01.jpg": 0.2937999665737152, "8_76_84_02.jpg": 0.1550268828868866, "8_76_84_03.jpg": 0.13919200003147125, "8_76_84_04.jpg": 0.12512949109077454, "8_76_84_05.jpg": 0.11530540138483047}