{"8_64_104_01.jpg": 0.34083256125450134, "8_64_104_02.jpg": 0.22655858099460602, "8_64_104_03.jpg": 0.17932899296283722, "8_64_104_04.jpg": 0.1754392385482788, "8_64_104_05.jpg": 0.16121411323547363}