{"8_36_56_01.jpg": 0.34638693928718567, "8_36_56_02.jpg": 0.20143675804138184, "8_36_56_03.jpg": 0.17669418454170227, "8_36_56_04.jpg": 0.14628680050373077, "8_36_56_05.jpg": 0.13337811827659607}