{"8_48_104_01.jpg": 0.36115944385528564, "8_48_104_02.jpg": 0.23421503603458405, "8_48_104_03.jpg": 0.19986800849437714, "8_48_104_04.jpg": 0.18176600337028503, "8_48_104_05.jpg": 0.12374911457300186}