{"8_32_64_01.jpg": 0.35499846935272217, "8_32_64_02.jpg": 0.26589274406433105, "8_32_64_03.jpg": 0.23432709276676178, "8_32_64_04.jpg": 0.19049906730651855, "8_32_64_05.jpg": 0.15454766154289246}