{"8_80_76_01.jpg": 0.2667630910873413, "8_80_76_02.jpg": 0.21646219491958618, "8_80_76_03.jpg": 0.12278709560632706, "8_80_76_04.jpg": 0.12015983462333679, "8_80_76_05.jpg": 0.1195313110947609}