{"8_64_100_01.jpg": 0.30937856435775757, "8_64_100_02.jpg": 0.27908244729042053, "8_64_100_03.jpg": 0.23438403010368347, "8_64_100_04.jpg": 0.10837399214506149, "8_64_100_05.jpg": 0.09731581062078476}