{"8_44_72_01.jpg": 0.39058616757392883, "8_44_72_02.jpg": 0.22772526741027832, "8_44_72_03.jpg": 0.221299946308136, "8_44_72_04.jpg": 0.21731631457805634, "8_44_72_05.jpg": 0.2160521149635315}