{"8_20_20_01.jpg": 0.40807685256004333, "8_20_20_02.jpg": 0.3201819658279419, "8_20_20_03.jpg": 0.30934983491897583, "8_20_20_04.jpg": 0.29598018527030945, "8_20_20_05.jpg": 0.24785152077674866}