{"8_32_72_01.jpg": 0.2496478110551834, "8_32_72_02.jpg": 0.18482036888599396, "8_32_72_03.jpg": 0.16163864731788635, "8_32_72_04.jpg": 0.16105373203754425, "8_32_72_05.jpg": 0.12853768467903137}