{"8_32_100_01.jpg": 0.2759001553058624, "8_32_100_02.jpg": 0.15341420471668243, "8_32_100_03.jpg": 0.13632217049598694, "8_32_100_04.jpg": 0.12680383026599884, "8_32_100_05.jpg": 0.1182219535112381}