{"8_60_64_01.jpg": 0.33902981877326965, "8_60_64_02.jpg": 0.23195131123065948, "8_60_64_03.jpg": 0.19126784801483154, "8_60_64_04.jpg": 0.17039944231510162, "8_60_64_05.jpg": 0.14258618652820587}