{"8_40_76_01.jpg": 0.5064437985420227, "8_40_76_02.jpg": 0.2588058114051819, "8_40_76_03.jpg": 0.21066580712795258, "8_40_76_04.jpg": 0.18414649367332458, "8_40_76_05.jpg": 0.1692906767129898}