{"8_40_80_01.jpg": 0.33567696809768677, "8_40_80_02.jpg": 0.21562248468399048, "8_40_80_03.jpg": 0.18870438635349274, "8_40_80_04.jpg": 0.1879734843969345, "8_40_80_05.jpg": 0.17868661880493164}