{"8_48_64_01.jpg": 0.2663656175136566, "8_48_64_02.jpg": 0.17372316122055054, "8_48_64_03.jpg": 0.16157038509845734, "8_48_64_04.jpg": 0.15633006393909454, "8_48_64_05.jpg": 0.15623879432678223}