{"8_84_80_01.jpg": 0.41516512632369995, "8_84_80_02.jpg": 0.3413711488246918, "8_84_80_03.jpg": 0.29197537899017334, "8_84_80_04.jpg": 0.28898918628692627, "8_84_80_05.jpg": 0.27259159088134766}