{"8_64_44_01.jpg": 0.5807280540466309, "8_64_44_02.jpg": 0.23978191614151, "8_64_44_03.jpg": 0.2207515388727188, "8_64_44_04.jpg": 0.21363244950771332, "8_64_44_05.jpg": 0.1948079913854599}