{"8_32_44_01.jpg": 0.3345273435115814, "8_32_44_02.jpg": 0.19730788469314575, "8_32_44_03.jpg": 0.17609722912311554, "8_32_44_04.jpg": 0.14746101200580597, "8_32_44_05.jpg": 0.13038501143455505}