{"8_36_16_01.jpg": 0.41342222690582275, "8_36_16_02.jpg": 0.212099090218544, "8_36_16_03.jpg": 0.188075453042984, "8_36_16_04.jpg": 0.15085461735725403, "8_36_16_05.jpg": 0.14583298563957214}