{"8_68_28_01.jpg": 0.44103744626045227, "8_68_28_02.jpg": 0.24554221332073212, "8_68_28_03.jpg": 0.19674041867256165, "8_68_28_04.jpg": 0.19021031260490417, "8_68_28_05.jpg": 0.18046535551548004}