{"8_68_36_01.jpg": 0.37636032700538635, "8_68_36_02.jpg": 0.1919986456632614, "8_68_36_03.jpg": 0.17350530624389648, "8_68_36_04.jpg": 0.1336771845817566, "8_68_36_05.jpg": 0.11740253120660782}