{"8_96_64_01.jpg": 0.29918530583381653, "8_96_64_02.jpg": 0.18573829531669617, "8_96_64_03.jpg": 0.18300984799861908, "8_96_64_04.jpg": 0.14510130882263184, "8_96_64_05.jpg": 0.11992350965738297}