{"8_68_100_01.jpg": 0.31511446833610535, "8_68_100_02.jpg": 0.21617689728736877, "8_68_100_03.jpg": 0.14231446385383606, "8_68_100_04.jpg": 0.13989613950252533, "8_68_100_05.jpg": 0.13360506296157837}