{"8_56_56_01.jpg": 0.2612052261829376, "8_56_56_02.jpg": 0.21970003843307495, "8_56_56_03.jpg": 0.1564292311668396, "8_56_56_04.jpg": 0.14850719273090363, "8_56_56_05.jpg": 0.12747499346733093}