{"8_40_84_01.jpg": 0.31115320324897766, "8_40_84_02.jpg": 0.2548103630542755, "8_40_84_03.jpg": 0.23454852402210236, "8_40_84_04.jpg": 0.21933341026306152, "8_40_84_05.jpg": 0.19103051722049713}