{"8_80_36_01.jpg": 0.3123146593570709, "8_80_36_02.jpg": 0.23876649141311646, "8_80_36_03.jpg": 0.21639269590377808, "8_80_36_04.jpg": 0.16718168556690216, "8_80_36_05.jpg": 0.16559840738773346}