{"8_20_24_01.jpg": 0.2806187868118286, "8_20_24_02.jpg": 0.24227413535118103, "8_20_24_03.jpg": 0.21393711864948273, "8_20_24_04.jpg": 0.21030378341674805, "8_20_24_05.jpg": 0.17528334259986877}