{"8_36_64_01.jpg": 0.2963504493236542, "8_36_64_02.jpg": 0.1635703444480896, "8_36_64_03.jpg": 0.15994183719158173, "8_36_64_04.jpg": 0.1477111428976059, "8_36_64_05.jpg": 0.14221446216106415}