{"8_16_44_01.jpg": 0.3960329294204712, "8_16_44_02.jpg": 0.21669156849384308, "8_16_44_03.jpg": 0.1521373689174652, "8_16_44_04.jpg": 0.13652737438678741, "8_16_44_05.jpg": 0.11287205666303635}