{"8_36_44_01.jpg": 0.604019284248352, "8_36_44_02.jpg": 0.38824382424354553, "8_36_44_03.jpg": 0.31437328457832336, "8_36_44_04.jpg": 0.30582162737846375, "8_36_44_05.jpg": 0.28021758794784546}