{"8_68_100_01.jpg": 0.2581137418746948, "8_68_100_02.jpg": 0.15545159578323364, "8_68_100_03.jpg": 0.15344145894050598, "8_68_100_04.jpg": 0.1494400054216385, "8_68_100_05.jpg": 0.1144489198923111}