{"8_96_68_01.jpg": 0.3289186358451843, "8_96_68_02.jpg": 0.08335983008146286, "8_96_68_03.jpg": 0.06791719049215317, "8_96_68_04.jpg": 0.06016158685088158, "8_96_68_05.jpg": 0.056010086089372635}