{"8_40_76_01.jpg": 0.3160576820373535, "8_40_76_02.jpg": 0.19351038336753845, "8_40_76_03.jpg": 0.14395934343338013, "8_40_76_04.jpg": 0.1429426372051239, "8_40_76_05.jpg": 0.13534145057201385}