{"8_32_28_01.jpg": 0.41736236214637756, "8_32_28_02.jpg": 0.21417424082756042, "8_32_28_03.jpg": 0.13602080941200256, "8_32_28_04.jpg": 0.13372783362865448, "8_32_28_05.jpg": 0.12132856994867325}