{"8_76_52_01.jpg": 0.35924598574638367, "8_76_52_02.jpg": 0.22500991821289062, "8_76_52_03.jpg": 0.14750131964683533, "8_76_52_04.jpg": 0.10249660909175873, "8_76_52_05.jpg": 0.0937894731760025}