{"8_68_56_01.jpg": 0.2882380187511444, "8_68_56_02.jpg": 0.2109282910823822, "8_68_56_03.jpg": 0.13455075025558472, "8_68_56_04.jpg": 0.11520261317491531, "8_68_56_05.jpg": 0.07633143663406372}