{"8_52_40_01.jpg": 0.31841087341308594, "8_52_40_02.jpg": 0.17323821783065796, "8_52_40_03.jpg": 0.15187595784664154, "8_52_40_04.jpg": 0.14821992814540863, "8_52_40_05.jpg": 0.14380842447280884}