{"8_60_36_01.jpg": 0.588874876499176, "8_60_36_02.jpg": 0.4451899826526642, "8_60_36_03.jpg": 0.31788039207458496, "8_60_36_04.jpg": 0.31131529808044434, "8_60_36_05.jpg": 0.26461949944496155}