{"8_80_20_01.jpg": 0.40712693333625793, "8_80_20_02.jpg": 0.32699522376060486, "8_80_20_03.jpg": 0.2784234881401062, "8_80_20_04.jpg": 0.25055554509162903, "8_80_20_05.jpg": 0.18534068763256073}