{"8_32_88_01.jpg": 0.28323107957839966, "8_32_88_02.jpg": 0.27759021520614624, "8_32_88_03.jpg": 0.14382578432559967, "8_32_88_04.jpg": 0.13724927604198456, "8_32_88_05.jpg": 0.10358265042304993}