{"8_68_76_01.jpg": 0.23483650386333466, "8_68_76_02.jpg": 0.19207024574279785, "8_68_76_03.jpg": 0.18853941559791565, "8_68_76_04.jpg": 0.18835656344890594, "8_68_76_05.jpg": 0.131366565823555}