{"8_8_48_01.jpg": 0.3236212730407715, "8_8_48_02.jpg": 0.276516854763031, "8_8_48_03.jpg": 0.21518325805664062, "8_8_48_04.jpg": 0.19096991419792175, "8_8_48_05.jpg": 0.13254019618034363}