{"8_44_28_01.jpg": 0.21072342991828918, "8_44_28_02.jpg": 0.18946503102779388, "8_44_28_03.jpg": 0.15166549384593964, "8_44_28_04.jpg": 0.15136082470417023, "8_44_28_05.jpg": 0.1306881606578827}