{"8_76_20_01.jpg": 0.30236467719078064, "8_76_20_02.jpg": 0.24606359004974365, "8_76_20_03.jpg": 0.18996919691562653, "8_76_20_04.jpg": 0.17337116599082947, "8_76_20_05.jpg": 0.13600945472717285}