{"8_56_12_01.jpg": 0.27996644377708435, "8_56_12_02.jpg": 0.16258147358894348, "8_56_12_03.jpg": 0.16214555501937866, "8_56_12_04.jpg": 0.12922638654708862, "8_56_12_05.jpg": 0.11024622619152069}