{"8_48_20_01.jpg": 0.30414268374443054, "8_48_20_02.jpg": 0.2524794936180115, "8_48_20_03.jpg": 0.23526181280612946, "8_48_20_04.jpg": 0.19738146662712097, "8_48_20_05.jpg": 0.14328235387802124}