{"8_104_48_01.jpg": 0.3997175991535187, "8_104_48_02.jpg": 0.20748619735240936, "8_104_48_03.jpg": 0.1521860808134079, "8_104_48_04.jpg": 0.14136230945587158, "8_104_48_05.jpg": 0.12380468100309372}