{"8_96_88_01.jpg": 0.2670992314815521, "8_96_88_02.jpg": 0.20125530660152435, "8_96_88_03.jpg": 0.17334142327308655, "8_96_88_04.jpg": 0.1433825045824051, "8_96_88_05.jpg": 0.11782348901033401}