{"8_96_64_01.jpg": 0.3643947243690491, "8_96_64_02.jpg": 0.11384318768978119, "8_96_64_03.jpg": 0.11256256699562073, "8_96_64_04.jpg": 0.10338811576366425, "8_96_64_05.jpg": 0.09758599102497101}