{"8_60_60_01.jpg": 0.5280342102050781, "8_60_60_02.jpg": 0.2583414614200592, "8_60_60_03.jpg": 0.22917036712169647, "8_60_60_04.jpg": 0.21127687394618988, "8_60_60_05.jpg": 0.20982098579406738}