{"8_12_48_01.jpg": 0.29296398162841797, "8_12_48_02.jpg": 0.23870040476322174, "8_12_48_03.jpg": 0.12058868259191513, "8_12_48_04.jpg": 0.1126808151602745, "8_12_48_05.jpg": 0.10563702881336212}