{"8_8_60_01.jpg": 0.36400264501571655, "8_8_60_02.jpg": 0.2737697958946228, "8_8_60_03.jpg": 0.24145781993865967, "8_8_60_04.jpg": 0.18624331057071686, "8_8_60_05.jpg": 0.15173093974590302}