{"8_100_48_01.jpg": 0.4170999825000763, "8_100_48_02.jpg": 0.3661324679851532, "8_100_48_03.jpg": 0.2782396078109741, "8_100_48_04.jpg": 0.2707710266113281, "8_100_48_05.jpg": 0.22010785341262817}