{"8_40_88_01.jpg": 0.35545462369918823, "8_40_88_02.jpg": 0.3094004690647125, "8_40_88_03.jpg": 0.290905624628067, "8_40_88_04.jpg": 0.22997316718101501, "8_40_88_05.jpg": 0.2094944715499878}