{"8_28_92_01.jpg": 0.34682559967041016, "8_28_92_02.jpg": 0.20123302936553955, "8_28_92_03.jpg": 0.1764720380306244, "8_28_92_04.jpg": 0.15558315813541412, "8_28_92_05.jpg": 0.13206394016742706}