{"8_96_68_01.jpg": 0.25722751021385193, "8_96_68_02.jpg": 0.2089654505252838, "8_96_68_03.jpg": 0.12514667212963104, "8_96_68_04.jpg": 0.12356515228748322, "8_96_68_05.jpg": 0.12052802741527557}