{"8_32_20_01.jpg": 0.536348283290863, "8_32_20_02.jpg": 0.29223158955574036, "8_32_20_03.jpg": 0.21688108146190643, "8_32_20_04.jpg": 0.2166849970817566, "8_32_20_05.jpg": 0.1568075567483902}