{"8_56_92_01.jpg": 0.35270118713378906, "8_56_92_02.jpg": 0.1541113257408142, "8_56_92_03.jpg": 0.14198747277259827, "8_56_92_04.jpg": 0.1389242708683014, "8_56_92_05.jpg": 0.13524846732616425}