{"8_40_96_01.jpg": 0.4309644401073456, "8_40_96_02.jpg": 0.25182268023490906, "8_40_96_03.jpg": 0.19115012884140015, "8_40_96_04.jpg": 0.1708277016878128, "8_40_96_05.jpg": 0.16303756833076477}