{"8_20_84_01.jpg": 0.41955113410949707, "8_20_84_02.jpg": 0.38806813955307007, "8_20_84_03.jpg": 0.2678482234477997, "8_20_84_04.jpg": 0.22573910653591156, "8_20_84_05.jpg": 0.21504761278629303}