{"8_76_68_01.jpg": 0.2871389091014862, "8_76_68_02.jpg": 0.20406441390514374, "8_76_68_03.jpg": 0.16578498482704163, "8_76_68_04.jpg": 0.142888605594635, "8_76_68_05.jpg": 0.12488456070423126}