{"8_44_80_01.jpg": 0.2797187566757202, "8_44_80_02.jpg": 0.2502114176750183, "8_44_80_03.jpg": 0.12271931022405624, "8_44_80_04.jpg": 0.12126822024583817, "8_44_80_05.jpg": 0.11201898753643036}