{"8_60_40_01.jpg": 0.3746742308139801, "8_60_40_02.jpg": 0.25231707096099854, "8_60_40_03.jpg": 0.23260486125946045, "8_60_40_04.jpg": 0.19392597675323486, "8_60_40_05.jpg": 0.1929292231798172}