{"8_12_44_01.jpg": 0.5046697854995728, "8_12_44_02.jpg": 0.25194522738456726, "8_12_44_03.jpg": 0.24748289585113525, "8_12_44_04.jpg": 0.20956812798976898, "8_12_44_05.jpg": 0.20869223773479462}