{"8_104_52_01.jpg": 0.29617512226104736, "8_104_52_02.jpg": 0.23690223693847656, "8_104_52_03.jpg": 0.22890259325504303, "8_104_52_04.jpg": 0.15939152240753174, "8_104_52_05.jpg": 0.10552194714546204}