{"8_92_56_01.jpg": 0.21315307915210724, "8_92_56_02.jpg": 0.18802250921726227, "8_92_56_03.jpg": 0.1676536202430725, "8_92_56_04.jpg": 0.16206851601600647, "8_92_56_05.jpg": 0.15114648640155792}