{"8_84_88_01.jpg": 0.31706100702285767, "8_84_88_02.jpg": 0.25572457909584045, "8_84_88_03.jpg": 0.2146175354719162, "8_84_88_04.jpg": 0.19236724078655243, "8_84_88_05.jpg": 0.17580541968345642}