{"8_48_32_01.jpg": 0.4180693030357361, "8_48_32_02.jpg": 0.3877725601196289, "8_48_32_03.jpg": 0.2939152419567108, "8_48_32_04.jpg": 0.21516945958137512, "8_48_32_05.jpg": 0.21164678037166595}