{"8_56_8_01.jpg": 0.28729212284088135, "8_56_8_02.jpg": 0.22082585096359253, "8_56_8_03.jpg": 0.1982685923576355, "8_56_8_04.jpg": 0.1560349017381668, "8_56_8_05.jpg": 0.15583133697509766}