{"8_20_36_01.jpg": 0.4429531693458557, "8_20_36_02.jpg": 0.38078755140304565, "8_20_36_03.jpg": 0.25097399950027466, "8_20_36_04.jpg": 0.2133277803659439, "8_20_36_05.jpg": 0.16521471738815308}