{"8_32_48_01.jpg": 0.17098446190357208, "8_32_48_02.jpg": 0.15974242985248566, "8_32_48_03.jpg": 0.11287057399749756, "8_32_48_04.jpg": 0.10576815903186798, "8_32_48_05.jpg": 0.08836563676595688}