{"8_84_72_01.jpg": 0.2418401837348938, "8_84_72_02.jpg": 0.1484137773513794, "8_84_72_03.jpg": 0.14737704396247864, "8_84_72_04.jpg": 0.1252867728471756, "8_84_72_05.jpg": 0.10082094371318817}