{"8_92_60_01.jpg": 0.40328922867774963, "8_92_60_02.jpg": 0.2489742636680603, "8_92_60_03.jpg": 0.17511233687400818, "8_92_60_04.jpg": 0.161672443151474, "8_92_60_05.jpg": 0.16015712916851044}