{"8_68_52_01.jpg": 0.3335217535495758, "8_68_52_02.jpg": 0.28260403871536255, "8_68_52_03.jpg": 0.20823204517364502, "8_68_52_04.jpg": 0.20273379981517792, "8_68_52_05.jpg": 0.20264559984207153}