{"8_84_40_01.jpg": 0.4558309018611908, "8_84_40_02.jpg": 0.39055269956588745, "8_84_40_03.jpg": 0.2816634178161621, "8_84_40_04.jpg": 0.23722466826438904, "8_84_40_05.jpg": 0.20839741826057434}