{"8_16_40_01.jpg": 0.29141324758529663, "8_16_40_02.jpg": 0.2756330966949463, "8_16_40_03.jpg": 0.18922309577465057, "8_16_40_04.jpg": 0.1848907470703125, "8_16_40_05.jpg": 0.1744508147239685}