{"8_72_8_01.jpg": 0.35065558552742004, "8_72_8_02.jpg": 0.25513970851898193, "8_72_8_03.jpg": 0.21244819462299347, "8_72_8_04.jpg": 0.19257335364818573, "8_72_8_05.jpg": 0.1899900734424591}