{"8_36_12_01.jpg": 0.4158383011817932, "8_36_12_02.jpg": 0.2569149136543274, "8_36_12_03.jpg": 0.2257055789232254, "8_36_12_04.jpg": 0.18158388137817383, "8_36_12_05.jpg": 0.17723627388477325}