{"8_48_80_01.jpg": 0.3081373870372772, "8_48_80_02.jpg": 0.19007278978824615, "8_48_80_03.jpg": 0.16687236726284027, "8_48_80_04.jpg": 0.1318163126707077, "8_48_80_05.jpg": 0.11117956042289734}