{"8_76_40_01.jpg": 0.31235918402671814, "8_76_40_02.jpg": 0.20526959002017975, "8_76_40_03.jpg": 0.19775667786598206, "8_76_40_04.jpg": 0.18158896267414093, "8_76_40_05.jpg": 0.14550210535526276}