{"8_80_32_01.jpg": 0.2715800702571869, "8_80_32_02.jpg": 0.170636385679245, "8_80_32_03.jpg": 0.16724364459514618, "8_80_32_04.jpg": 0.14714258909225464, "8_80_32_05.jpg": 0.13795791566371918}