{"8_24_84_01.jpg": 0.3258305788040161, "8_24_84_02.jpg": 0.14601072669029236, "8_24_84_03.jpg": 0.14384445548057556, "8_24_84_04.jpg": 0.11803160607814789, "8_24_84_05.jpg": 0.1144241914153099}