{"8_72_96_01.jpg": 0.2871500551700592, "8_72_96_02.jpg": 0.2695755660533905, "8_72_96_03.jpg": 0.24332042038440704, "8_72_96_04.jpg": 0.18123303353786469, "8_72_96_05.jpg": 0.1516834944486618}