{"8_72_12_01.jpg": 0.3963082432746887, "8_72_12_02.jpg": 0.2776390016078949, "8_72_12_03.jpg": 0.1642683446407318, "8_72_12_04.jpg": 0.1414603590965271, "8_72_12_05.jpg": 0.13729842007160187}