{"8_84_88_01.jpg": 0.22942721843719482, "8_84_88_02.jpg": 0.13474105298519135, "8_84_88_03.jpg": 0.11817288398742676, "8_84_88_04.jpg": 0.117058165371418, "8_84_88_05.jpg": 0.10413883626461029}