{"8_32_20_01.jpg": 0.24585679173469543, "8_32_20_02.jpg": 0.18131880462169647, "8_32_20_03.jpg": 0.1633029729127884, "8_32_20_04.jpg": 0.15184266865253448, "8_32_20_05.jpg": 0.1513805240392685}