{"8_72_48_01.jpg": 0.2091745287179947, "8_72_48_02.jpg": 0.1182030588388443, "8_72_48_03.jpg": 0.1014610230922699, "8_72_48_04.jpg": 0.09888771921396255, "8_72_48_05.jpg": 0.08786952495574951}