{"8_24_92_01.jpg": 0.29857102036476135, "8_24_92_02.jpg": 0.18156616389751434, "8_24_92_03.jpg": 0.1652064025402069, "8_24_92_04.jpg": 0.13801151514053345, "8_24_92_05.jpg": 0.11333449929952621}