{"8_52_84_01.jpg": 0.4372740685939789, "8_52_84_02.jpg": 0.31427544355392456, "8_52_84_03.jpg": 0.2816326320171356, "8_52_84_04.jpg": 0.23134845495224, "8_52_84_05.jpg": 0.2243376225233078}