{"8_16_40_01.jpg": 0.26323455572128296, "8_16_40_02.jpg": 0.19548970460891724, "8_16_40_03.jpg": 0.19447019696235657, "8_16_40_04.jpg": 0.17945963144302368, "8_16_40_05.jpg": 0.15902312099933624}