{"8_32_72_01.jpg": 0.2818339169025421, "8_32_72_02.jpg": 0.1589084416627884, "8_32_72_03.jpg": 0.13898780941963196, "8_32_72_04.jpg": 0.12271768599748611, "8_32_72_05.jpg": 0.08670000731945038}