{"8_28_76_01.jpg": 0.4501785933971405, "8_28_76_02.jpg": 0.41292452812194824, "8_28_76_03.jpg": 0.332369863986969, "8_28_76_04.jpg": 0.3318502604961395, "8_28_76_05.jpg": 0.19417326152324677}