{"8_44_88_01.jpg": 0.5484815835952759, "8_44_88_02.jpg": 0.37877437472343445, "8_44_88_03.jpg": 0.3446468114852905, "8_44_88_04.jpg": 0.27963772416114807, "8_44_88_05.jpg": 0.23954367637634277}