{"8_32_16_01.jpg": 0.3972592055797577, "8_32_16_02.jpg": 0.2619973123073578, "8_32_16_03.jpg": 0.2324545532464981, "8_32_16_04.jpg": 0.18095038831233978, "8_32_16_05.jpg": 0.1704440414905548}