{"8_52_96_01.jpg": 0.2533554434776306, "8_52_96_02.jpg": 0.2524149417877197, "8_52_96_03.jpg": 0.2135062962770462, "8_52_96_04.jpg": 0.18496647477149963, "8_52_96_05.jpg": 0.12738993763923645}