{"8_36_20_01.jpg": 0.45570141077041626, "8_36_20_02.jpg": 0.3010023534297943, "8_36_20_03.jpg": 0.2977387309074402, "8_36_20_04.jpg": 0.2319163978099823, "8_36_20_05.jpg": 0.15014435350894928}