{"8_68_24_01.jpg": 0.31813350319862366, "8_68_24_02.jpg": 0.2708359658718109, "8_68_24_03.jpg": 0.25592026114463806, "8_68_24_04.jpg": 0.22640672326087952, "8_68_24_05.jpg": 0.162094384431839}