{"8_64_52_01.jpg": 0.33100426197052, "8_64_52_02.jpg": 0.27009230852127075, "8_64_52_03.jpg": 0.16963130235671997, "8_64_52_04.jpg": 0.15455006062984467, "8_64_52_05.jpg": 0.07385586947202682}