{"8_48_32_01.jpg": 0.4117060601711273, "8_48_32_02.jpg": 0.35133594274520874, "8_48_32_03.jpg": 0.2091248780488968, "8_48_32_04.jpg": 0.2015310823917389, "8_48_32_05.jpg": 0.150898739695549}