{"8_20_64_01.jpg": 0.33723145723342896, "8_20_64_02.jpg": 0.19498063623905182, "8_20_64_03.jpg": 0.17926128208637238, "8_20_64_04.jpg": 0.13310128450393677, "8_20_64_05.jpg": 0.1215224638581276}