{"8_52_12_01.jpg": 0.3413078784942627, "8_52_12_02.jpg": 0.15736685693264008, "8_52_12_03.jpg": 0.12409606575965881, "8_52_12_04.jpg": 0.12318111211061478, "8_52_12_05.jpg": 0.11849009990692139}