{"8_52_88_01.jpg": 0.3694165050983429, "8_52_88_02.jpg": 0.348756343126297, "8_52_88_03.jpg": 0.3175312280654907, "8_52_88_04.jpg": 0.23477314412593842, "8_52_88_05.jpg": 0.1913134604692459}