{"8_20_60_01.jpg": 0.32784703373908997, "8_20_60_02.jpg": 0.14679142832756042, "8_20_60_03.jpg": 0.08767373859882355, "8_20_60_04.jpg": 0.07878260314464569, "8_20_60_05.jpg": 0.07280942797660828}