{"8_48_88_01.jpg": 0.3845203220844269, "8_48_88_02.jpg": 0.3404819667339325, "8_48_88_03.jpg": 0.32911235094070435, "8_48_88_04.jpg": 0.2534102499485016, "8_48_88_05.jpg": 0.1853950023651123}