{"8_48_40_01.jpg": 0.4332253932952881, "8_48_40_02.jpg": 0.3177171051502228, "8_48_40_03.jpg": 0.3013405203819275, "8_48_40_04.jpg": 0.2592838704586029, "8_48_40_05.jpg": 0.2540469765663147}