{"8_40_12_01.jpg": 0.3857382535934448, "8_40_12_02.jpg": 0.3791801333427429, "8_40_12_03.jpg": 0.2895236909389496, "8_40_12_04.jpg": 0.20982128381729126, "8_40_12_05.jpg": 0.19287094473838806}