{"8_24_68_01.jpg": 0.3803968131542206, "8_24_68_02.jpg": 0.3141095042228699, "8_24_68_03.jpg": 0.27091291546821594, "8_24_68_04.jpg": 0.231780543923378, "8_24_68_05.jpg": 0.21465934813022614}