{"8_68_32_01.jpg": 0.2729015648365021, "8_68_32_02.jpg": 0.15993709862232208, "8_68_32_03.jpg": 0.1334669589996338, "8_68_32_04.jpg": 0.13034117221832275, "8_68_32_05.jpg": 0.11845220625400543}