{"8_96_44_01.jpg": 0.5074909329414368, "8_96_44_02.jpg": 0.33825933933258057, "8_96_44_03.jpg": 0.25760918855667114, "8_96_44_04.jpg": 0.1922551393508911, "8_96_44_05.jpg": 0.17222850024700165}