{"8_76_100_01.jpg": 0.23441773653030396, "8_76_100_02.jpg": 0.16303808987140656, "8_76_100_03.jpg": 0.1285851150751114, "8_76_100_04.jpg": 0.12517236173152924, "8_76_100_05.jpg": 0.11231734603643417}