{"8_36_40_01.jpg": 0.2723314166069031, "8_36_40_02.jpg": 0.18544650077819824, "8_36_40_03.jpg": 0.14625373482704163, "8_36_40_04.jpg": 0.14328764379024506, "8_36_40_05.jpg": 0.12906819581985474}