{"8_64_28_01.jpg": 0.6184585094451904, "8_64_28_02.jpg": 0.4504694640636444, "8_64_28_03.jpg": 0.3791283667087555, "8_64_28_04.jpg": 0.2668999433517456, "8_64_28_05.jpg": 0.24894559383392334}