{"8_20_44_01.jpg": 0.458568274974823, "8_20_44_02.jpg": 0.23768086731433868, "8_20_44_03.jpg": 0.23229926824569702, "8_20_44_04.jpg": 0.21721935272216797, "8_20_44_05.jpg": 0.20835071802139282}