{"8_48_56_01.jpg": 0.3650345206260681, "8_48_56_02.jpg": 0.2293253093957901, "8_48_56_03.jpg": 0.13989023864269257, "8_48_56_04.jpg": 0.13423274457454681, "8_48_56_05.jpg": 0.12182731926441193}