{"8_32_52_01.jpg": 0.2541002631187439, "8_32_52_02.jpg": 0.1961786150932312, "8_32_52_03.jpg": 0.12659485638141632, "8_32_52_04.jpg": 0.12148157507181168, "8_32_52_05.jpg": 0.11743521690368652}