{"8_20_36_01.jpg": 0.35713887214660645, "8_20_36_02.jpg": 0.2802201509475708, "8_20_36_03.jpg": 0.24576936662197113, "8_20_36_04.jpg": 0.24398082494735718, "8_20_36_05.jpg": 0.2105357050895691}