{"8_88_48_01.jpg": 0.45626693964004517, "8_88_48_02.jpg": 0.3904610276222229, "8_88_48_03.jpg": 0.34444236755371094, "8_88_48_04.jpg": 0.1055678054690361, "8_88_48_05.jpg": 0.10334526747465134}