{"8_100_56_01.jpg": 0.4865378439426422, "8_100_56_02.jpg": 0.2532413601875305, "8_100_56_03.jpg": 0.1838451474905014, "8_100_56_04.jpg": 0.15851598978042603, "8_100_56_05.jpg": 0.14577209949493408}