{"8_24_44_01.jpg": 0.258986234664917, "8_24_44_02.jpg": 0.18571782112121582, "8_24_44_03.jpg": 0.1835298091173172, "8_24_44_04.jpg": 0.14329247176647186, "8_24_44_05.jpg": 0.13215705752372742}