{"8_68_20_01.jpg": 0.4332065284252167, "8_68_20_02.jpg": 0.43196386098861694, "8_68_20_03.jpg": 0.37955084443092346, "8_68_20_04.jpg": 0.3619116246700287, "8_68_20_05.jpg": 0.3442109227180481}