{"8_24_68_01.jpg": 0.3607083261013031, "8_24_68_02.jpg": 0.27272099256515503, "8_24_68_03.jpg": 0.1882571130990982, "8_24_68_04.jpg": 0.16420294344425201, "8_24_68_05.jpg": 0.15381179749965668}