{"8_52_100_01.jpg": 0.5904596447944641, "8_52_100_02.jpg": 0.2722477912902832, "8_52_100_03.jpg": 0.25057849287986755, "8_52_100_04.jpg": 0.23812322318553925, "8_52_100_05.jpg": 0.208304762840271}