{"8_56_28_01.jpg": 0.4402560591697693, "8_56_28_02.jpg": 0.4016799330711365, "8_56_28_03.jpg": 0.39058059453964233, "8_56_28_04.jpg": 0.38556888699531555, "8_56_28_05.jpg": 0.22481825947761536}