{"8_64_16_01.jpg": 0.28904959559440613, "8_64_16_02.jpg": 0.2585226595401764, "8_64_16_03.jpg": 0.23013056814670563, "8_64_16_04.jpg": 0.14908818900585175, "8_64_16_05.jpg": 0.14186948537826538}