{"8_60_52_01.jpg": 0.3097876012325287, "8_60_52_02.jpg": 0.1109473705291748, "8_60_52_03.jpg": 0.08945586532354355, "8_60_52_04.jpg": 0.07843436300754547, "8_60_52_05.jpg": 0.07736581563949585}