{"8_60_12_01.jpg": 0.25140178203582764, "8_60_12_02.jpg": 0.1578853279352188, "8_60_12_03.jpg": 0.15161651372909546, "8_60_12_04.jpg": 0.13927653431892395, "8_60_12_05.jpg": 0.12529122829437256}