{"8_36_12_01.jpg": 0.2154497355222702, "8_36_12_02.jpg": 0.1341005563735962, "8_36_12_03.jpg": 0.1306060403585434, "8_36_12_04.jpg": 0.1280403435230255, "8_36_12_05.jpg": 0.09775862842798233}