{"8_60_52_01.jpg": 0.2879180908203125, "8_60_52_02.jpg": 0.16216211020946503, "8_60_52_03.jpg": 0.149337500333786, "8_60_52_04.jpg": 0.14132249355316162, "8_60_52_05.jpg": 0.13068018853664398}