{"8_40_64_01.jpg": 0.2964477837085724, "8_40_64_02.jpg": 0.2692823112010956, "8_40_64_03.jpg": 0.2612428069114685, "8_40_64_04.jpg": 0.2334715574979782, "8_40_64_05.jpg": 0.14370764791965485}