{"8_36_20_01.jpg": 0.30773887038230896, "8_36_20_02.jpg": 0.12372934073209763, "8_36_20_03.jpg": 0.0972769632935524, "8_36_20_04.jpg": 0.07986599951982498, "8_36_20_05.jpg": 0.07617288827896118}