{"8_92_76_01.jpg": 0.3299821615219116, "8_92_76_02.jpg": 0.16996517777442932, "8_92_76_03.jpg": 0.16586346924304962, "8_92_76_04.jpg": 0.14341238141059875, "8_92_76_05.jpg": 0.11318011581897736}