{"8_24_44_01.jpg": 0.3145662248134613, "8_24_44_02.jpg": 0.3073415756225586, "8_24_44_03.jpg": 0.22282786667346954, "8_24_44_04.jpg": 0.20613983273506165, "8_24_44_05.jpg": 0.19353103637695312}