{"8_52_84_01.jpg": 0.3348254859447479, "8_52_84_02.jpg": 0.3348243534564972, "8_52_84_03.jpg": 0.27238109707832336, "8_52_84_04.jpg": 0.22641366720199585, "8_52_84_05.jpg": 0.22487805783748627}