{"8_32_80_01.jpg": 0.33832651376724243, "8_32_80_02.jpg": 0.19614313542842865, "8_32_80_03.jpg": 0.1413104385137558, "8_32_80_04.jpg": 0.1235801950097084, "8_32_80_05.jpg": 0.12348456680774689}