{"8_56_40_01.jpg": 0.2955796718597412, "8_56_40_02.jpg": 0.2882261276245117, "8_56_40_03.jpg": 0.14003318548202515, "8_56_40_04.jpg": 0.09884335100650787, "8_56_40_05.jpg": 0.09368440508842468}