{"8_20_36_01.jpg": 0.19204483926296234, "8_20_36_02.jpg": 0.10794516652822495, "8_20_36_03.jpg": 0.09962034970521927, "8_20_36_04.jpg": 0.08240961283445358, "8_20_36_05.jpg": 0.0813760980963707}