{"8_32_20_01.jpg": 0.26854458451271057, "8_32_20_02.jpg": 0.19907543063163757, "8_32_20_03.jpg": 0.15038159489631653, "8_32_20_04.jpg": 0.14865832030773163, "8_32_20_05.jpg": 0.11570968478918076}