{"8_60_76_01.jpg": 0.2649240791797638, "8_60_76_02.jpg": 0.23321039974689484, "8_60_76_03.jpg": 0.23041914403438568, "8_60_76_04.jpg": 0.16904807090759277, "8_60_76_05.jpg": 0.1345004439353943}