{"8_44_32_01.jpg": 0.3544221520423889, "8_44_32_02.jpg": 0.2091853767633438, "8_44_32_03.jpg": 0.11892286688089371, "8_44_32_04.jpg": 0.11347100138664246, "8_44_32_05.jpg": 0.0950225219130516}