{"8_96_52_01.jpg": 0.5177763104438782, "8_96_52_02.jpg": 0.23820047080516815, "8_96_52_03.jpg": 0.16986505687236786, "8_96_52_04.jpg": 0.14728914201259613, "8_96_52_05.jpg": 0.14026924967765808}