{"8_64_12_01.jpg": 0.3398134410381317, "8_64_12_02.jpg": 0.2047061175107956, "8_64_12_03.jpg": 0.19858318567276, "8_64_12_04.jpg": 0.15504960715770721, "8_64_12_05.jpg": 0.12384914606809616}