{"8_96_84_01.jpg": 0.2416248619556427, "8_96_84_02.jpg": 0.17954401671886444, "8_96_84_03.jpg": 0.095115065574646, "8_96_84_04.jpg": 0.08613021671772003, "8_96_84_05.jpg": 0.07793649286031723}