{"8_48_64_01.jpg": 0.3722059726715088, "8_48_64_02.jpg": 0.20404981076717377, "8_48_64_03.jpg": 0.15378740429878235, "8_48_64_04.jpg": 0.12046649307012558, "8_48_64_05.jpg": 0.11480039358139038}