{"8_44_60_01.jpg": 0.5239086151123047, "8_44_60_02.jpg": 0.3450297713279724, "8_44_60_03.jpg": 0.3354696035385132, "8_44_60_04.jpg": 0.31771156191825867, "8_44_60_05.jpg": 0.3060620129108429}