{"8_20_48_01.jpg": 0.2950038015842438, "8_20_48_02.jpg": 0.1992238461971283, "8_20_48_03.jpg": 0.19261105358600616, "8_20_48_04.jpg": 0.1626347303390503, "8_20_48_05.jpg": 0.15714146196842194}