{"8_96_32_01.jpg": 0.2739076018333435, "8_96_32_02.jpg": 0.20167963206768036, "8_96_32_03.jpg": 0.14858372509479523, "8_96_32_04.jpg": 0.11431147903203964, "8_96_32_05.jpg": 0.06695786863565445}