{"8_28_36_01.jpg": 0.2877725064754486, "8_28_36_02.jpg": 0.19353759288787842, "8_28_36_03.jpg": 0.18212300539016724, "8_28_36_04.jpg": 0.1204608753323555, "8_28_36_05.jpg": 0.10206800699234009}