{"8_48_20_01.jpg": 0.5025918483734131, "8_48_20_02.jpg": 0.3143627345561981, "8_48_20_03.jpg": 0.26138362288475037, "8_48_20_04.jpg": 0.23920954763889313, "8_48_20_05.jpg": 0.2049935758113861}