{"8_92_24_01.jpg": 0.278693288564682, "8_92_24_02.jpg": 0.08885081857442856, "8_92_24_03.jpg": 0.08883395045995712, "8_92_24_04.jpg": 0.08826539665460587, "8_92_24_05.jpg": 0.0780239850282669}