{"8_68_44_01.jpg": 0.37578508257865906, "8_68_44_02.jpg": 0.15855316817760468, "8_68_44_03.jpg": 0.1512378454208374, "8_68_44_04.jpg": 0.14508013427257538, "8_68_44_05.jpg": 0.12082936614751816}