{"8_64_68_01.jpg": 0.3095755875110626, "8_64_68_02.jpg": 0.3045704662799835, "8_64_68_03.jpg": 0.2866695523262024, "8_64_68_04.jpg": 0.26301079988479614, "8_64_68_05.jpg": 0.2551877796649933}