{"8_60_100_01.jpg": 0.4041936695575714, "8_60_100_02.jpg": 0.2282453179359436, "8_60_100_03.jpg": 0.21854744851589203, "8_60_100_04.jpg": 0.2152976095676422, "8_60_100_05.jpg": 0.2065695971250534}