{"8_48_96_01.jpg": 0.4134133756160736, "8_48_96_02.jpg": 0.3165227472782135, "8_48_96_03.jpg": 0.2604944407939911, "8_48_96_04.jpg": 0.23607957363128662, "8_48_96_05.jpg": 0.22755728662014008}