{"8_48_64_01.jpg": 0.3466217517852783, "8_48_64_02.jpg": 0.3058864176273346, "8_48_64_03.jpg": 0.26913201808929443, "8_48_64_04.jpg": 0.19261427223682404, "8_48_64_05.jpg": 0.15342330932617188}