{"8_56_76_01.jpg": 0.4078315198421478, "8_56_76_02.jpg": 0.33998429775238037, "8_56_76_03.jpg": 0.28763195872306824, "8_56_76_04.jpg": 0.24171195924282074, "8_56_76_05.jpg": 0.23459075391292572}