{"8_84_76_01.jpg": 0.34295567870140076, "8_84_76_02.jpg": 0.14461787045001984, "8_84_76_03.jpg": 0.09302867203950882, "8_84_76_04.jpg": 0.08945279568433762, "8_84_76_05.jpg": 0.06716026365756989}