{"8_24_80_01.jpg": 0.35038653016090393, "8_24_80_02.jpg": 0.23529052734375, "8_24_80_03.jpg": 0.2260720133781433, "8_24_80_04.jpg": 0.21388593316078186, "8_24_80_05.jpg": 0.19544009864330292}