{"8_76_28_01.jpg": 0.28565162420272827, "8_76_28_02.jpg": 0.13090868294239044, "8_76_28_03.jpg": 0.12533432245254517, "8_76_28_04.jpg": 0.11625712364912033, "8_76_28_05.jpg": 0.11350718885660172}