{"8_68_24_01.jpg": 0.3381097912788391, "8_68_24_02.jpg": 0.19661912322044373, "8_68_24_03.jpg": 0.17392198741436005, "8_68_24_04.jpg": 0.1602366417646408, "8_68_24_05.jpg": 0.15185531973838806}