{"8_88_76_01.jpg": 0.299988716840744, "8_88_76_02.jpg": 0.24574527144432068, "8_88_76_03.jpg": 0.1833275407552719, "8_88_76_04.jpg": 0.16100646555423737, "8_88_76_05.jpg": 0.1287418156862259}