{"8_32_44_01.jpg": 0.4121226370334625, "8_32_44_02.jpg": 0.23399274051189423, "8_32_44_03.jpg": 0.2296610325574875, "8_32_44_04.jpg": 0.2216658741235733, "8_32_44_05.jpg": 0.16547048091888428}