{"8_68_96_01.jpg": 0.5144029259681702, "8_68_96_02.jpg": 0.41024020314216614, "8_68_96_03.jpg": 0.3306851089000702, "8_68_96_04.jpg": 0.22520853579044342, "8_68_96_05.jpg": 0.2028854489326477}