{"8_28_24_01.jpg": 0.42429330945014954, "8_28_24_02.jpg": 0.09469364583492279, "8_28_24_03.jpg": 0.08596379309892654, "8_28_24_04.jpg": 0.08261364698410034, "8_28_24_05.jpg": 0.08015978336334229}