{"8_28_88_01.jpg": 0.3183017373085022, "8_28_88_02.jpg": 0.2702513337135315, "8_28_88_03.jpg": 0.23616783320903778, "8_28_88_04.jpg": 0.19905829429626465, "8_28_88_05.jpg": 0.19289031624794006}