{"8_20_40_01.jpg": 0.35027891397476196, "8_20_40_02.jpg": 0.20448261499404907, "8_20_40_03.jpg": 0.19331306219100952, "8_20_40_04.jpg": 0.19114911556243896, "8_20_40_05.jpg": 0.17335101962089539}