{"8_72_20_01.jpg": 0.30478808283805847, "8_72_20_02.jpg": 0.20462442934513092, "8_72_20_03.jpg": 0.11511890590190887, "8_72_20_04.jpg": 0.10047060251235962, "8_72_20_05.jpg": 0.09703147411346436}