{"8_28_92_01.jpg": 0.3718722462654114, "8_28_92_02.jpg": 0.2897219955921173, "8_28_92_03.jpg": 0.2568674385547638, "8_28_92_04.jpg": 0.2120082527399063, "8_28_92_05.jpg": 0.20872880518436432}