{"8_76_84_01.jpg": 0.4108670651912689, "8_76_84_02.jpg": 0.3960422873497009, "8_76_84_03.jpg": 0.19666501879692078, "8_76_84_04.jpg": 0.19495998322963715, "8_76_84_05.jpg": 0.18365974724292755}