{"8_64_64_01.jpg": 0.42165258526802063, "8_64_64_02.jpg": 0.4055037796497345, "8_64_64_03.jpg": 0.3652174174785614, "8_64_64_04.jpg": 0.32594871520996094, "8_64_64_05.jpg": 0.26312220096588135}