{"8_60_96_01.jpg": 0.26327210664749146, "8_60_96_02.jpg": 0.17830732464790344, "8_60_96_03.jpg": 0.17555847764015198, "8_60_96_04.jpg": 0.1755421757698059, "8_60_96_05.jpg": 0.11546017229557037}