{"8_80_28_01.jpg": 0.40470123291015625, "8_80_28_02.jpg": 0.23120750486850739, "8_80_28_03.jpg": 0.22248777747154236, "8_80_28_04.jpg": 0.20024214684963226, "8_80_28_05.jpg": 0.19353264570236206}