{"8_32_28_01.jpg": 0.319653183221817, "8_32_28_02.jpg": 0.23250959813594818, "8_32_28_03.jpg": 0.22369349002838135, "8_32_28_04.jpg": 0.20661649107933044, "8_32_28_05.jpg": 0.16969820857048035}