{"8_76_68_01.jpg": 0.3695985674858093, "8_76_68_02.jpg": 0.22092586755752563, "8_76_68_03.jpg": 0.17444656789302826, "8_76_68_04.jpg": 0.16511155664920807, "8_76_68_05.jpg": 0.15355834364891052}