{"8_76_92_01.jpg": 0.2605913579463959, "8_76_92_02.jpg": 0.25437015295028687, "8_76_92_03.jpg": 0.15425151586532593, "8_76_92_04.jpg": 0.13018329441547394, "8_76_92_05.jpg": 0.12257117033004761}