{"8_40_36_01.jpg": 0.38496658205986023, "8_40_36_02.jpg": 0.23569342494010925, "8_40_36_03.jpg": 0.219730406999588, "8_40_36_04.jpg": 0.19496817886829376, "8_40_36_05.jpg": 0.17824801802635193}