{"8_88_28_01.jpg": 0.45397618412971497, "8_88_28_02.jpg": 0.1873963326215744, "8_88_28_03.jpg": 0.16740092635154724, "8_88_28_04.jpg": 0.13120171427726746, "8_88_28_05.jpg": 0.09634467959403992}