{"8_96_76_01.jpg": 0.29357677698135376, "8_96_76_02.jpg": 0.29015135765075684, "8_96_76_03.jpg": 0.28008320927619934, "8_96_76_04.jpg": 0.15666496753692627, "8_96_76_05.jpg": 0.13302943110466003}