{"8_36_80_01.jpg": 0.32736027240753174, "8_36_80_02.jpg": 0.2512556314468384, "8_36_80_03.jpg": 0.24337893724441528, "8_36_80_04.jpg": 0.21408182382583618, "8_36_80_05.jpg": 0.20907776057720184}