{"8_80_40_01.jpg": 0.48939892649650574, "8_80_40_02.jpg": 0.19867372512817383, "8_80_40_03.jpg": 0.1888422966003418, "8_80_40_04.jpg": 0.1880759447813034, "8_80_40_05.jpg": 0.15945109724998474}