{"8_76_100_01.jpg": 0.3581399619579315, "8_76_100_02.jpg": 0.2321140617132187, "8_76_100_03.jpg": 0.1900901049375534, "8_76_100_04.jpg": 0.13396696746349335, "8_76_100_05.jpg": 0.12473461031913757}