{"8_68_92_01.jpg": 0.38158857822418213, "8_68_92_02.jpg": 0.3398810029029846, "8_68_92_03.jpg": 0.21080629527568817, "8_68_92_04.jpg": 0.19864313304424286, "8_68_92_05.jpg": 0.19058315455913544}