{"8_20_44_01.jpg": 0.22963862121105194, "8_20_44_02.jpg": 0.19273871183395386, "8_20_44_03.jpg": 0.15388789772987366, "8_20_44_04.jpg": 0.1352303922176361, "8_20_44_05.jpg": 0.12258836627006531}