{"8_60_84_01.jpg": 0.16418331861495972, "8_60_84_02.jpg": 0.14284758269786835, "8_60_84_03.jpg": 0.1171828955411911, "8_60_84_04.jpg": 0.11650200933218002, "8_60_84_05.jpg": 0.11019191145896912}