{"8_12_76_01.jpg": 0.44523885846138, "8_12_76_02.jpg": 0.2543737590312958, "8_12_76_03.jpg": 0.20330578088760376, "8_12_76_04.jpg": 0.17951886355876923, "8_12_76_05.jpg": 0.12909811735153198}