{"8_44_64_01.jpg": 0.2939714789390564, "8_44_64_02.jpg": 0.2221592515707016, "8_44_64_03.jpg": 0.16890470683574677, "8_44_64_04.jpg": 0.16176222264766693, "8_44_64_05.jpg": 0.11461731046438217}