{"8_16_88_01.jpg": 0.2809079587459564, "8_16_88_02.jpg": 0.21165890991687775, "8_16_88_03.jpg": 0.19495125114917755, "8_16_88_04.jpg": 0.15679237246513367, "8_16_88_05.jpg": 0.15024414658546448}