{"8_36_48_01.jpg": 0.36249154806137085, "8_36_48_02.jpg": 0.30837464332580566, "8_36_48_03.jpg": 0.28028878569602966, "8_36_48_04.jpg": 0.1980058252811432, "8_36_48_05.jpg": 0.19329065084457397}