{"8_52_104_01.jpg": 0.4040772318840027, "8_52_104_02.jpg": 0.3864208161830902, "8_52_104_03.jpg": 0.308472603559494, "8_52_104_04.jpg": 0.24187275767326355, "8_52_104_05.jpg": 0.22159504890441895}