{"8_36_20_01.jpg": 0.27799275517463684, "8_36_20_02.jpg": 0.26445212960243225, "8_36_20_03.jpg": 0.2403223067522049, "8_36_20_04.jpg": 0.1855393946170807, "8_36_20_05.jpg": 0.18445509672164917}