{"8_32_60_01.jpg": 0.40306010842323303, "8_32_60_02.jpg": 0.3396165072917938, "8_32_60_03.jpg": 0.2554870843887329, "8_32_60_04.jpg": 0.18513821065425873, "8_32_60_05.jpg": 0.15114648640155792}