{"8_48_76_01.jpg": 0.39132481813430786, "8_48_76_02.jpg": 0.3078958988189697, "8_48_76_03.jpg": 0.16244859993457794, "8_48_76_04.jpg": 0.13401414453983307, "8_48_76_05.jpg": 0.12672977149486542}