{"8_92_56_01.jpg": 0.41756829619407654, "8_92_56_02.jpg": 0.348236620426178, "8_92_56_03.jpg": 0.2665784955024719, "8_92_56_04.jpg": 0.2335517704486847, "8_92_56_05.jpg": 0.17504465579986572}