{"8_40_44_01.jpg": 0.46316832304000854, "8_40_44_02.jpg": 0.18643882870674133, "8_40_44_03.jpg": 0.15022552013397217, "8_40_44_04.jpg": 0.13705839216709137, "8_40_44_05.jpg": 0.1150585263967514}