{"8_48_84_01.jpg": 0.4313800036907196, "8_48_84_02.jpg": 0.3027876615524292, "8_48_84_03.jpg": 0.2714487910270691, "8_48_84_04.jpg": 0.2582733929157257, "8_48_84_05.jpg": 0.21341487765312195}