{"8_36_84_01.jpg": 0.3263002634048462, "8_36_84_02.jpg": 0.29451659321784973, "8_36_84_03.jpg": 0.2254640907049179, "8_36_84_04.jpg": 0.17803265154361725, "8_36_84_05.jpg": 0.1675432026386261}