{"8_52_76_01.jpg": 0.40149158239364624, "8_52_76_02.jpg": 0.24680453538894653, "8_52_76_03.jpg": 0.24039679765701294, "8_52_76_04.jpg": 0.20507894456386566, "8_52_76_05.jpg": 0.19717009365558624}