{"8_68_96_01.jpg": 0.26482918858528137, "8_68_96_02.jpg": 0.21898451447486877, "8_68_96_03.jpg": 0.12478068470954895, "8_68_96_04.jpg": 0.09566507488489151, "8_68_96_05.jpg": 0.0941196084022522}