{"8_24_40_01.jpg": 0.28797510266304016, "8_24_40_02.jpg": 0.211154043674469, "8_24_40_03.jpg": 0.17930664122104645, "8_24_40_04.jpg": 0.11741969734430313, "8_24_40_05.jpg": 0.09346431493759155}