{"8_76_28_01.jpg": 0.43905043601989746, "8_76_28_02.jpg": 0.23211409151554108, "8_76_28_03.jpg": 0.10978750884532928, "8_76_28_04.jpg": 0.08675412833690643, "8_76_28_05.jpg": 0.06335986405611038}