{"8_44_16_01.jpg": 0.5180149078369141, "8_44_16_02.jpg": 0.48191070556640625, "8_44_16_03.jpg": 0.39056310057640076, "8_44_16_04.jpg": 0.3059599697589874, "8_44_16_05.jpg": 0.2624434232711792}