{"8_28_80_01.jpg": 0.26836609840393066, "8_28_80_02.jpg": 0.2460697442293167, "8_28_80_03.jpg": 0.1454055905342102, "8_28_80_04.jpg": 0.12474074959754944, "8_28_80_05.jpg": 0.10058675706386566}