{"8_40_96_01.jpg": 0.38241082429885864, "8_40_96_02.jpg": 0.3535884916782379, "8_40_96_03.jpg": 0.30503958463668823, "8_40_96_04.jpg": 0.2130831480026245, "8_40_96_05.jpg": 0.20721544325351715}