{"8_88_96_01.jpg": 0.2549551725387573, "8_88_96_02.jpg": 0.23042142391204834, "8_88_96_03.jpg": 0.15407656133174896, "8_88_96_04.jpg": 0.11926904320716858, "8_88_96_05.jpg": 0.1097647100687027}