{"8_60_96_01.jpg": 0.2940087616443634, "8_60_96_02.jpg": 0.2657739222049713, "8_60_96_03.jpg": 0.22482188045978546, "8_60_96_04.jpg": 0.19724799692630768, "8_60_96_05.jpg": 0.16919571161270142}