{"8_28_80_01.jpg": 0.36871880292892456, "8_28_80_02.jpg": 0.32443320751190186, "8_28_80_03.jpg": 0.3206007182598114, "8_28_80_04.jpg": 0.23891615867614746, "8_28_80_05.jpg": 0.21211513876914978}