{"8_68_40_01.jpg": 0.3822169303894043, "8_68_40_02.jpg": 0.30909714102745056, "8_68_40_03.jpg": 0.2778274118900299, "8_68_40_04.jpg": 0.2161240130662918, "8_68_40_05.jpg": 0.2096872478723526}