{"8_32_36_01.jpg": 0.2530500292778015, "8_32_36_02.jpg": 0.1745205819606781, "8_32_36_03.jpg": 0.15634028613567352, "8_32_36_04.jpg": 0.149253711104393, "8_32_36_05.jpg": 0.1382017284631729}