{"8_68_16_01.jpg": 0.3462476432323456, "8_68_16_02.jpg": 0.2278258502483368, "8_68_16_03.jpg": 0.2277352511882782, "8_68_16_04.jpg": 0.16145366430282593, "8_68_16_05.jpg": 0.15920984745025635}