{"8_20_72_01.jpg": 0.4103609323501587, "8_20_72_02.jpg": 0.295308917760849, "8_20_72_03.jpg": 0.2826898694038391, "8_20_72_04.jpg": 0.2816641628742218, "8_20_72_05.jpg": 0.19272355735301971}