{"8_92_72_01.jpg": 0.24581989645957947, "8_92_72_02.jpg": 0.1222500130534172, "8_92_72_03.jpg": 0.11870904266834259, "8_92_72_04.jpg": 0.10148750245571136, "8_92_72_05.jpg": 0.08491165935993195}