{"8_64_100_01.jpg": 0.46821942925453186, "8_64_100_02.jpg": 0.2042912095785141, "8_64_100_03.jpg": 0.1394132822751999, "8_64_100_04.jpg": 0.08690033107995987, "8_64_100_05.jpg": 0.0845283716917038}