{"8_72_56_01.jpg": 0.2733991742134094, "8_72_56_02.jpg": 0.18092302978038788, "8_72_56_03.jpg": 0.1770499050617218, "8_72_56_04.jpg": 0.13002410531044006, "8_72_56_05.jpg": 0.11303818225860596}