{"8_44_84_01.jpg": 0.37636497616767883, "8_44_84_02.jpg": 0.26388347148895264, "8_44_84_03.jpg": 0.24225319921970367, "8_44_84_04.jpg": 0.1943383663892746, "8_44_84_05.jpg": 0.18802064657211304}