{"8_28_68_01.jpg": 0.2343386560678482, "8_28_68_02.jpg": 0.18340279161930084, "8_28_68_03.jpg": 0.11521486192941666, "8_28_68_04.jpg": 0.10057350993156433, "8_28_68_05.jpg": 0.07958489656448364}