{"8_60_92_01.jpg": 0.5063377022743225, "8_60_92_02.jpg": 0.4785155951976776, "8_60_92_03.jpg": 0.43401333689689636, "8_60_92_04.jpg": 0.4316423535346985, "8_60_92_05.jpg": 0.4253727197647095}