{"8_60_84_01.jpg": 0.27918368577957153, "8_60_84_02.jpg": 0.2080869972705841, "8_60_84_03.jpg": 0.16995400190353394, "8_60_84_04.jpg": 0.14487704634666443, "8_60_84_05.jpg": 0.1405669003725052}