{"8_44_28_01.jpg": 0.29705893993377686, "8_44_28_02.jpg": 0.21406321227550507, "8_44_28_03.jpg": 0.16805027425289154, "8_44_28_04.jpg": 0.16384893655776978, "8_44_28_05.jpg": 0.15194916725158691}