{"8_68_48_01.jpg": 0.38303953409194946, "8_68_48_02.jpg": 0.3607984483242035, "8_68_48_03.jpg": 0.30779287219047546, "8_68_48_04.jpg": 0.29841428995132446, "8_68_48_05.jpg": 0.2663547098636627}