{"8_56_64_01.jpg": 0.3595174551010132, "8_56_64_02.jpg": 0.20454855263233185, "8_56_64_03.jpg": 0.15772664546966553, "8_56_64_04.jpg": 0.13933056592941284, "8_56_64_05.jpg": 0.13615185022354126}