{"8_12_56_01.jpg": 0.273550420999527, "8_12_56_02.jpg": 0.2018500566482544, "8_12_56_03.jpg": 0.1997598111629486, "8_12_56_04.jpg": 0.19357778131961823, "8_12_56_05.jpg": 0.17427605390548706}