{"8_68_60_01.jpg": 0.2803459167480469, "8_68_60_02.jpg": 0.17653164267539978, "8_68_60_03.jpg": 0.1630256026983261, "8_68_60_04.jpg": 0.14104653894901276, "8_68_60_05.jpg": 0.13506662845611572}