{"8_84_60_01.jpg": 0.23033000528812408, "8_84_60_02.jpg": 0.18467701971530914, "8_84_60_03.jpg": 0.17853687703609467, "8_84_60_04.jpg": 0.1574995517730713, "8_84_60_05.jpg": 0.13727045059204102}