{"8_24_96_01.jpg": 0.26548081636428833, "8_24_96_02.jpg": 0.23830118775367737, "8_24_96_03.jpg": 0.18708273768424988, "8_24_96_04.jpg": 0.17972524464130402, "8_24_96_05.jpg": 0.13981680572032928}