{"8_28_24_01.jpg": 0.1677568107843399, "8_28_24_02.jpg": 0.16750316321849823, "8_28_24_03.jpg": 0.10698211193084717, "8_28_24_04.jpg": 0.10469108074903488, "8_28_24_05.jpg": 0.0866505354642868}