{"8_20_44_01.jpg": 0.33369943499565125, "8_20_44_02.jpg": 0.24928531050682068, "8_20_44_03.jpg": 0.10851869732141495, "8_20_44_04.jpg": 0.10376423597335815, "8_20_44_05.jpg": 0.09662824869155884}