{"8_36_48_01.jpg": 0.4572601318359375, "8_36_48_02.jpg": 0.40109002590179443, "8_36_48_03.jpg": 0.37225013971328735, "8_36_48_04.jpg": 0.3330831527709961, "8_36_48_05.jpg": 0.2284056544303894}