{"8_52_84_01.jpg": 0.28951478004455566, "8_52_84_02.jpg": 0.18143115937709808, "8_52_84_03.jpg": 0.1790287345647812, "8_52_84_04.jpg": 0.17137670516967773, "8_52_84_05.jpg": 0.1635144203901291}