{"8_84_96_01.jpg": 0.2555108666419983, "8_84_96_02.jpg": 0.11952082067728043, "8_84_96_03.jpg": 0.0784294456243515, "8_84_96_04.jpg": 0.07756777852773666, "8_84_96_05.jpg": 0.07173167914152145}