{"8_84_52_01.jpg": 0.374594122171402, "8_84_52_02.jpg": 0.34205636382102966, "8_84_52_03.jpg": 0.26955392956733704, "8_84_52_04.jpg": 0.23457102477550507, "8_84_52_05.jpg": 0.19575561583042145}