{"8_76_28_01.jpg": 0.1663789451122284, "8_76_28_02.jpg": 0.11769180744886398, "8_76_28_03.jpg": 0.1087808832526207, "8_76_28_04.jpg": 0.09214042127132416, "8_76_28_05.jpg": 0.08148634433746338}