{"8_36_20_01.jpg": 0.31256064772605896, "8_36_20_02.jpg": 0.3105766773223877, "8_36_20_03.jpg": 0.18434490263462067, "8_36_20_04.jpg": 0.15036070346832275, "8_36_20_05.jpg": 0.1392298936843872}