{"8_52_20_01.jpg": 0.372804194688797, "8_52_20_02.jpg": 0.3513011038303375, "8_52_20_03.jpg": 0.15236824750900269, "8_52_20_04.jpg": 0.13507014513015747, "8_52_20_05.jpg": 0.12692442536354065}