{"8_20_40_01.jpg": 0.46760961413383484, "8_20_40_02.jpg": 0.31300148367881775, "8_20_40_03.jpg": 0.3102123439311981, "8_20_40_04.jpg": 0.27041101455688477, "8_20_40_05.jpg": 0.23848263919353485}