{"8_32_32_01.jpg": 0.346574604511261, "8_32_32_02.jpg": 0.20247305929660797, "8_32_32_03.jpg": 0.2014634609222412, "8_32_32_04.jpg": 0.15791983902454376, "8_32_32_05.jpg": 0.1515672355890274}