{"8_60_56_01.jpg": 0.2981534004211426, "8_60_56_02.jpg": 0.25462862849235535, "8_60_56_03.jpg": 0.24129241704940796, "8_60_56_04.jpg": 0.19081534445285797, "8_60_56_05.jpg": 0.18944625556468964}