{"8_32_20_01.jpg": 0.2754715085029602, "8_32_20_02.jpg": 0.2568977475166321, "8_32_20_03.jpg": 0.19220034778118134, "8_32_20_04.jpg": 0.17050039768218994, "8_32_20_05.jpg": 0.16456732153892517}