{"8_20_28_01.jpg": 0.30326923727989197, "8_20_28_02.jpg": 0.2934039831161499, "8_20_28_03.jpg": 0.2133989781141281, "8_20_28_04.jpg": 0.19634224474430084, "8_20_28_05.jpg": 0.16425250470638275}