{"8_64_92_01.jpg": 0.27554458379745483, "8_64_92_02.jpg": 0.140851691365242, "8_64_92_03.jpg": 0.13330505788326263, "8_64_92_04.jpg": 0.12243610620498657, "8_64_92_05.jpg": 0.12167301774024963}