{"8_92_44_01.jpg": 0.33699166774749756, "8_92_44_02.jpg": 0.17629341781139374, "8_92_44_03.jpg": 0.16727015376091003, "8_92_44_04.jpg": 0.13965542614459991, "8_92_44_05.jpg": 0.13557662069797516}