{"8_68_48_01.jpg": 0.32349714636802673, "8_68_48_02.jpg": 0.23751971125602722, "8_68_48_03.jpg": 0.23357737064361572, "8_68_48_04.jpg": 0.2078039050102234, "8_68_48_05.jpg": 0.10917170345783234}