{"8_60_48_01.jpg": 0.31612396240234375, "8_60_48_02.jpg": 0.21079014241695404, "8_60_48_03.jpg": 0.20681409537792206, "8_60_48_04.jpg": 0.20366615056991577, "8_60_48_05.jpg": 0.2031804919242859}