{"8_68_44_01.jpg": 0.3604355752468109, "8_68_44_02.jpg": 0.3466976583003998, "8_68_44_03.jpg": 0.29331284761428833, "8_68_44_04.jpg": 0.26134762167930603, "8_68_44_05.jpg": 0.23926423490047455}