{"8_100_32_01.jpg": 0.43095099925994873, "8_100_32_02.jpg": 0.13695594668388367, "8_100_32_03.jpg": 0.1264251470565796, "8_100_32_04.jpg": 0.11466240882873535, "8_100_32_05.jpg": 0.10597583651542664}