{"8_40_16_01.jpg": 0.35739022493362427, "8_40_16_02.jpg": 0.17639003694057465, "8_40_16_03.jpg": 0.17263153195381165, "8_40_16_04.jpg": 0.14606763422489166, "8_40_16_05.jpg": 0.07936512678861618}