{"8_44_92_01.jpg": 0.32909974455833435, "8_44_92_02.jpg": 0.24037404358386993, "8_44_92_03.jpg": 0.19012980163097382, "8_44_92_04.jpg": 0.1468961089849472, "8_44_92_05.jpg": 0.14174340665340424}