{"8_92_84_01.jpg": 0.38099193572998047, "8_92_84_02.jpg": 0.17256711423397064, "8_92_84_03.jpg": 0.14081992208957672, "8_92_84_04.jpg": 0.13925664126873016, "8_92_84_05.jpg": 0.1300705522298813}