{"8_44_60_01.jpg": 0.2790057063102722, "8_44_60_02.jpg": 0.2557380199432373, "8_44_60_03.jpg": 0.17312677204608917, "8_44_60_04.jpg": 0.15065641701221466, "8_44_60_05.jpg": 0.12848137319087982}