{"8_48_56_01.jpg": 0.329706072807312, "8_48_56_02.jpg": 0.28264912962913513, "8_48_56_03.jpg": 0.2398819625377655, "8_48_56_04.jpg": 0.23680861294269562, "8_48_56_05.jpg": 0.2214893102645874}