{"8_24_80_01.jpg": 0.5882304310798645, "8_24_80_02.jpg": 0.24744923412799835, "8_24_80_03.jpg": 0.21692851185798645, "8_24_80_04.jpg": 0.16126038134098053, "8_24_80_05.jpg": 0.1374911516904831}