{"8_76_12_01.jpg": 0.272524356842041, "8_76_12_02.jpg": 0.16474638879299164, "8_76_12_03.jpg": 0.08541391044855118, "8_76_12_04.jpg": 0.0841813012957573, "8_76_12_05.jpg": 0.08324463665485382}