{"8_92_96_01.jpg": 0.23497314751148224, "8_92_96_02.jpg": 0.19353270530700684, "8_92_96_03.jpg": 0.1879737824201584, "8_92_96_04.jpg": 0.18143275380134583, "8_92_96_05.jpg": 0.1655115932226181}