{"8_68_68_01.jpg": 0.27059873938560486, "8_68_68_02.jpg": 0.146570086479187, "8_68_68_03.jpg": 0.1390761435031891, "8_68_68_04.jpg": 0.13822323083877563, "8_68_68_05.jpg": 0.1333509236574173}