{"8_16_60_01.jpg": 0.3151571750640869, "8_16_60_02.jpg": 0.1838155835866928, "8_16_60_03.jpg": 0.1218033879995346, "8_16_60_04.jpg": 0.10586538910865784, "8_16_60_05.jpg": 0.10310672223567963}