{"8_28_76_01.jpg": 0.3114723563194275, "8_28_76_02.jpg": 0.20609210431575775, "8_28_76_03.jpg": 0.17754024267196655, "8_28_76_04.jpg": 0.1747845560312271, "8_28_76_05.jpg": 0.17043907940387726}