{"8_80_12_01.jpg": 0.25577646493911743, "8_80_12_02.jpg": 0.24184440076351166, "8_80_12_03.jpg": 0.19667664170265198, "8_80_12_04.jpg": 0.1354098916053772, "8_80_12_05.jpg": 0.12122208625078201}