{"8_56_88_01.jpg": 0.2550220191478729, "8_56_88_02.jpg": 0.1891556978225708, "8_56_88_03.jpg": 0.14093267917633057, "8_56_88_04.jpg": 0.14065764844417572, "8_56_88_05.jpg": 0.13875290751457214}