{"8_56_100_01.jpg": 0.5643124580383301, "8_56_100_02.jpg": 0.2519594728946686, "8_56_100_03.jpg": 0.24277430772781372, "8_56_100_04.jpg": 0.2366594523191452, "8_56_100_05.jpg": 0.19742190837860107}