{"8_36_36_01.jpg": 0.2996710538864136, "8_36_36_02.jpg": 0.2002415657043457, "8_36_36_03.jpg": 0.17579667270183563, "8_36_36_04.jpg": 0.15205515921115875, "8_36_36_05.jpg": 0.1349128633737564}