{"8_76_92_01.jpg": 0.22705787420272827, "8_76_92_02.jpg": 0.2018633484840393, "8_76_92_03.jpg": 0.19123820960521698, "8_76_92_04.jpg": 0.13725854456424713, "8_76_92_05.jpg": 0.12938068807125092}