{"8_24_80_01.jpg": 0.501008927822113, "8_24_80_02.jpg": 0.35816216468811035, "8_24_80_03.jpg": 0.347639799118042, "8_24_80_04.jpg": 0.31517159938812256, "8_24_80_05.jpg": 0.2646530568599701}