{"8_84_24_01.jpg": 0.3068118393421173, "8_84_24_02.jpg": 0.2811325490474701, "8_84_24_03.jpg": 0.22738651931285858, "8_84_24_04.jpg": 0.21241237223148346, "8_84_24_05.jpg": 0.20936986804008484}