{"8_20_28_01.jpg": 0.48300662636756897, "8_20_28_02.jpg": 0.4647586941719055, "8_20_28_03.jpg": 0.34048962593078613, "8_20_28_04.jpg": 0.311964750289917, "8_20_28_05.jpg": 0.2671268880367279}