{"8_44_60_01.jpg": 0.37790510058403015, "8_44_60_02.jpg": 0.2452458292245865, "8_44_60_03.jpg": 0.22293952107429504, "8_44_60_04.jpg": 0.16994436085224152, "8_44_60_05.jpg": 0.15141436457633972}