{"8_68_100_01.jpg": 0.5287471413612366, "8_68_100_02.jpg": 0.4648059606552124, "8_68_100_03.jpg": 0.39696842432022095, "8_68_100_04.jpg": 0.31330859661102295, "8_68_100_05.jpg": 0.29693135619163513}