{"8_60_32_01.jpg": 0.4916352927684784, "8_60_32_02.jpg": 0.19961285591125488, "8_60_32_03.jpg": 0.15884923934936523, "8_60_32_04.jpg": 0.13867302238941193, "8_60_32_05.jpg": 0.1202729344367981}