{"8_28_60_01.jpg": 0.34386226534843445, "8_28_60_02.jpg": 0.2692003846168518, "8_28_60_03.jpg": 0.23059266805648804, "8_28_60_04.jpg": 0.22488051652908325, "8_28_60_05.jpg": 0.22229449450969696}