{"8_24_32_01.jpg": 0.3146734833717346, "8_24_32_02.jpg": 0.2773052752017975, "8_24_32_03.jpg": 0.16388966143131256, "8_24_32_04.jpg": 0.15950268507003784, "8_24_32_05.jpg": 0.15587620437145233}