{"8_36_64_01.jpg": 0.3296665549278259, "8_36_64_02.jpg": 0.14033979177474976, "8_36_64_03.jpg": 0.12659952044487, "8_36_64_04.jpg": 0.1087317243218422, "8_36_64_05.jpg": 0.09129269421100616}