{"8_92_72_01.jpg": 0.26618364453315735, "8_92_72_02.jpg": 0.24728985130786896, "8_92_72_03.jpg": 0.17047077417373657, "8_92_72_04.jpg": 0.16842971742153168, "8_92_72_05.jpg": 0.14527827501296997}