{"8_60_48_01.jpg": 0.27113044261932373, "8_60_48_02.jpg": 0.16822512447834015, "8_60_48_03.jpg": 0.1275368332862854, "8_60_48_04.jpg": 0.10789082199335098, "8_60_48_05.jpg": 0.1017344668507576}