{"8_76_48_01.jpg": 0.2930481731891632, "8_76_48_02.jpg": 0.2682788372039795, "8_76_48_03.jpg": 0.26529932022094727, "8_76_48_04.jpg": 0.26518067717552185, "8_76_48_05.jpg": 0.24933944642543793}