{"8_16_72_01.jpg": 0.3921826481819153, "8_16_72_02.jpg": 0.27662011981010437, "8_16_72_03.jpg": 0.11853767931461334, "8_16_72_04.jpg": 0.10210787504911423, "8_16_72_05.jpg": 0.09693984687328339}