{"8_20_68_01.jpg": 0.2332468181848526, "8_20_68_02.jpg": 0.197652667760849, "8_20_68_03.jpg": 0.1530751734972, "8_20_68_04.jpg": 0.14349724352359772, "8_20_68_05.jpg": 0.1309085339307785}