{"8_24_48_01.jpg": 0.18842554092407227, "8_24_48_02.jpg": 0.12307333946228027, "8_24_48_03.jpg": 0.10823214054107666, "8_24_48_04.jpg": 0.09796180576086044, "8_24_48_05.jpg": 0.09732023626565933}