{"8_32_16_01.jpg": 0.3614822030067444, "8_32_16_02.jpg": 0.28056055307388306, "8_32_16_03.jpg": 0.2282145470380783, "8_32_16_04.jpg": 0.21130265295505524, "8_32_16_05.jpg": 0.18913599848747253}