{"8_64_96_01.jpg": 0.26454707980155945, "8_64_96_02.jpg": 0.1863475888967514, "8_64_96_03.jpg": 0.09797952324151993, "8_64_96_04.jpg": 0.09606435149908066, "8_64_96_05.jpg": 0.07467328011989594}