{"8_72_84_01.jpg": 0.3279678225517273, "8_72_84_02.jpg": 0.16956280171871185, "8_72_84_03.jpg": 0.16255022585391998, "8_72_84_04.jpg": 0.15359993278980255, "8_72_84_05.jpg": 0.14426010847091675}