{"8_48_36_01.jpg": 0.41101354360580444, "8_48_36_02.jpg": 0.2656534016132355, "8_48_36_03.jpg": 0.26501914858818054, "8_48_36_04.jpg": 0.2247384488582611, "8_48_36_05.jpg": 0.21538981795310974}