{"8_28_84_01.jpg": 0.26737332344055176, "8_28_84_02.jpg": 0.26458027958869934, "8_28_84_03.jpg": 0.18889303505420685, "8_28_84_04.jpg": 0.16150759160518646, "8_28_84_05.jpg": 0.1535823792219162}