{"8_80_76_01.jpg": 0.32510513067245483, "8_80_76_02.jpg": 0.19133634865283966, "8_80_76_03.jpg": 0.18436500430107117, "8_80_76_04.jpg": 0.1460016816854477, "8_80_76_05.jpg": 0.11169852316379547}