{"8_32_92_01.jpg": 0.46741947531700134, "8_32_92_02.jpg": 0.4193008244037628, "8_32_92_03.jpg": 0.29975247383117676, "8_32_92_04.jpg": 0.23362284898757935, "8_32_92_05.jpg": 0.1816335916519165}