{"8_68_52_01.jpg": 0.31461912393569946, "8_68_52_02.jpg": 0.17205481231212616, "8_68_52_03.jpg": 0.17095351219177246, "8_68_52_04.jpg": 0.12059655785560608, "8_68_52_05.jpg": 0.10849528759717941}