{"8_24_60_01.jpg": 0.35623446106910706, "8_24_60_02.jpg": 0.2714753746986389, "8_24_60_03.jpg": 0.2588691711425781, "8_24_60_04.jpg": 0.19923542439937592, "8_24_60_05.jpg": 0.1613416224718094}