{"8_72_48_01.jpg": 0.2964344322681427, "8_72_48_02.jpg": 0.21255946159362793, "8_72_48_03.jpg": 0.19880524277687073, "8_72_48_04.jpg": 0.18518586456775665, "8_72_48_05.jpg": 0.18389199674129486}