{"8_48_40_01.jpg": 0.2524475157260895, "8_48_40_02.jpg": 0.238585963845253, "8_48_40_03.jpg": 0.14576399326324463, "8_48_40_04.jpg": 0.12864765524864197, "8_48_40_05.jpg": 0.11884471774101257}