{"8_52_64_01.jpg": 0.5275782346725464, "8_52_64_02.jpg": 0.47823160886764526, "8_52_64_03.jpg": 0.39066702127456665, "8_52_64_04.jpg": 0.36350569128990173, "8_52_64_05.jpg": 0.3129039704799652}