{"8_48_8_01.jpg": 0.4184691905975342, "8_48_8_02.jpg": 0.31346702575683594, "8_48_8_03.jpg": 0.2045522928237915, "8_48_8_04.jpg": 0.19364097714424133, "8_48_8_05.jpg": 0.15952187776565552}