{"8_44_20_01.jpg": 0.30945223569869995, "8_44_20_02.jpg": 0.2897348999977112, "8_44_20_03.jpg": 0.2143433690071106, "8_44_20_04.jpg": 0.20506660640239716, "8_44_20_05.jpg": 0.19238120317459106}