{"8_56_80_01.jpg": 0.30919668078422546, "8_56_80_02.jpg": 0.18225623667240143, "8_56_80_03.jpg": 0.16365467011928558, "8_56_80_04.jpg": 0.11514181643724442, "8_56_80_05.jpg": 0.11218349635601044}