{"8_40_32_01.jpg": 0.6295100450515747, "8_40_32_02.jpg": 0.3131325840950012, "8_40_32_03.jpg": 0.21738885343074799, "8_40_32_04.jpg": 0.0989954024553299, "8_40_32_05.jpg": 0.09448667615652084}