{"8_88_24_01.jpg": 0.2846433222293854, "8_88_24_02.jpg": 0.18232594430446625, "8_88_24_03.jpg": 0.1810113489627838, "8_88_24_04.jpg": 0.1590868979692459, "8_88_24_05.jpg": 0.12487900257110596}