{"8_36_80_01.jpg": 0.2851835787296295, "8_36_80_02.jpg": 0.20762315392494202, "8_36_80_03.jpg": 0.16848735511302948, "8_36_80_04.jpg": 0.1637541949748993, "8_36_80_05.jpg": 0.1634460985660553}