{"8_88_32_01.jpg": 0.308279424905777, "8_88_32_02.jpg": 0.2022775411605835, "8_88_32_03.jpg": 0.14231570065021515, "8_88_32_04.jpg": 0.09616519510746002, "8_88_32_05.jpg": 0.07781869918107986}