{"8_68_28_01.jpg": 0.27218231558799744, "8_68_28_02.jpg": 0.21656370162963867, "8_68_28_03.jpg": 0.1458144336938858, "8_68_28_04.jpg": 0.1325460821390152, "8_68_28_05.jpg": 0.1262608915567398}