{"8_60_40_01.jpg": 0.344784140586853, "8_60_40_02.jpg": 0.2406378835439682, "8_60_40_03.jpg": 0.19468264281749725, "8_60_40_04.jpg": 0.12900182604789734, "8_60_40_05.jpg": 0.12866143882274628}