{"8_80_40_01.jpg": 0.3860816955566406, "8_80_40_02.jpg": 0.23823751509189606, "8_80_40_03.jpg": 0.23370470106601715, "8_80_40_04.jpg": 0.1581718772649765, "8_80_40_05.jpg": 0.14127039909362793}