{"8_100_52_01.jpg": 0.5308701992034912, "8_100_52_02.jpg": 0.4849870800971985, "8_100_52_03.jpg": 0.4119053781032562, "8_100_52_04.jpg": 0.38328325748443604, "8_100_52_05.jpg": 0.23931321501731873}