{"8_36_80_01.jpg": 0.2103661149740219, "8_36_80_02.jpg": 0.20612534880638123, "8_36_80_03.jpg": 0.1855250746011734, "8_36_80_04.jpg": 0.15219318866729736, "8_36_80_05.jpg": 0.12598392367362976}