{"8_48_96_01.jpg": 0.5627534985542297, "8_48_96_02.jpg": 0.5463166236877441, "8_48_96_03.jpg": 0.3236933946609497, "8_48_96_04.jpg": 0.32090452313423157, "8_48_96_05.jpg": 0.24518349766731262}