{"8_20_76_01.jpg": 0.41512632369995117, "8_20_76_02.jpg": 0.37029120326042175, "8_20_76_03.jpg": 0.35002434253692627, "8_20_76_04.jpg": 0.29872897267341614, "8_20_76_05.jpg": 0.20433928072452545}