{"8_108_44_01.jpg": 0.25219157338142395, "8_108_44_02.jpg": 0.1592753827571869, "8_108_44_03.jpg": 0.1583820879459381, "8_108_44_04.jpg": 0.1483621597290039, "8_108_44_05.jpg": 0.146095871925354}