{"8_72_44_01.jpg": 0.35072481632232666, "8_72_44_02.jpg": 0.25250837206840515, "8_72_44_03.jpg": 0.10468076169490814, "8_72_44_04.jpg": 0.10219120979309082, "8_72_44_05.jpg": 0.09945902228355408}