{"8_84_40_01.jpg": 0.3003813922405243, "8_84_40_02.jpg": 0.25238725543022156, "8_84_40_03.jpg": 0.2064649909734726, "8_84_40_04.jpg": 0.15661658346652985, "8_84_40_05.jpg": 0.13220007717609406}