{"8_72_96_01.jpg": 0.26646092534065247, "8_72_96_02.jpg": 0.09852243959903717, "8_72_96_03.jpg": 0.09239908307790756, "8_72_96_04.jpg": 0.07619880139827728, "8_72_96_05.jpg": 0.07466787844896317}