{"8_48_76_01.jpg": 0.35449105501174927, "8_48_76_02.jpg": 0.2662772536277771, "8_48_76_03.jpg": 0.24909822642803192, "8_48_76_04.jpg": 0.21085558831691742, "8_48_76_05.jpg": 0.1869613379240036}