{"8_92_28_01.jpg": 0.44141313433647156, "8_92_28_02.jpg": 0.3418351113796234, "8_92_28_03.jpg": 0.22371000051498413, "8_92_28_04.jpg": 0.20651087164878845, "8_92_28_05.jpg": 0.12903963029384613}