{"8_88_40_01.jpg": 0.3469686508178711, "8_88_40_02.jpg": 0.2136293202638626, "8_88_40_03.jpg": 0.17764487862586975, "8_88_40_04.jpg": 0.17465336620807648, "8_88_40_05.jpg": 0.1453566700220108}