{"8_12_28_01.jpg": 0.3367829918861389, "8_12_28_02.jpg": 0.21029236912727356, "8_12_28_03.jpg": 0.17823591828346252, "8_12_28_04.jpg": 0.16485296189785004, "8_12_28_05.jpg": 0.1321437805891037}