{"8_28_20_01.jpg": 0.6111169457435608, "8_28_20_02.jpg": 0.3423091769218445, "8_28_20_03.jpg": 0.34209200739860535, "8_28_20_04.jpg": 0.2570621967315674, "8_28_20_05.jpg": 0.205168679356575}