{"8_28_76_01.jpg": 0.38560816645622253, "8_28_76_02.jpg": 0.23085027933120728, "8_28_76_03.jpg": 0.19563433527946472, "8_28_76_04.jpg": 0.16012918949127197, "8_28_76_05.jpg": 0.14857621490955353}