{"8_76_96_01.jpg": 0.44199812412261963, "8_76_96_02.jpg": 0.40700680017471313, "8_76_96_03.jpg": 0.3782719075679779, "8_76_96_04.jpg": 0.322256863117218, "8_76_96_05.jpg": 0.28234830498695374}