{"8_76_100_01.jpg": 0.29277095198631287, "8_76_100_02.jpg": 0.2203596532344818, "8_76_100_03.jpg": 0.18620269000530243, "8_76_100_04.jpg": 0.13342733681201935, "8_76_100_05.jpg": 0.09592441469430923}