{"8_36_80_01.jpg": 0.5569137334823608, "8_36_80_02.jpg": 0.2723337709903717, "8_36_80_03.jpg": 0.2299884557723999, "8_36_80_04.jpg": 0.17211268842220306, "8_36_80_05.jpg": 0.15546201169490814}