{"8_48_24_01.jpg": 0.22150634229183197, "8_48_24_02.jpg": 0.11562415212392807, "8_48_24_03.jpg": 0.09263503551483154, "8_48_24_04.jpg": 0.08918170630931854, "8_48_24_05.jpg": 0.07941612601280212}