{"8_24_44_01.jpg": 0.4039871096611023, "8_24_44_02.jpg": 0.1441268026828766, "8_24_44_03.jpg": 0.10248974710702896, "8_24_44_04.jpg": 0.07725248485803604, "8_24_44_05.jpg": 0.06660377234220505}