{"8_56_44_01.jpg": 0.24172505736351013, "8_56_44_02.jpg": 0.1532992571592331, "8_56_44_03.jpg": 0.15177367627620697, "8_56_44_04.jpg": 0.14106546342372894, "8_56_44_05.jpg": 0.13333328068256378}