{"8_24_96_01.jpg": 0.34670713543891907, "8_24_96_02.jpg": 0.2676018178462982, "8_24_96_03.jpg": 0.20653562247753143, "8_24_96_04.jpg": 0.19498908519744873, "8_24_96_05.jpg": 0.16144385933876038}