{"8_80_92_01.jpg": 0.32080134749412537, "8_80_92_02.jpg": 0.21200403571128845, "8_80_92_03.jpg": 0.2063433974981308, "8_80_92_04.jpg": 0.18988272547721863, "8_80_92_05.jpg": 0.17295384407043457}