{"8_36_68_01.jpg": 0.3270125091075897, "8_36_68_02.jpg": 0.23656226694583893, "8_36_68_03.jpg": 0.2174486368894577, "8_36_68_04.jpg": 0.21604220569133759, "8_36_68_05.jpg": 0.2078571617603302}