{"8_72_28_01.jpg": 0.2472483366727829, "8_72_28_02.jpg": 0.19233794510364532, "8_72_28_03.jpg": 0.18108077347278595, "8_72_28_04.jpg": 0.09762269258499146, "8_72_28_05.jpg": 0.08433005213737488}