{"8_60_96_01.jpg": 0.38955605030059814, "8_60_96_02.jpg": 0.38752099871635437, "8_60_96_03.jpg": 0.261601060628891, "8_60_96_04.jpg": 0.23463808000087738, "8_60_96_05.jpg": 0.18845751881599426}