{"8_28_40_01.jpg": 0.3090035915374756, "8_28_40_02.jpg": 0.2979738116264343, "8_28_40_03.jpg": 0.29188787937164307, "8_28_40_04.jpg": 0.1625199019908905, "8_28_40_05.jpg": 0.15803875029087067}