{"8_24_84_01.jpg": 0.4458215534687042, "8_24_84_02.jpg": 0.32174360752105713, "8_24_84_03.jpg": 0.3039496839046478, "8_24_84_04.jpg": 0.30096235871315, "8_24_84_05.jpg": 0.280741423368454}