{"8_32_36_01.jpg": 0.28195706009864807, "8_32_36_02.jpg": 0.17577321827411652, "8_32_36_03.jpg": 0.1518886685371399, "8_32_36_04.jpg": 0.11763161420822144, "8_32_36_05.jpg": 0.10154097527265549}