{"8_32_64_01.jpg": 0.2950182855129242, "8_32_64_02.jpg": 0.2283138781785965, "8_32_64_03.jpg": 0.1789514422416687, "8_32_64_04.jpg": 0.169020876288414, "8_32_64_05.jpg": 0.13122577965259552}