{"8_24_28_01.jpg": 0.4665818512439728, "8_24_28_02.jpg": 0.21287758648395538, "8_24_28_03.jpg": 0.19145630300045013, "8_24_28_04.jpg": 0.19127190113067627, "8_24_28_05.jpg": 0.18253323435783386}