{"8_56_96_01.jpg": 0.39322423934936523, "8_56_96_02.jpg": 0.13270728290081024, "8_56_96_03.jpg": 0.1325821578502655, "8_56_96_04.jpg": 0.11500648409128189, "8_56_96_05.jpg": 0.08674080669879913}