{"8_92_16_01.jpg": 0.4014778435230255, "8_92_16_02.jpg": 0.28104284405708313, "8_92_16_03.jpg": 0.17670460045337677, "8_92_16_04.jpg": 0.1647513508796692, "8_92_16_05.jpg": 0.15751130878925323}