{"8_44_56_01.jpg": 0.4243037700653076, "8_44_56_02.jpg": 0.24364982545375824, "8_44_56_03.jpg": 0.1801915317773819, "8_44_56_04.jpg": 0.15522401034832, "8_44_56_05.jpg": 0.15450657904148102}