{"8_72_44_01.jpg": 0.24344021081924438, "8_72_44_02.jpg": 0.13986992835998535, "8_72_44_03.jpg": 0.12016291916370392, "8_72_44_04.jpg": 0.10869958996772766, "8_72_44_05.jpg": 0.0977650061249733}