{"8_92_80_01.jpg": 0.39379823207855225, "8_92_80_02.jpg": 0.36803868412971497, "8_92_80_03.jpg": 0.33899134397506714, "8_92_80_04.jpg": 0.3364613652229309, "8_92_80_05.jpg": 0.2978116571903229}