{"8_44_40_01.jpg": 0.33077481389045715, "8_44_40_02.jpg": 0.1686299443244934, "8_44_40_03.jpg": 0.115146704018116, "8_44_40_04.jpg": 0.09516418725252151, "8_44_40_05.jpg": 0.08909352868795395}