{"8_56_96_01.jpg": 0.3086656332015991, "8_56_96_02.jpg": 0.27777862548828125, "8_56_96_03.jpg": 0.22282014787197113, "8_56_96_04.jpg": 0.2223605364561081, "8_56_96_05.jpg": 0.19256649911403656}