{"8_60_68_01.jpg": 0.5680464506149292, "8_60_68_02.jpg": 0.354003369808197, "8_60_68_03.jpg": 0.32942357659339905, "8_60_68_04.jpg": 0.32325729727745056, "8_60_68_05.jpg": 0.3042840361595154}