{"8_64_44_01.jpg": 0.4301024377346039, "8_64_44_02.jpg": 0.40287455916404724, "8_64_44_03.jpg": 0.3725040555000305, "8_64_44_04.jpg": 0.3713661730289459, "8_64_44_05.jpg": 0.35581356287002563}