{"8_60_108_01.jpg": 0.2360980212688446, "8_60_108_02.jpg": 0.13004577159881592, "8_60_108_03.jpg": 0.11695601046085358, "8_60_108_04.jpg": 0.11072330921888351, "8_60_108_05.jpg": 0.09475275129079819}