{"8_80_92_01.jpg": 0.27632758021354675, "8_80_92_02.jpg": 0.27197587490081787, "8_80_92_03.jpg": 0.21793818473815918, "8_80_92_04.jpg": 0.20265495777130127, "8_80_92_05.jpg": 0.18782341480255127}