{"8_20_48_01.jpg": 0.3283674418926239, "8_20_48_02.jpg": 0.2178627848625183, "8_20_48_03.jpg": 0.21419154107570648, "8_20_48_04.jpg": 0.21399043500423431, "8_20_48_05.jpg": 0.20451988279819489}