{"8_88_80_01.jpg": 0.5478775501251221, "8_88_80_02.jpg": 0.3570655584335327, "8_88_80_03.jpg": 0.3430376946926117, "8_88_80_04.jpg": 0.2909703552722931, "8_88_80_05.jpg": 0.271822452545166}