{"8_64_20_01.jpg": 0.48311567306518555, "8_64_20_02.jpg": 0.24883417785167694, "8_64_20_03.jpg": 0.20078107714653015, "8_64_20_04.jpg": 0.20013435184955597, "8_64_20_05.jpg": 0.17058202624320984}