{"8_40_20_01.jpg": 0.49966922402381897, "8_40_20_02.jpg": 0.1002635806798935, "8_40_20_03.jpg": 0.08856607228517532, "8_40_20_04.jpg": 0.08535243570804596, "8_40_20_05.jpg": 0.07524186372756958}