{"8_100_52_01.jpg": 0.5203342437744141, "8_100_52_02.jpg": 0.17442239820957184, "8_100_52_03.jpg": 0.16750609874725342, "8_100_52_04.jpg": 0.151626318693161, "8_100_52_05.jpg": 0.1466265469789505}