{"8_28_48_01.jpg": 0.33140215277671814, "8_28_48_02.jpg": 0.2792486548423767, "8_28_48_03.jpg": 0.24046947062015533, "8_28_48_04.jpg": 0.19451585412025452, "8_28_48_05.jpg": 0.17913173139095306}