{"8_32_40_01.jpg": 0.2546473741531372, "8_32_40_02.jpg": 0.23730498552322388, "8_32_40_03.jpg": 0.22391948103904724, "8_32_40_04.jpg": 0.20988096296787262, "8_32_40_05.jpg": 0.19408836960792542}