{"8_48_12_01.jpg": 0.22306771576404572, "8_48_12_02.jpg": 0.1418684422969818, "8_48_12_03.jpg": 0.1301031857728958, "8_48_12_04.jpg": 0.11325173079967499, "8_48_12_05.jpg": 0.1009654849767685}