{"8_68_104_01.jpg": 0.3613895773887634, "8_68_104_02.jpg": 0.3273364305496216, "8_68_104_03.jpg": 0.2928692698478699, "8_68_104_04.jpg": 0.2545671761035919, "8_68_104_05.jpg": 0.2256801575422287}