{"8_64_36_01.jpg": 0.36192843317985535, "8_64_36_02.jpg": 0.19570022821426392, "8_64_36_03.jpg": 0.19341033697128296, "8_64_36_04.jpg": 0.18851658701896667, "8_64_36_05.jpg": 0.18542158603668213}