{"8_32_92_01.jpg": 0.4042258858680725, "8_32_92_02.jpg": 0.1905284970998764, "8_32_92_03.jpg": 0.18746691942214966, "8_32_92_04.jpg": 0.16932624578475952, "8_32_92_05.jpg": 0.1554817408323288}