{"8_100_48_01.jpg": 0.21212510764598846, "8_100_48_02.jpg": 0.1617940068244934, "8_100_48_03.jpg": 0.16137199103832245, "8_100_48_04.jpg": 0.11076109111309052, "8_100_48_05.jpg": 0.10791625082492828}