{"8_12_52_01.jpg": 0.2935710847377777, "8_12_52_02.jpg": 0.16960635781288147, "8_12_52_03.jpg": 0.16500377655029297, "8_12_52_04.jpg": 0.10179092735052109, "8_12_52_05.jpg": 0.08417318016290665}