{"8_96_36_01.jpg": 0.47039175033569336, "8_96_36_02.jpg": 0.36455532908439636, "8_96_36_03.jpg": 0.36149147152900696, "8_96_36_04.jpg": 0.34639501571655273, "8_96_36_05.jpg": 0.3263649344444275}