{"8_48_76_01.jpg": 0.32004496455192566, "8_48_76_02.jpg": 0.2022933065891266, "8_48_76_03.jpg": 0.15611150860786438, "8_48_76_04.jpg": 0.15369729697704315, "8_48_76_05.jpg": 0.12359875440597534}