{"8_32_44_01.jpg": 0.4171164929866791, "8_32_44_02.jpg": 0.35184818506240845, "8_32_44_03.jpg": 0.2653115689754486, "8_32_44_04.jpg": 0.18590345978736877, "8_32_44_05.jpg": 0.18217581510543823}