{"8_60_16_01.jpg": 0.4454939365386963, "8_60_16_02.jpg": 0.3611505329608917, "8_60_16_03.jpg": 0.2771376967430115, "8_60_16_04.jpg": 0.23964151740074158, "8_60_16_05.jpg": 0.2324989140033722}