{"8_44_24_01.jpg": 0.5027870535850525, "8_44_24_02.jpg": 0.337039589881897, "8_44_24_03.jpg": 0.21859072148799896, "8_44_24_04.jpg": 0.20719532668590546, "8_44_24_05.jpg": 0.19254831969738007}