{"8_60_84_01.jpg": 0.31650081276893616, "8_60_84_02.jpg": 0.2084375023841858, "8_60_84_03.jpg": 0.15877006947994232, "8_60_84_04.jpg": 0.1375047266483307, "8_60_84_05.jpg": 0.13615499436855316}