{"8_24_44_01.jpg": 0.27662596106529236, "8_24_44_02.jpg": 0.15467216074466705, "8_24_44_03.jpg": 0.1504872441291809, "8_24_44_04.jpg": 0.14195379614830017, "8_24_44_05.jpg": 0.12064484506845474}