{"8_36_24_01.jpg": 0.32471850514411926, "8_36_24_02.jpg": 0.17067791521549225, "8_36_24_03.jpg": 0.169592022895813, "8_36_24_04.jpg": 0.08882943540811539, "8_36_24_05.jpg": 0.07910289615392685}