{"8_40_32_01.jpg": 0.3654480576515198, "8_40_32_02.jpg": 0.26985782384872437, "8_40_32_03.jpg": 0.2652481496334076, "8_40_32_04.jpg": 0.18941499292850494, "8_40_32_05.jpg": 0.16225911676883698}