{"8_92_72_01.jpg": 0.26738154888153076, "8_92_72_02.jpg": 0.20185209810733795, "8_92_72_03.jpg": 0.19081087410449982, "8_92_72_04.jpg": 0.17014425992965698, "8_92_72_05.jpg": 0.10736625641584396}