{"8_60_32_01.jpg": 0.35946890711784363, "8_60_32_02.jpg": 0.3127087652683258, "8_60_32_03.jpg": 0.2725237309932709, "8_60_32_04.jpg": 0.2428417205810547, "8_60_32_05.jpg": 0.20542077720165253}