{"8_48_36_01.jpg": 0.40499159693717957, "8_48_36_02.jpg": 0.27203869819641113, "8_48_36_03.jpg": 0.20137563347816467, "8_48_36_04.jpg": 0.15502768754959106, "8_48_36_05.jpg": 0.15202128887176514}