{"8_68_96_01.jpg": 0.3433084189891815, "8_68_96_02.jpg": 0.15754301846027374, "8_68_96_03.jpg": 0.13451266288757324, "8_68_96_04.jpg": 0.0971357598900795, "8_68_96_05.jpg": 0.09236631542444229}