{"8_72_52_01.jpg": 0.37658610939979553, "8_72_52_02.jpg": 0.25558772683143616, "8_72_52_03.jpg": 0.24456211924552917, "8_72_52_04.jpg": 0.19561056792736053, "8_72_52_05.jpg": 0.1412259340286255}