{"8_20_72_01.jpg": 0.3663921654224396, "8_20_72_02.jpg": 0.33114486932754517, "8_20_72_03.jpg": 0.31369441747665405, "8_20_72_04.jpg": 0.3032824397087097, "8_20_72_05.jpg": 0.19266118109226227}