{"8_60_12_01.jpg": 0.3887041211128235, "8_60_12_02.jpg": 0.28962254524230957, "8_60_12_03.jpg": 0.24542750418186188, "8_60_12_04.jpg": 0.2055131196975708, "8_60_12_05.jpg": 0.18215137720108032}