{"8_72_56_01.jpg": 0.41469141840934753, "8_72_56_02.jpg": 0.3382911682128906, "8_72_56_03.jpg": 0.292720764875412, "8_72_56_04.jpg": 0.21928896009922028, "8_72_56_05.jpg": 0.2187470942735672}