{"8_48_76_01.jpg": 0.31807440519332886, "8_48_76_02.jpg": 0.2300027310848236, "8_48_76_03.jpg": 0.16214534640312195, "8_48_76_04.jpg": 0.133545383810997, "8_48_76_05.jpg": 0.12614259123802185}