{"8_48_40_01.jpg": 0.6127540469169617, "8_48_40_02.jpg": 0.27983519434928894, "8_48_40_03.jpg": 0.2658097445964813, "8_48_40_04.jpg": 0.1820564568042755, "8_48_40_05.jpg": 0.17752283811569214}