{"8_40_68_01.jpg": 0.4107479155063629, "8_40_68_02.jpg": 0.314070463180542, "8_40_68_03.jpg": 0.21246005594730377, "8_40_68_04.jpg": 0.19905541837215424, "8_40_68_05.jpg": 0.1704861968755722}