{"8_92_36_01.jpg": 0.2757876217365265, "8_92_36_02.jpg": 0.19652342796325684, "8_92_36_03.jpg": 0.16441713273525238, "8_92_36_04.jpg": 0.1418658196926117, "8_92_36_05.jpg": 0.1359977126121521}