{"8_36_24_01.jpg": 0.4059891402721405, "8_36_24_02.jpg": 0.1748642772436142, "8_36_24_03.jpg": 0.12121061980724335, "8_36_24_04.jpg": 0.08566056191921234, "8_36_24_05.jpg": 0.08376071602106094}