{"8_84_40_01.jpg": 0.42528727650642395, "8_84_40_02.jpg": 0.25454726815223694, "8_84_40_03.jpg": 0.2528778612613678, "8_84_40_04.jpg": 0.1817186176776886, "8_84_40_05.jpg": 0.1808069944381714}