{"8_56_96_01.jpg": 0.5785631537437439, "8_56_96_02.jpg": 0.2716812193393707, "8_56_96_03.jpg": 0.22901380062103271, "8_56_96_04.jpg": 0.18104404211044312, "8_56_96_05.jpg": 0.1785396784543991}