{"8_56_32_01.jpg": 0.28060394525527954, "8_56_32_02.jpg": 0.19501429796218872, "8_56_32_03.jpg": 0.17916958034038544, "8_56_32_04.jpg": 0.13574527204036713, "8_56_32_05.jpg": 0.12741343677043915}