{"8_72_96_01.jpg": 0.2878479063510895, "8_72_96_02.jpg": 0.27009719610214233, "8_72_96_03.jpg": 0.16937032341957092, "8_72_96_04.jpg": 0.13878490030765533, "8_72_96_05.jpg": 0.09901322424411774}