{"8_28_32_01.jpg": 0.25221434235572815, "8_28_32_02.jpg": 0.11334963887929916, "8_28_32_03.jpg": 0.09531895816326141, "8_28_32_04.jpg": 0.08872494101524353, "8_28_32_05.jpg": 0.08552371710538864}