{"8_12_48_01.jpg": 0.284461110830307, "8_12_48_02.jpg": 0.21457134187221527, "8_12_48_03.jpg": 0.19244782626628876, "8_12_48_04.jpg": 0.10319282859563828, "8_12_48_05.jpg": 0.07838857918977737}