{"8_56_20_01.jpg": 0.4532437324523926, "8_56_20_02.jpg": 0.31561294198036194, "8_56_20_03.jpg": 0.2809261381626129, "8_56_20_04.jpg": 0.2133091539144516, "8_56_20_05.jpg": 0.20011824369430542}