{"8_60_84_01.jpg": 0.3145730197429657, "8_60_84_02.jpg": 0.2022431641817093, "8_60_84_03.jpg": 0.12483730912208557, "8_60_84_04.jpg": 0.09113910049200058, "8_60_84_05.jpg": 0.07077178359031677}