{"8_56_96_01.jpg": 0.2819683849811554, "8_56_96_02.jpg": 0.21991358697414398, "8_56_96_03.jpg": 0.2152099609375, "8_56_96_04.jpg": 0.1494566798210144, "8_56_96_05.jpg": 0.1435135155916214}