{"8_64_100_01.jpg": 0.48200008273124695, "8_64_100_02.jpg": 0.4296320080757141, "8_64_100_03.jpg": 0.2928844690322876, "8_64_100_04.jpg": 0.27364519238471985, "8_64_100_05.jpg": 0.2589152753353119}