{"8_76_72_01.jpg": 0.5728034377098083, "8_76_72_02.jpg": 0.45884525775909424, "8_76_72_03.jpg": 0.380639910697937, "8_76_72_04.jpg": 0.3398491144180298, "8_76_72_05.jpg": 0.33555111289024353}