{"8_72_88_01.jpg": 0.35649922490119934, "8_72_88_02.jpg": 0.19366782903671265, "8_72_88_03.jpg": 0.1797965168952942, "8_72_88_04.jpg": 0.1717662215232849, "8_72_88_05.jpg": 0.169767826795578}