{"8_12_52_01.jpg": 0.2664909064769745, "8_12_52_02.jpg": 0.25176310539245605, "8_12_52_03.jpg": 0.22003884613513947, "8_12_52_04.jpg": 0.16802002489566803, "8_12_52_05.jpg": 0.16577912867069244}