{"8_28_52_01.jpg": 0.27984634041786194, "8_28_52_02.jpg": 0.21436093747615814, "8_28_52_03.jpg": 0.19263944029808044, "8_28_52_04.jpg": 0.19258446991443634, "8_28_52_05.jpg": 0.16072314977645874}