{"8_12_72_01.jpg": 0.3426039516925812, "8_12_72_02.jpg": 0.3006671667098999, "8_12_72_03.jpg": 0.17823849618434906, "8_12_72_04.jpg": 0.16530737280845642, "8_12_72_05.jpg": 0.15632762014865875}