{"8_44_92_01.jpg": 0.47984400391578674, "8_44_92_02.jpg": 0.3043687641620636, "8_44_92_03.jpg": 0.19221381843090057, "8_44_92_04.jpg": 0.16873081028461456, "8_44_92_05.jpg": 0.15161897242069244}