{"8_40_80_01.jpg": 0.5845772624015808, "8_40_80_02.jpg": 0.5334765315055847, "8_40_80_03.jpg": 0.43374162912368774, "8_40_80_04.jpg": 0.3810974061489105, "8_40_80_05.jpg": 0.3132324814796448}