{"8_60_60_01.jpg": 0.33068081736564636, "8_60_60_02.jpg": 0.22133679687976837, "8_60_60_03.jpg": 0.17685715854167938, "8_60_60_04.jpg": 0.1304055005311966, "8_60_60_05.jpg": 0.1212521642446518}