{"8_32_44_01.jpg": 0.22766882181167603, "8_32_44_02.jpg": 0.14693453907966614, "8_32_44_03.jpg": 0.09431526809930801, "8_32_44_04.jpg": 0.08523130416870117, "8_32_44_05.jpg": 0.08468713611364365}