{"8_72_80_01.jpg": 0.3988962471485138, "8_72_80_02.jpg": 0.1499556005001068, "8_72_80_03.jpg": 0.14305604994297028, "8_72_80_04.jpg": 0.13828767836093903, "8_72_80_05.jpg": 0.1363488882780075}