{"8_32_92_01.jpg": 0.36309006810188293, "8_32_92_02.jpg": 0.32437583804130554, "8_32_92_03.jpg": 0.28279373049736023, "8_32_92_04.jpg": 0.2680921256542206, "8_32_92_05.jpg": 0.26434847712516785}