{"8_72_32_01.jpg": 0.4849555492401123, "8_72_32_02.jpg": 0.34525346755981445, "8_72_32_03.jpg": 0.2820298969745636, "8_72_32_04.jpg": 0.26381275057792664, "8_72_32_05.jpg": 0.24200384318828583}