{"8_96_48_01.jpg": 0.31171131134033203, "8_96_48_02.jpg": 0.22311411798000336, "8_96_48_03.jpg": 0.18280157446861267, "8_96_48_04.jpg": 0.16280828416347504, "8_96_48_05.jpg": 0.11891960352659225}