{"8_80_36_01.jpg": 0.2840341329574585, "8_80_36_02.jpg": 0.1570972204208374, "8_80_36_03.jpg": 0.10512478649616241, "8_80_36_04.jpg": 0.08777366578578949, "8_80_36_05.jpg": 0.08295787125825882}