{"8_48_92_01.jpg": 0.28218770027160645, "8_48_92_02.jpg": 0.23774106800556183, "8_48_92_03.jpg": 0.18122804164886475, "8_48_92_04.jpg": 0.16047659516334534, "8_48_92_05.jpg": 0.1602742075920105}