{"8_20_68_01.jpg": 0.3240931034088135, "8_20_68_02.jpg": 0.16432808339595795, "8_20_68_03.jpg": 0.14732705056667328, "8_20_68_04.jpg": 0.1380254030227661, "8_20_68_05.jpg": 0.1366850882768631}