{"8_72_44_01.jpg": 0.45191067457199097, "8_72_44_02.jpg": 0.3233988285064697, "8_72_44_03.jpg": 0.2307875007390976, "8_72_44_04.jpg": 0.2306685596704483, "8_72_44_05.jpg": 0.20352645218372345}