{"8_56_100_01.jpg": 0.48343607783317566, "8_56_100_02.jpg": 0.3119986355304718, "8_56_100_03.jpg": 0.2950173020362854, "8_56_100_04.jpg": 0.17269638180732727, "8_56_100_05.jpg": 0.12549786269664764}