{"8_12_72_01.jpg": 0.3794495761394501, "8_12_72_02.jpg": 0.24482461810112, "8_12_72_03.jpg": 0.16774369776248932, "8_12_72_04.jpg": 0.14590772986412048, "8_12_72_05.jpg": 0.1448165625333786}