{"8_44_76_01.jpg": 0.28496822714805603, "8_44_76_02.jpg": 0.2019687294960022, "8_44_76_03.jpg": 0.16981887817382812, "8_44_76_04.jpg": 0.15492011606693268, "8_44_76_05.jpg": 0.11962614208459854}