{"8_84_48_01.jpg": 0.46332430839538574, "8_84_48_02.jpg": 0.42268404364585876, "8_84_48_03.jpg": 0.4186471998691559, "8_84_48_04.jpg": 0.38609474897384644, "8_84_48_05.jpg": 0.3037872314453125}