{"8_20_56_01.jpg": 0.3556506335735321, "8_20_56_02.jpg": 0.2757062315940857, "8_20_56_03.jpg": 0.19924481213092804, "8_20_56_04.jpg": 0.1757243126630783, "8_20_56_05.jpg": 0.15803827345371246}