{"8_32_60_01.jpg": 0.3666519522666931, "8_32_60_02.jpg": 0.20443204045295715, "8_32_60_03.jpg": 0.19496192038059235, "8_32_60_04.jpg": 0.17340190708637238, "8_32_60_05.jpg": 0.16244296729564667}