{"8_36_44_01.jpg": 0.37252500653266907, "8_36_44_02.jpg": 0.26620593667030334, "8_36_44_03.jpg": 0.24568933248519897, "8_36_44_04.jpg": 0.20255699753761292, "8_36_44_05.jpg": 0.20069442689418793}