{"8_100_68_01.jpg": 0.3408987820148468, "8_100_68_02.jpg": 0.19280613958835602, "8_100_68_03.jpg": 0.13850297033786774, "8_100_68_04.jpg": 0.12753142416477203, "8_100_68_05.jpg": 0.12706303596496582}