{"8_32_60_01.jpg": 0.3129231035709381, "8_32_60_02.jpg": 0.2173662781715393, "8_32_60_03.jpg": 0.14447636902332306, "8_32_60_04.jpg": 0.13099373877048492, "8_32_60_05.jpg": 0.10259615629911423}