{"8_84_80_01.jpg": 0.4229041337966919, "8_84_80_02.jpg": 0.3448348343372345, "8_84_80_03.jpg": 0.27389705181121826, "8_84_80_04.jpg": 0.25532495975494385, "8_84_80_05.jpg": 0.18807417154312134}