{"8_44_84_01.jpg": 0.264038622379303, "8_44_84_02.jpg": 0.15400007367134094, "8_44_84_03.jpg": 0.1307331919670105, "8_44_84_04.jpg": 0.12975816428661346, "8_44_84_05.jpg": 0.11242645233869553}