{"8_12_32_01.jpg": 0.4267119765281677, "8_12_32_02.jpg": 0.4141297936439514, "8_12_32_03.jpg": 0.3502808213233948, "8_12_32_04.jpg": 0.31295108795166016, "8_12_32_05.jpg": 0.26590418815612793}