{"8_28_68_01.jpg": 0.3478301763534546, "8_28_68_02.jpg": 0.2560232877731323, "8_28_68_03.jpg": 0.2508802115917206, "8_28_68_04.jpg": 0.239578515291214, "8_28_68_05.jpg": 0.2342498004436493}