{"8_68_28_01.jpg": 0.42908674478530884, "8_68_28_02.jpg": 0.28494516015052795, "8_68_28_03.jpg": 0.22006554901599884, "8_68_28_04.jpg": 0.16569124162197113, "8_68_28_05.jpg": 0.1633729785680771}