{"8_44_76_01.jpg": 0.37615644931793213, "8_44_76_02.jpg": 0.2601279616355896, "8_44_76_03.jpg": 0.24302110075950623, "8_44_76_04.jpg": 0.2410554140806198, "8_44_76_05.jpg": 0.21756702661514282}