{"8_16_64_01.jpg": 0.2606993317604065, "8_16_64_02.jpg": 0.1546323299407959, "8_16_64_03.jpg": 0.1281815767288208, "8_16_64_04.jpg": 0.1135043129324913, "8_16_64_05.jpg": 0.1058165654540062}