{"8_36_48_01.jpg": 0.48719674348831177, "8_36_48_02.jpg": 0.34328213334083557, "8_36_48_03.jpg": 0.31993749737739563, "8_36_48_04.jpg": 0.2534860372543335, "8_36_48_05.jpg": 0.24616962671279907}