{"8_92_28_01.jpg": 0.5421180129051208, "8_92_28_02.jpg": 0.2839395999908447, "8_92_28_03.jpg": 0.21903540194034576, "8_92_28_04.jpg": 0.18516431748867035, "8_92_28_05.jpg": 0.14738142490386963}