{"8_20_48_01.jpg": 0.27590635418891907, "8_20_48_02.jpg": 0.2545630633831024, "8_20_48_03.jpg": 0.18047654628753662, "8_20_48_04.jpg": 0.1673898696899414, "8_20_48_05.jpg": 0.1572374552488327}