{"8_36_24_01.jpg": 0.4165249764919281, "8_36_24_02.jpg": 0.22457125782966614, "8_36_24_03.jpg": 0.19869279861450195, "8_36_24_04.jpg": 0.19263730943202972, "8_36_24_05.jpg": 0.16170665621757507}