{"8_44_36_01.jpg": 0.3989853858947754, "8_44_36_02.jpg": 0.27505701780319214, "8_44_36_03.jpg": 0.2199161946773529, "8_44_36_04.jpg": 0.20999300479888916, "8_44_36_05.jpg": 0.20438425242900848}