{"8_36_72_01.jpg": 0.35940974950790405, "8_36_72_02.jpg": 0.32937124371528625, "8_36_72_03.jpg": 0.19691400229930878, "8_36_72_04.jpg": 0.18112145364284515, "8_36_72_05.jpg": 0.15038497745990753}