{"8_48_32_01.jpg": 0.2908967137336731, "8_48_32_02.jpg": 0.23405374586582184, "8_48_32_03.jpg": 0.14900170266628265, "8_48_32_04.jpg": 0.14845901727676392, "8_48_32_05.jpg": 0.1347368061542511}