{"8_32_24_01.jpg": 0.30635008215904236, "8_32_24_02.jpg": 0.21772152185440063, "8_32_24_03.jpg": 0.21218056976795197, "8_32_24_04.jpg": 0.18985363841056824, "8_32_24_05.jpg": 0.1826592981815338}