{"8_12_76_01.jpg": 0.3862118422985077, "8_12_76_02.jpg": 0.2503012418746948, "8_12_76_03.jpg": 0.18607217073440552, "8_12_76_04.jpg": 0.16511106491088867, "8_12_76_05.jpg": 0.16250653564929962}