{"8_52_32_01.jpg": 0.3973393738269806, "8_52_32_02.jpg": 0.34273770451545715, "8_52_32_03.jpg": 0.26268553733825684, "8_52_32_04.jpg": 0.24553385376930237, "8_52_32_05.jpg": 0.24480144679546356}