{"8_40_68_01.jpg": 0.32003578543663025, "8_40_68_02.jpg": 0.24630920588970184, "8_40_68_03.jpg": 0.23896107077598572, "8_40_68_04.jpg": 0.199439138174057, "8_40_68_05.jpg": 0.16180108487606049}