{"8_68_48_01.jpg": 0.2759717106819153, "8_68_48_02.jpg": 0.14834219217300415, "8_68_48_03.jpg": 0.13943275809288025, "8_68_48_04.jpg": 0.11406681686639786, "8_68_48_05.jpg": 0.0974084660410881}