{"8_56_20_01.jpg": 0.20464099943637848, "8_56_20_02.jpg": 0.17764031887054443, "8_56_20_03.jpg": 0.11816610395908356, "8_56_20_04.jpg": 0.11759895086288452, "8_56_20_05.jpg": 0.11474458128213882}