{"8_64_84_01.jpg": 0.28436461091041565, "8_64_84_02.jpg": 0.19105680286884308, "8_64_84_03.jpg": 0.11374811828136444, "8_64_84_04.jpg": 0.11233659833669662, "8_64_84_05.jpg": 0.10905461013317108}