{"8_84_60_01.jpg": 0.40010201930999756, "8_84_60_02.jpg": 0.3530564606189728, "8_84_60_03.jpg": 0.3381102383136749, "8_84_60_04.jpg": 0.3310936391353607, "8_84_60_05.jpg": 0.16968262195587158}