{"8_36_24_01.jpg": 0.4090190529823303, "8_36_24_02.jpg": 0.4057631492614746, "8_36_24_03.jpg": 0.2351408302783966, "8_36_24_04.jpg": 0.1748841255903244, "8_36_24_05.jpg": 0.15916766226291656}