{"8_28_68_01.jpg": 0.5507637858390808, "8_28_68_02.jpg": 0.23861978948116302, "8_28_68_03.jpg": 0.19995173811912537, "8_28_68_04.jpg": 0.1984141618013382, "8_28_68_05.jpg": 0.1760963499546051}