{"8_72_16_01.jpg": 0.2672044038772583, "8_72_16_02.jpg": 0.0928460881114006, "8_72_16_03.jpg": 0.09099334478378296, "8_72_16_04.jpg": 0.06289493292570114, "8_72_16_05.jpg": 0.06254152953624725}