{"8_28_28_01.jpg": 0.2975609600543976, "8_28_28_02.jpg": 0.2218518704175949, "8_28_28_03.jpg": 0.19099357724189758, "8_28_28_04.jpg": 0.17796224355697632, "8_28_28_05.jpg": 0.16515153646469116}