{"8_20_84_01.jpg": 0.47947874665260315, "8_20_84_02.jpg": 0.4761507213115692, "8_20_84_03.jpg": 0.4409608542919159, "8_20_84_04.jpg": 0.3764708340167999, "8_20_84_05.jpg": 0.2931065261363983}