{"8_32_16_01.jpg": 0.37129682302474976, "8_32_16_02.jpg": 0.3539970815181732, "8_32_16_03.jpg": 0.1565062403678894, "8_32_16_04.jpg": 0.1533561646938324, "8_32_16_05.jpg": 0.1451263278722763}