{"8_52_12_01.jpg": 0.2530045807361603, "8_52_12_02.jpg": 0.15410439670085907, "8_52_12_03.jpg": 0.1482955813407898, "8_52_12_04.jpg": 0.14310817420482635, "8_52_12_05.jpg": 0.11723169684410095}