{"8_72_24_01.jpg": 0.5683408379554749, "8_72_24_02.jpg": 0.3516616225242615, "8_72_24_03.jpg": 0.3144369125366211, "8_72_24_04.jpg": 0.2785327732563019, "8_72_24_05.jpg": 0.22615587711334229}