{"8_60_96_01.jpg": 0.439409464597702, "8_60_96_02.jpg": 0.3668845295906067, "8_60_96_03.jpg": 0.3311160206794739, "8_60_96_04.jpg": 0.25868332386016846, "8_60_96_05.jpg": 0.25125038623809814}