{"8_52_104_01.jpg": 0.35778698325157166, "8_52_104_02.jpg": 0.23567631840705872, "8_52_104_03.jpg": 0.21091356873512268, "8_52_104_04.jpg": 0.20788145065307617, "8_52_104_05.jpg": 0.18928110599517822}