{"8_40_96_01.jpg": 0.41879597306251526, "8_40_96_02.jpg": 0.4077652096748352, "8_40_96_03.jpg": 0.27675288915634155, "8_40_96_04.jpg": 0.2487824261188507, "8_40_96_05.jpg": 0.2205636203289032}