{"8_8_56_01.jpg": 0.4689263105392456, "8_8_56_02.jpg": 0.24471840262413025, "8_8_56_03.jpg": 0.2243354767560959, "8_8_56_04.jpg": 0.1650151163339615, "8_8_56_05.jpg": 0.15901516377925873}