{"8_48_32_01.jpg": 0.35817214846611023, "8_48_32_02.jpg": 0.2527516782283783, "8_48_32_03.jpg": 0.24889406561851501, "8_48_32_04.jpg": 0.2304142564535141, "8_48_32_05.jpg": 0.14783979952335358}