{"8_76_56_01.jpg": 0.3700203001499176, "8_76_56_02.jpg": 0.2506483197212219, "8_76_56_03.jpg": 0.23632797598838806, "8_76_56_04.jpg": 0.21507325768470764, "8_76_56_05.jpg": 0.20295630395412445}