{"8_60_72_01.jpg": 0.47965750098228455, "8_60_72_02.jpg": 0.33106619119644165, "8_60_72_03.jpg": 0.2924674153327942, "8_60_72_04.jpg": 0.28322339057922363, "8_60_72_05.jpg": 0.26673394441604614}