{"8_28_68_01.jpg": 0.3130132853984833, "8_28_68_02.jpg": 0.26085785031318665, "8_28_68_03.jpg": 0.19066990911960602, "8_28_68_04.jpg": 0.16710326075553894, "8_28_68_05.jpg": 0.14296188950538635}