{"8_68_76_01.jpg": 0.29509028792381287, "8_68_76_02.jpg": 0.21811911463737488, "8_68_76_03.jpg": 0.19945108890533447, "8_68_76_04.jpg": 0.0843447595834732, "8_68_76_05.jpg": 0.08422248810529709}