{"8_76_8_01.jpg": 0.2709103226661682, "8_76_8_02.jpg": 0.16908740997314453, "8_76_8_03.jpg": 0.09828487038612366, "8_76_8_04.jpg": 0.08951221406459808, "8_76_8_05.jpg": 0.0740654394030571}