{"8_40_56_01.jpg": 0.3054203391075134, "8_40_56_02.jpg": 0.1369001716375351, "8_40_56_03.jpg": 0.12949445843696594, "8_40_56_04.jpg": 0.0998302698135376, "8_40_56_05.jpg": 0.09167731553316116}