{"8_80_20_01.jpg": 0.3034471571445465, "8_80_20_02.jpg": 0.16410309076309204, "8_80_20_03.jpg": 0.12927433848381042, "8_80_20_04.jpg": 0.12202256172895432, "8_80_20_05.jpg": 0.10816944390535355}