{"8_56_60_01.jpg": 0.29022297263145447, "8_56_60_02.jpg": 0.20331373810768127, "8_56_60_03.jpg": 0.16333886981010437, "8_56_60_04.jpg": 0.12148703634738922, "8_56_60_05.jpg": 0.11842811107635498}