{"8_60_72_01.jpg": 0.21732604503631592, "8_60_72_02.jpg": 0.12635859847068787, "8_60_72_03.jpg": 0.12629255652427673, "8_60_72_04.jpg": 0.11714468151330948, "8_60_72_05.jpg": 0.10432747006416321}