{"8_68_24_01.jpg": 0.3057394325733185, "8_68_24_02.jpg": 0.16332466900348663, "8_68_24_03.jpg": 0.1285734921693802, "8_68_24_04.jpg": 0.12851791083812714, "8_68_24_05.jpg": 0.08931773900985718}