{"8_52_100_01.jpg": 0.29669061303138733, "8_52_100_02.jpg": 0.23165015876293182, "8_52_100_03.jpg": 0.19554123282432556, "8_52_100_04.jpg": 0.12390004843473434, "8_52_100_05.jpg": 0.07828968018293381}