{"8_60_60_01.jpg": 0.32386165857315063, "8_60_60_02.jpg": 0.1766800880432129, "8_60_60_03.jpg": 0.15436045825481415, "8_60_60_04.jpg": 0.14145441353321075, "8_60_60_05.jpg": 0.11839543282985687}