{"8_96_28_01.jpg": 0.163066565990448, "8_96_28_02.jpg": 0.09171649813652039, "8_96_28_03.jpg": 0.08362238109111786, "8_96_28_04.jpg": 0.08122608810663223, "8_96_28_05.jpg": 0.0713268518447876}