{"8_24_68_01.jpg": 0.2806575298309326, "8_24_68_02.jpg": 0.17950324714183807, "8_24_68_03.jpg": 0.13223901391029358, "8_24_68_04.jpg": 0.11120028793811798, "8_24_68_05.jpg": 0.11084568500518799}