{"8_28_68_01.jpg": 0.30298087000846863, "8_28_68_02.jpg": 0.20153850317001343, "8_28_68_03.jpg": 0.18664292991161346, "8_28_68_04.jpg": 0.14085859060287476, "8_28_68_05.jpg": 0.14041072130203247}