{"8_44_84_01.jpg": 0.3656708002090454, "8_44_84_02.jpg": 0.2288508117198944, "8_44_84_03.jpg": 0.20571285486221313, "8_44_84_04.jpg": 0.17257237434387207, "8_44_84_05.jpg": 0.17162708938121796}