{"8_44_108_01.jpg": 0.41066256165504456, "8_44_108_02.jpg": 0.18641488254070282, "8_44_108_03.jpg": 0.1770630180835724, "8_44_108_04.jpg": 0.13508760929107666, "8_44_108_05.jpg": 0.10595876723527908}