{"8_80_72_01.jpg": 0.25792092084884644, "8_80_72_02.jpg": 0.20626972615718842, "8_80_72_03.jpg": 0.10057181119918823, "8_80_72_04.jpg": 0.0855633094906807, "8_80_72_05.jpg": 0.07329264283180237}