{"8_40_64_01.jpg": 0.4132453501224518, "8_40_64_02.jpg": 0.34361156821250916, "8_40_64_03.jpg": 0.3101935088634491, "8_40_64_04.jpg": 0.2971380054950714, "8_40_64_05.jpg": 0.2454851269721985}