{"8_64_92_01.jpg": 0.21028536558151245, "8_64_92_02.jpg": 0.12650567293167114, "8_64_92_03.jpg": 0.12624220550060272, "8_64_92_04.jpg": 0.1133793517947197, "8_64_92_05.jpg": 0.10936027020215988}