{"8_40_32_01.jpg": 0.3164074420928955, "8_40_32_02.jpg": 0.18669746816158295, "8_40_32_03.jpg": 0.1696947067975998, "8_40_32_04.jpg": 0.16569148004055023, "8_40_32_05.jpg": 0.10286038368940353}