{"8_68_48_01.jpg": 0.24272137880325317, "8_68_48_02.jpg": 0.10243690013885498, "8_68_48_03.jpg": 0.09914299845695496, "8_68_48_04.jpg": 0.09907005727291107, "8_68_48_05.jpg": 0.09320929646492004}