{"8_76_52_01.jpg": 0.5889561176300049, "8_76_52_02.jpg": 0.5033640265464783, "8_76_52_03.jpg": 0.18161240220069885, "8_76_52_04.jpg": 0.17175155878067017, "8_76_52_05.jpg": 0.13914912939071655}