{"8_36_88_01.jpg": 0.2950308322906494, "8_36_88_02.jpg": 0.16306406259536743, "8_36_88_03.jpg": 0.151485413312912, "8_36_88_04.jpg": 0.1381775140762329, "8_36_88_05.jpg": 0.11255407333374023}