{"8_60_20_01.jpg": 0.44728392362594604, "8_60_20_02.jpg": 0.3927846848964691, "8_60_20_03.jpg": 0.29342278838157654, "8_60_20_04.jpg": 0.27524638175964355, "8_60_20_05.jpg": 0.27284476161003113}