{"8_92_28_01.jpg": 0.4622257649898529, "8_92_28_02.jpg": 0.1659209132194519, "8_92_28_03.jpg": 0.16095827519893646, "8_92_28_04.jpg": 0.11801709979772568, "8_92_28_05.jpg": 0.10974084585905075}