{"8_40_28_01.jpg": 0.4298819899559021, "8_40_28_02.jpg": 0.16841734945774078, "8_40_28_03.jpg": 0.1299857348203659, "8_40_28_04.jpg": 0.11260762810707092, "8_40_28_05.jpg": 0.10654942691326141}