{"8_100_52_01.jpg": 0.22368796169757843, "8_100_52_02.jpg": 0.1563466489315033, "8_100_52_03.jpg": 0.14833800494670868, "8_100_52_04.jpg": 0.12797288596630096, "8_100_52_05.jpg": 0.11974682658910751}