{"8_52_16_01.jpg": 0.4387144446372986, "8_52_16_02.jpg": 0.3156701326370239, "8_52_16_03.jpg": 0.26846182346343994, "8_52_16_04.jpg": 0.22670651972293854, "8_52_16_05.jpg": 0.19864492118358612}