{"8_64_100_01.jpg": 0.4490184783935547, "8_64_100_02.jpg": 0.23364029824733734, "8_64_100_03.jpg": 0.1924716830253601, "8_64_100_04.jpg": 0.16551722586154938, "8_64_100_05.jpg": 0.1381695419549942}