{"8_32_88_01.jpg": 0.3590998351573944, "8_32_88_02.jpg": 0.23327255249023438, "8_32_88_03.jpg": 0.2115267515182495, "8_32_88_04.jpg": 0.20212271809577942, "8_32_88_05.jpg": 0.1972009837627411}