{"8_48_64_01.jpg": 0.36898720264434814, "8_48_64_02.jpg": 0.29615744948387146, "8_48_64_03.jpg": 0.2578858733177185, "8_48_64_04.jpg": 0.21639114618301392, "8_48_64_05.jpg": 0.1956147998571396}