{"8_4_64_01.jpg": 0.3592461347579956, "8_4_64_02.jpg": 0.18743301928043365, "8_4_64_03.jpg": 0.18580485880374908, "8_4_64_04.jpg": 0.1827186495065689, "8_4_64_05.jpg": 0.16283702850341797}