{"8_40_56_01.jpg": 0.3895570635795593, "8_40_56_02.jpg": 0.28494855761528015, "8_40_56_03.jpg": 0.22206908464431763, "8_40_56_04.jpg": 0.17523504793643951, "8_40_56_05.jpg": 0.1232699379324913}