{"8_52_20_01.jpg": 0.3139462471008301, "8_52_20_02.jpg": 0.2073066234588623, "8_52_20_03.jpg": 0.1657947301864624, "8_52_20_04.jpg": 0.1291661560535431, "8_52_20_05.jpg": 0.12755118310451508}