{"8_80_72_01.jpg": 0.27225133776664734, "8_80_72_02.jpg": 0.1560707837343216, "8_80_72_03.jpg": 0.10634423792362213, "8_80_72_04.jpg": 0.10028830170631409, "8_80_72_05.jpg": 0.08094841986894608}