{"8_32_80_01.jpg": 0.27710211277008057, "8_32_80_02.jpg": 0.20633429288864136, "8_32_80_03.jpg": 0.17324982583522797, "8_32_80_04.jpg": 0.1239294782280922, "8_32_80_05.jpg": 0.10419964045286179}