{"8_100_32_01.jpg": 0.17825554311275482, "8_100_32_02.jpg": 0.1444963961839676, "8_100_32_03.jpg": 0.10480178147554398, "8_100_32_04.jpg": 0.09979753196239471, "8_100_32_05.jpg": 0.09601892530918121}