{"8_88_92_01.jpg": 0.19606950879096985, "8_88_92_02.jpg": 0.17221669852733612, "8_88_92_03.jpg": 0.125261589884758, "8_88_92_04.jpg": 0.1081090196967125, "8_88_92_05.jpg": 0.09771544486284256}