{"8_40_20_01.jpg": 0.3247847259044647, "8_40_20_02.jpg": 0.19232749938964844, "8_40_20_03.jpg": 0.16623303294181824, "8_40_20_04.jpg": 0.1117761880159378, "8_40_20_05.jpg": 0.10227528214454651}