{"8_48_80_01.jpg": 0.24463561177253723, "8_48_80_02.jpg": 0.1735539585351944, "8_48_80_03.jpg": 0.10963287949562073, "8_48_80_04.jpg": 0.10917070508003235, "8_48_80_05.jpg": 0.1074656993150711}