{"8_52_80_01.jpg": 0.524684727191925, "8_52_80_02.jpg": 0.35712775588035583, "8_52_80_03.jpg": 0.25853231549263, "8_52_80_04.jpg": 0.1908263862133026, "8_52_80_05.jpg": 0.18682673573493958}