{"8_68_88_01.jpg": 0.40370994806289673, "8_68_88_02.jpg": 0.39928966760635376, "8_68_88_03.jpg": 0.3306788206100464, "8_68_88_04.jpg": 0.32507023215293884, "8_68_88_05.jpg": 0.2951483130455017}