{"8_28_24_01.jpg": 0.32678085565567017, "8_28_24_02.jpg": 0.23316137492656708, "8_28_24_03.jpg": 0.16544955968856812, "8_28_24_04.jpg": 0.16498541831970215, "8_28_24_05.jpg": 0.16400067508220673}