{"8_88_88_01.jpg": 0.2126842737197876, "8_88_88_02.jpg": 0.18202316761016846, "8_88_88_03.jpg": 0.1517127901315689, "8_88_88_04.jpg": 0.13680607080459595, "8_88_88_05.jpg": 0.1367824226617813}