{"8_84_24_01.jpg": 0.22189994156360626, "8_84_24_02.jpg": 0.1553294062614441, "8_84_24_03.jpg": 0.1391773521900177, "8_84_24_04.jpg": 0.12052406370639801, "8_84_24_05.jpg": 0.11000748723745346}