{"8_32_32_01.jpg": 0.23911921679973602, "8_32_32_02.jpg": 0.1770685613155365, "8_32_32_03.jpg": 0.16889651119709015, "8_32_32_04.jpg": 0.13478682935237885, "8_32_32_05.jpg": 0.11438383907079697}