{"8_112_52_01.jpg": 0.23913194239139557, "8_112_52_02.jpg": 0.23160405457019806, "8_112_52_03.jpg": 0.17345121502876282, "8_112_52_04.jpg": 0.10928738862276077, "8_112_52_05.jpg": 0.10748188942670822}