{"8_60_32_01.jpg": 0.268195241689682, "8_60_32_02.jpg": 0.14062829315662384, "8_60_32_03.jpg": 0.11100929975509644, "8_60_32_04.jpg": 0.08464488387107849, "8_60_32_05.jpg": 0.06259415298700333}