{"8_20_24_01.jpg": 0.3585076630115509, "8_20_24_02.jpg": 0.22599424421787262, "8_20_24_03.jpg": 0.22032782435417175, "8_20_24_04.jpg": 0.1854504644870758, "8_20_24_05.jpg": 0.1559121459722519}