{"8_52_24_01.jpg": 0.2714116871356964, "8_52_24_02.jpg": 0.13738514482975006, "8_52_24_03.jpg": 0.11789345741271973, "8_52_24_04.jpg": 0.11055894941091537, "8_52_24_05.jpg": 0.10851981490850449}