{"8_28_80_01.jpg": 0.41413313150405884, "8_28_80_02.jpg": 0.3181174397468567, "8_28_80_03.jpg": 0.26041924953460693, "8_28_80_04.jpg": 0.2449885606765747, "8_28_80_05.jpg": 0.22042860090732574}