{"8_40_64_01.jpg": 0.3133986294269562, "8_40_64_02.jpg": 0.16304965317249298, "8_40_64_03.jpg": 0.14181578159332275, "8_40_64_04.jpg": 0.12937632203102112, "8_40_64_05.jpg": 0.12414638698101044}