{"8_44_64_01.jpg": 0.33203911781311035, "8_44_64_02.jpg": 0.27814945578575134, "8_44_64_03.jpg": 0.22581465542316437, "8_44_64_04.jpg": 0.21083058416843414, "8_44_64_05.jpg": 0.17831747233867645}