{"8_52_76_01.jpg": 0.40125325322151184, "8_52_76_02.jpg": 0.2716544270515442, "8_52_76_03.jpg": 0.19533807039260864, "8_52_76_04.jpg": 0.19034722447395325, "8_52_76_05.jpg": 0.16620315611362457}