{"8_56_64_01.jpg": 0.30524393916130066, "8_56_64_02.jpg": 0.22514912486076355, "8_56_64_03.jpg": 0.220526322722435, "8_56_64_04.jpg": 0.1863734871149063, "8_56_64_05.jpg": 0.172692209482193}