{"8_24_92_01.jpg": 0.4490395784378052, "8_24_92_02.jpg": 0.2100880891084671, "8_24_92_03.jpg": 0.20787595212459564, "8_24_92_04.jpg": 0.2021884322166443, "8_24_92_05.jpg": 0.19359882175922394}