{"8_32_28_01.jpg": 0.5718502998352051, "8_32_28_02.jpg": 0.1601603478193283, "8_32_28_03.jpg": 0.15600869059562683, "8_32_28_04.jpg": 0.13943852484226227, "8_32_28_05.jpg": 0.12743113934993744}