{"8_76_12_01.jpg": 0.44053715467453003, "8_76_12_02.jpg": 0.39652198553085327, "8_76_12_03.jpg": 0.2805315852165222, "8_76_12_04.jpg": 0.26411792635917664, "8_76_12_05.jpg": 0.2494567483663559}