{"8_12_52_01.jpg": 0.24968378245830536, "8_12_52_02.jpg": 0.18680153787136078, "8_12_52_03.jpg": 0.15500445663928986, "8_12_52_04.jpg": 0.1449875831604004, "8_12_52_05.jpg": 0.11509103327989578}