{"8_36_60_01.jpg": 0.38216474652290344, "8_36_60_02.jpg": 0.2971154451370239, "8_36_60_03.jpg": 0.2892206609249115, "8_36_60_04.jpg": 0.2681563198566437, "8_36_60_05.jpg": 0.2505168616771698}