{"8_44_52_01.jpg": 0.4901725947856903, "8_44_52_02.jpg": 0.3757885694503784, "8_44_52_03.jpg": 0.3073848783969879, "8_44_52_04.jpg": 0.1790759414434433, "8_44_52_05.jpg": 0.16459767520427704}