{"8_40_48_01.jpg": 0.2660443186759949, "8_40_48_02.jpg": 0.253027081489563, "8_40_48_03.jpg": 0.2502569258213043, "8_40_48_04.jpg": 0.22874954342842102, "8_40_48_05.jpg": 0.1754574477672577}