{"8_48_8_01.jpg": 0.4373663663864136, "8_48_8_02.jpg": 0.18162311613559723, "8_48_8_03.jpg": 0.13731439411640167, "8_48_8_04.jpg": 0.12091276049613953, "8_48_8_05.jpg": 0.10279294103384018}