{"8_52_20_01.jpg": 0.289007306098938, "8_52_20_02.jpg": 0.1583019495010376, "8_52_20_03.jpg": 0.15772786736488342, "8_52_20_04.jpg": 0.09638294577598572, "8_52_20_05.jpg": 0.09628313779830933}