{"8_36_68_01.jpg": 0.39826610684394836, "8_36_68_02.jpg": 0.25755852460861206, "8_36_68_03.jpg": 0.2510382831096649, "8_36_68_04.jpg": 0.21466365456581116, "8_36_68_05.jpg": 0.19096289575099945}