{"8_56_64_01.jpg": 0.30418604612350464, "8_56_64_02.jpg": 0.2900080978870392, "8_56_64_03.jpg": 0.12663505971431732, "8_56_64_04.jpg": 0.10728845745325089, "8_56_64_05.jpg": 0.09821835160255432}