{"8_48_12_01.jpg": 0.3220493495464325, "8_48_12_02.jpg": 0.3037170171737671, "8_48_12_03.jpg": 0.2677997052669525, "8_48_12_04.jpg": 0.22103451192378998, "8_48_12_05.jpg": 0.1660345196723938}