{"8_32_20_01.jpg": 0.3687278926372528, "8_32_20_02.jpg": 0.18930043280124664, "8_32_20_03.jpg": 0.1512044072151184, "8_32_20_04.jpg": 0.10390254110097885, "8_32_20_05.jpg": 0.10260358452796936}