{"8_44_28_01.jpg": 0.3023579716682434, "8_44_28_02.jpg": 0.18284666538238525, "8_44_28_03.jpg": 0.11703632771968842, "8_44_28_04.jpg": 0.1051955595612526, "8_44_28_05.jpg": 0.09991732984781265}