{"8_56_20_01.jpg": 0.31965747475624084, "8_56_20_02.jpg": 0.2889873683452606, "8_56_20_03.jpg": 0.24067655205726624, "8_56_20_04.jpg": 0.23509739339351654, "8_56_20_05.jpg": 0.23330886662006378}