{"8_68_40_01.jpg": 0.3977663815021515, "8_68_40_02.jpg": 0.3821953237056732, "8_68_40_03.jpg": 0.3222723603248596, "8_68_40_04.jpg": 0.2859428822994232, "8_68_40_05.jpg": 0.26380789279937744}