{"8_56_56_01.jpg": 0.2223416268825531, "8_56_56_02.jpg": 0.17746543884277344, "8_56_56_03.jpg": 0.14953801035881042, "8_56_56_04.jpg": 0.14298281073570251, "8_56_56_05.jpg": 0.12910370528697968}