{"8_28_88_01.jpg": 0.25355827808380127, "8_28_88_02.jpg": 0.22710910439491272, "8_28_88_03.jpg": 0.2000255286693573, "8_28_88_04.jpg": 0.19714954495429993, "8_28_88_05.jpg": 0.13226482272148132}