{"8_76_44_01.jpg": 0.22262774407863617, "8_76_44_02.jpg": 0.20431764423847198, "8_76_44_03.jpg": 0.19189457595348358, "8_76_44_04.jpg": 0.18880851566791534, "8_76_44_05.jpg": 0.11487550288438797}