{"8_20_56_01.jpg": 0.22692392766475677, "8_20_56_02.jpg": 0.15297448635101318, "8_20_56_03.jpg": 0.12125004827976227, "8_20_56_04.jpg": 0.1150355264544487, "8_20_56_05.jpg": 0.10878292471170425}