{"8_56_60_01.jpg": 0.2808589041233063, "8_56_60_02.jpg": 0.19558143615722656, "8_56_60_03.jpg": 0.15666137635707855, "8_56_60_04.jpg": 0.11269967257976532, "8_56_60_05.jpg": 0.1091635674238205}