{"8_84_24_01.jpg": 0.3054439127445221, "8_84_24_02.jpg": 0.22005288302898407, "8_84_24_03.jpg": 0.1555858552455902, "8_84_24_04.jpg": 0.15344789624214172, "8_84_24_05.jpg": 0.14387834072113037}