{"8_8_44_01.jpg": 0.39315879344940186, "8_8_44_02.jpg": 0.3715779185295105, "8_8_44_03.jpg": 0.3397374451160431, "8_8_44_04.jpg": 0.32985445857048035, "8_8_44_05.jpg": 0.24321776628494263}