{"8_52_28_01.jpg": 0.3436559736728668, "8_52_28_02.jpg": 0.27733615040779114, "8_52_28_03.jpg": 0.24133145809173584, "8_52_28_04.jpg": 0.23514358699321747, "8_52_28_05.jpg": 0.22817759215831757}