{"8_40_56_01.jpg": 0.4346208870410919, "8_40_56_02.jpg": 0.33576372265815735, "8_40_56_03.jpg": 0.2886796295642853, "8_40_56_04.jpg": 0.2184288501739502, "8_40_56_05.jpg": 0.20596212148666382}