{"8_24_64_01.jpg": 0.32587000727653503, "8_24_64_02.jpg": 0.2906441390514374, "8_24_64_03.jpg": 0.2651338577270508, "8_24_64_04.jpg": 0.25968557596206665, "8_24_64_05.jpg": 0.23972240090370178}