{"8_24_24_01.jpg": 0.39938274025917053, "8_24_24_02.jpg": 0.3972369432449341, "8_24_24_03.jpg": 0.2903549373149872, "8_24_24_04.jpg": 0.2632696330547333, "8_24_24_05.jpg": 0.22959847748279572}