{"8_56_32_01.jpg": 0.2805815637111664, "8_56_32_02.jpg": 0.24769191443920135, "8_56_32_03.jpg": 0.21584609150886536, "8_56_32_04.jpg": 0.1790698766708374, "8_56_32_05.jpg": 0.14477859437465668}