{"8_16_56_01.jpg": 0.1791340857744217, "8_16_56_02.jpg": 0.1678403615951538, "8_16_56_03.jpg": 0.16644848883152008, "8_16_56_04.jpg": 0.15226371586322784, "8_16_56_05.jpg": 0.10500776022672653}