{"8_76_8_01.jpg": 0.5421578884124756, "8_76_8_02.jpg": 0.3533051609992981, "8_76_8_03.jpg": 0.3363705575466156, "8_76_8_04.jpg": 0.14265739917755127, "8_76_8_05.jpg": 0.1218893751502037}