{"8_56_80_01.jpg": 0.22594831883907318, "8_56_80_02.jpg": 0.18965557217597961, "8_56_80_03.jpg": 0.17635273933410645, "8_56_80_04.jpg": 0.16333480179309845, "8_56_80_05.jpg": 0.14227940142154694}