{"8_40_80_01.jpg": 0.26191017031669617, "8_40_80_02.jpg": 0.21542519330978394, "8_40_80_03.jpg": 0.17094755172729492, "8_40_80_04.jpg": 0.15746164321899414, "8_40_80_05.jpg": 0.1513909250497818}