{"8_20_72_01.jpg": 0.22126293182373047, "8_20_72_02.jpg": 0.20327967405319214, "8_20_72_03.jpg": 0.20125319063663483, "8_20_72_04.jpg": 0.19565413892269135, "8_20_72_05.jpg": 0.1713947206735611}