{"8_44_28_01.jpg": 0.2984727919101715, "8_44_28_02.jpg": 0.28698012232780457, "8_44_28_03.jpg": 0.1837323158979416, "8_44_28_04.jpg": 0.18227799236774445, "8_44_28_05.jpg": 0.18045878410339355}