{"8_24_80_01.jpg": 0.23594143986701965, "8_24_80_02.jpg": 0.1686718761920929, "8_24_80_03.jpg": 0.16462817788124084, "8_24_80_04.jpg": 0.1495705246925354, "8_24_80_05.jpg": 0.1310732215642929}