{"8_28_48_01.jpg": 0.2926558554172516, "8_28_48_02.jpg": 0.2108578234910965, "8_28_48_03.jpg": 0.14275901019573212, "8_28_48_04.jpg": 0.12958717346191406, "8_28_48_05.jpg": 0.12214345484972}