{"8_32_52_01.jpg": 0.503442645072937, "8_32_52_02.jpg": 0.36287373304367065, "8_32_52_03.jpg": 0.2561580538749695, "8_32_52_04.jpg": 0.24918773770332336, "8_32_52_05.jpg": 0.21066324412822723}