{"8_56_108_01.jpg": 0.3625645935535431, "8_56_108_02.jpg": 0.21361187100410461, "8_56_108_03.jpg": 0.1523120403289795, "8_56_108_04.jpg": 0.14165951311588287, "8_56_108_05.jpg": 0.1358610987663269}