{"8_60_20_01.jpg": 0.33143752813339233, "8_60_20_02.jpg": 0.30854424834251404, "8_60_20_03.jpg": 0.2836328446865082, "8_60_20_04.jpg": 0.2687104344367981, "8_60_20_05.jpg": 0.2470657080411911}