{"8_68_28_01.jpg": 0.3320173919200897, "8_68_28_02.jpg": 0.14750804007053375, "8_68_28_03.jpg": 0.12505367398262024, "8_68_28_04.jpg": 0.12358278781175613, "8_68_28_05.jpg": 0.11334822326898575}