{"8_92_40_01.jpg": 0.3460736572742462, "8_92_40_02.jpg": 0.26158657670021057, "8_92_40_03.jpg": 0.22108721733093262, "8_92_40_04.jpg": 0.17030495405197144, "8_92_40_05.jpg": 0.161122128367424}