{"8_44_92_01.jpg": 0.27267688512802124, "8_44_92_02.jpg": 0.17910480499267578, "8_44_92_03.jpg": 0.17490318417549133, "8_44_92_04.jpg": 0.17472036182880402, "8_44_92_05.jpg": 0.17013715207576752}