{"8_40_96_01.jpg": 0.3563825488090515, "8_40_96_02.jpg": 0.1683661788702011, "8_40_96_03.jpg": 0.16407738626003265, "8_40_96_04.jpg": 0.1622852385044098, "8_40_96_05.jpg": 0.15375728905200958}