{"8_100_56_01.jpg": 0.47142553329467773, "8_100_56_02.jpg": 0.29739460349082947, "8_100_56_03.jpg": 0.2918229103088379, "8_100_56_04.jpg": 0.2677803933620453, "8_100_56_05.jpg": 0.2619240880012512}