{"8_56_84_01.jpg": 0.22365671396255493, "8_56_84_02.jpg": 0.20147325098514557, "8_56_84_03.jpg": 0.19608987867832184, "8_56_84_04.jpg": 0.12941351532936096, "8_56_84_05.jpg": 0.10696690529584885}