{"8_44_80_01.jpg": 0.34870249032974243, "8_44_80_02.jpg": 0.19922129809856415, "8_44_80_03.jpg": 0.19600993394851685, "8_44_80_04.jpg": 0.18756480515003204, "8_44_80_05.jpg": 0.12943077087402344}