{"8_24_88_01.jpg": 0.22193597257137299, "8_24_88_02.jpg": 0.14799875020980835, "8_24_88_03.jpg": 0.11736702173948288, "8_24_88_04.jpg": 0.11399461328983307, "8_24_88_05.jpg": 0.09404942393302917}