{"8_76_64_01.jpg": 0.2591021955013275, "8_76_64_02.jpg": 0.19914530217647552, "8_76_64_03.jpg": 0.1712196320295334, "8_76_64_04.jpg": 0.1381811797618866, "8_76_64_05.jpg": 0.13097676634788513}