{"8_100_48_01.jpg": 0.17839041352272034, "8_100_48_02.jpg": 0.11172462999820709, "8_100_48_03.jpg": 0.10746738314628601, "8_100_48_04.jpg": 0.09752985835075378, "8_100_48_05.jpg": 0.08351746201515198}