{"8_68_68_01.jpg": 0.33151164650917053, "8_68_68_02.jpg": 0.3136420249938965, "8_68_68_03.jpg": 0.28634506464004517, "8_68_68_04.jpg": 0.21706753969192505, "8_68_68_05.jpg": 0.15654034912586212}