{"8_68_76_01.jpg": 0.5066685676574707, "8_68_76_02.jpg": 0.3498225510120392, "8_68_76_03.jpg": 0.26207125186920166, "8_68_76_04.jpg": 0.23839670419692993, "8_68_76_05.jpg": 0.21686939895153046}