{"8_44_88_01.jpg": 0.4653230607509613, "8_44_88_02.jpg": 0.30730485916137695, "8_44_88_03.jpg": 0.26635196805000305, "8_44_88_04.jpg": 0.25154754519462585, "8_44_88_05.jpg": 0.20087158679962158}