{"8_44_64_01.jpg": 0.40216508507728577, "8_44_64_02.jpg": 0.19624070823192596, "8_44_64_03.jpg": 0.16389207541942596, "8_44_64_04.jpg": 0.153972327709198, "8_44_64_05.jpg": 0.1412622481584549}