{"8_32_16_01.jpg": 0.39977049827575684, "8_32_16_02.jpg": 0.23468786478042603, "8_32_16_03.jpg": 0.22808587551116943, "8_32_16_04.jpg": 0.19430863857269287, "8_32_16_05.jpg": 0.15135183930397034}