{"8_16_44_01.jpg": 0.38290297985076904, "8_16_44_02.jpg": 0.1808786690235138, "8_16_44_03.jpg": 0.1639968603849411, "8_16_44_04.jpg": 0.1585637331008911, "8_16_44_05.jpg": 0.14446984231472015}