{"8_32_56_01.jpg": 0.34727218747138977, "8_32_56_02.jpg": 0.3259647488594055, "8_32_56_03.jpg": 0.3184533715248108, "8_32_56_04.jpg": 0.25749263167381287, "8_32_56_05.jpg": 0.2501310110092163}