{"8_40_52_01.jpg": 0.4211257994174957, "8_40_52_02.jpg": 0.3856734037399292, "8_40_52_03.jpg": 0.3252335488796234, "8_40_52_04.jpg": 0.2555937170982361, "8_40_52_05.jpg": 0.22941693663597107}