{"8_36_88_01.jpg": 0.3178884983062744, "8_36_88_02.jpg": 0.31393858790397644, "8_36_88_03.jpg": 0.1965033859014511, "8_36_88_04.jpg": 0.18512432277202606, "8_36_88_05.jpg": 0.17419873178005219}