{"8_80_48_01.jpg": 0.2974647283554077, "8_80_48_02.jpg": 0.2741469442844391, "8_80_48_03.jpg": 0.2076711803674698, "8_80_48_04.jpg": 0.1924252212047577, "8_80_48_05.jpg": 0.16029439866542816}