{"8_72_64_01.jpg": 0.4179005026817322, "8_72_64_02.jpg": 0.3895014822483063, "8_72_64_03.jpg": 0.375093549489975, "8_72_64_04.jpg": 0.35171303153038025, "8_72_64_05.jpg": 0.25936371088027954}