{"8_36_12_01.jpg": 0.3744104504585266, "8_36_12_02.jpg": 0.2528130114078522, "8_36_12_03.jpg": 0.23278111219406128, "8_36_12_04.jpg": 0.1707647740840912, "8_36_12_05.jpg": 0.16040556132793427}