{"8_36_88_01.jpg": 0.3387267589569092, "8_36_88_02.jpg": 0.21026010811328888, "8_36_88_03.jpg": 0.2089138627052307, "8_36_88_04.jpg": 0.16259050369262695, "8_36_88_05.jpg": 0.14040827751159668}