{"8_36_96_01.jpg": 0.26870429515838623, "8_36_96_02.jpg": 0.266768217086792, "8_36_96_03.jpg": 0.22767047584056854, "8_36_96_04.jpg": 0.11878128349781036, "8_36_96_05.jpg": 0.09937196224927902}