{"8_36_24_01.jpg": 0.4040208160877228, "8_36_24_02.jpg": 0.33472010493278503, "8_36_24_03.jpg": 0.1590070277452469, "8_36_24_04.jpg": 0.1368902325630188, "8_36_24_05.jpg": 0.12338045984506607}