{"8_28_92_01.jpg": 0.4325712323188782, "8_28_92_02.jpg": 0.33029353618621826, "8_28_92_03.jpg": 0.22988931834697723, "8_28_92_04.jpg": 0.17988581955432892, "8_28_92_05.jpg": 0.17862588167190552}