{"8_16_68_01.jpg": 0.323871910572052, "8_16_68_02.jpg": 0.28140026330947876, "8_16_68_03.jpg": 0.17767266929149628, "8_16_68_04.jpg": 0.16095277667045593, "8_16_68_05.jpg": 0.13574306666851044}