{"8_72_44_01.jpg": 0.30368179082870483, "8_72_44_02.jpg": 0.24273160099983215, "8_72_44_03.jpg": 0.12764231860637665, "8_72_44_04.jpg": 0.12504689395427704, "8_72_44_05.jpg": 0.12488045543432236}