{"8_88_80_01.jpg": 0.33295485377311707, "8_88_80_02.jpg": 0.28146201372146606, "8_88_80_03.jpg": 0.16660206019878387, "8_88_80_04.jpg": 0.09766977280378342, "8_88_80_05.jpg": 0.09650323539972305}