{"8_96_44_01.jpg": 0.26919984817504883, "8_96_44_02.jpg": 0.24137595295906067, "8_96_44_03.jpg": 0.1956230103969574, "8_96_44_04.jpg": 0.18919287621974945, "8_96_44_05.jpg": 0.13145506381988525}