{"8_32_20_01.jpg": 0.32584378123283386, "8_32_20_02.jpg": 0.30130091309547424, "8_32_20_03.jpg": 0.2817547917366028, "8_32_20_04.jpg": 0.21084952354431152, "8_32_20_05.jpg": 0.1840001791715622}