{"8_56_40_01.jpg": 0.34482982754707336, "8_56_40_02.jpg": 0.24291858077049255, "8_56_40_03.jpg": 0.21968629956245422, "8_56_40_04.jpg": 0.14879174530506134, "8_56_40_05.jpg": 0.13906298577785492}