{"8_48_44_01.jpg": 0.5868468880653381, "8_48_44_02.jpg": 0.5273808836936951, "8_48_44_03.jpg": 0.24758495390415192, "8_48_44_04.jpg": 0.2249588668346405, "8_48_44_05.jpg": 0.1892930269241333}