{"8_84_48_01.jpg": 0.3417079746723175, "8_84_48_02.jpg": 0.27070122957229614, "8_84_48_03.jpg": 0.22851189970970154, "8_84_48_04.jpg": 0.2045224905014038, "8_84_48_05.jpg": 0.18172454833984375}