{"8_76_48_01.jpg": 0.26803797483444214, "8_76_48_02.jpg": 0.19699978828430176, "8_76_48_03.jpg": 0.1028168722987175, "8_76_48_04.jpg": 0.1002393364906311, "8_76_48_05.jpg": 0.08801577240228653}