{"8_72_76_01.jpg": 0.39402300119400024, "8_72_76_02.jpg": 0.15433859825134277, "8_72_76_03.jpg": 0.14423620700836182, "8_72_76_04.jpg": 0.1325586885213852, "8_72_76_05.jpg": 0.10776270180940628}