{"8_104_72_01.jpg": 0.23623402416706085, "8_104_72_02.jpg": 0.1863778829574585, "8_104_72_03.jpg": 0.16596804559230804, "8_104_72_04.jpg": 0.1559118628501892, "8_104_72_05.jpg": 0.1338452845811844}