{"8_40_80_01.jpg": 0.40390127897262573, "8_40_80_02.jpg": 0.39758560061454773, "8_40_80_03.jpg": 0.21075022220611572, "8_40_80_04.jpg": 0.17524807155132294, "8_40_80_05.jpg": 0.17213144898414612}