{"8_76_60_01.jpg": 0.33677777647972107, "8_76_60_02.jpg": 0.289743572473526, "8_76_60_03.jpg": 0.19596560299396515, "8_76_60_04.jpg": 0.1953699290752411, "8_76_60_05.jpg": 0.19510774314403534}