{"8_20_28_01.jpg": 0.20380042493343353, "8_20_28_02.jpg": 0.09553860872983932, "8_20_28_03.jpg": 0.09301772713661194, "8_20_28_04.jpg": 0.08959876745939255, "8_20_28_05.jpg": 0.08800054341554642}