{"8_56_20_01.jpg": 0.2837787866592407, "8_56_20_02.jpg": 0.2794148921966553, "8_56_20_03.jpg": 0.2289874255657196, "8_56_20_04.jpg": 0.217588871717453, "8_56_20_05.jpg": 0.18487215042114258}