{"8_36_32_01.jpg": 0.2781553566455841, "8_36_32_02.jpg": 0.16708603501319885, "8_36_32_03.jpg": 0.10198549181222916, "8_36_32_04.jpg": 0.08861692249774933, "8_36_32_05.jpg": 0.08702061325311661}