{"8_60_56_01.jpg": 0.5265614986419678, "8_60_56_02.jpg": 0.3736525774002075, "8_60_56_03.jpg": 0.3191141188144684, "8_60_56_04.jpg": 0.2821654677391052, "8_60_56_05.jpg": 0.22971411049365997}