{"8_40_52_01.jpg": 0.3607136607170105, "8_40_52_02.jpg": 0.3395920395851135, "8_40_52_03.jpg": 0.25325867533683777, "8_40_52_04.jpg": 0.1820833683013916, "8_40_52_05.jpg": 0.13748213648796082}