{"8_40_8_01.jpg": 0.3691560626029968, "8_40_8_02.jpg": 0.2510245144367218, "8_40_8_03.jpg": 0.19349223375320435, "8_40_8_04.jpg": 0.18209047615528107, "8_40_8_05.jpg": 0.17627397179603577}