{"8_32_48_01.jpg": 0.405337929725647, "8_32_48_02.jpg": 0.32493382692337036, "8_32_48_03.jpg": 0.20356757938861847, "8_32_48_04.jpg": 0.17352858185768127, "8_32_48_05.jpg": 0.1734813004732132}