{"8_104_64_01.jpg": 0.398874431848526, "8_104_64_02.jpg": 0.2206750512123108, "8_104_64_03.jpg": 0.16921381652355194, "8_104_64_04.jpg": 0.15773287415504456, "8_104_64_05.jpg": 0.11743184924125671}