{"8_28_92_01.jpg": 0.2356450855731964, "8_28_92_02.jpg": 0.1578010618686676, "8_28_92_03.jpg": 0.12501022219657898, "8_28_92_04.jpg": 0.11773841828107834, "8_28_92_05.jpg": 0.11045332252979279}