{"8_24_44_01.jpg": 0.38063183426856995, "8_24_44_02.jpg": 0.22729885578155518, "8_24_44_03.jpg": 0.18584443628787994, "8_24_44_04.jpg": 0.16839002072811127, "8_24_44_05.jpg": 0.14408832788467407}