{"8_28_40_01.jpg": 0.3390507698059082, "8_28_40_02.jpg": 0.3285336196422577, "8_28_40_03.jpg": 0.25432154536247253, "8_28_40_04.jpg": 0.24610210955142975, "8_28_40_05.jpg": 0.21352934837341309}