{"8_76_24_01.jpg": 0.3466130793094635, "8_76_24_02.jpg": 0.21345075964927673, "8_76_24_03.jpg": 0.2050720751285553, "8_76_24_04.jpg": 0.2016409933567047, "8_76_24_05.jpg": 0.1772965043783188}