{"8_16_40_01.jpg": 0.18302904069423676, "8_16_40_02.jpg": 0.1479664444923401, "8_16_40_03.jpg": 0.12360059469938278, "8_16_40_04.jpg": 0.11150207370519638, "8_16_40_05.jpg": 0.10086230933666229}