{"8_104_52_01.jpg": 0.30076247453689575, "8_104_52_02.jpg": 0.29655006527900696, "8_104_52_03.jpg": 0.14919504523277283, "8_104_52_04.jpg": 0.13072152435779572, "8_104_52_05.jpg": 0.12817321717739105}