{"8_88_80_01.jpg": 0.2739337980747223, "8_88_80_02.jpg": 0.258766770362854, "8_88_80_03.jpg": 0.10267134755849838, "8_88_80_04.jpg": 0.07734329253435135, "8_88_80_05.jpg": 0.07482964545488358}