{"8_52_32_01.jpg": 0.30286848545074463, "8_52_32_02.jpg": 0.24778041243553162, "8_52_32_03.jpg": 0.15697571635246277, "8_52_32_04.jpg": 0.151545450091362, "8_52_32_05.jpg": 0.1477171927690506}