{"8_96_56_01.jpg": 0.3819176256656647, "8_96_56_02.jpg": 0.34731945395469666, "8_96_56_03.jpg": 0.2207622230052948, "8_96_56_04.jpg": 0.21981453895568848, "8_96_56_05.jpg": 0.21735228598117828}