{"8_52_88_01.jpg": 0.2634468674659729, "8_52_88_02.jpg": 0.17846344411373138, "8_52_88_03.jpg": 0.16903811693191528, "8_52_88_04.jpg": 0.124192014336586, "8_52_88_05.jpg": 0.12352544814348221}