{"8_48_52_01.jpg": 0.268425315618515, "8_48_52_02.jpg": 0.09672345966100693, "8_48_52_03.jpg": 0.09531278163194656, "8_48_52_04.jpg": 0.07925129681825638, "8_48_52_05.jpg": 0.07613400369882584}