{"8_48_48_01.jpg": 0.2547520101070404, "8_48_48_02.jpg": 0.16755729913711548, "8_48_48_03.jpg": 0.14649583399295807, "8_48_48_04.jpg": 0.13591010868549347, "8_48_48_05.jpg": 0.12545199692249298}