{"8_40_60_01.jpg": 0.5769534707069397, "8_40_60_02.jpg": 0.410737544298172, "8_40_60_03.jpg": 0.269307941198349, "8_40_60_04.jpg": 0.25639230012893677, "8_40_60_05.jpg": 0.213250070810318}