{"8_80_28_01.jpg": 0.28700342774391174, "8_80_28_02.jpg": 0.27437540888786316, "8_80_28_03.jpg": 0.1796836405992508, "8_80_28_04.jpg": 0.15378731489181519, "8_80_28_05.jpg": 0.10757409036159515}