{"8_56_48_01.jpg": 0.3321596086025238, "8_56_48_02.jpg": 0.284602552652359, "8_56_48_03.jpg": 0.2774316370487213, "8_56_48_04.jpg": 0.2758258283138275, "8_56_48_05.jpg": 0.27077725529670715}