{"8_20_76_01.jpg": 0.3575281798839569, "8_20_76_02.jpg": 0.31763240694999695, "8_20_76_03.jpg": 0.21207791566848755, "8_20_76_04.jpg": 0.21071487665176392, "8_20_76_05.jpg": 0.18772189319133759}