{"8_76_52_01.jpg": 0.26172953844070435, "8_76_52_02.jpg": 0.13244539499282837, "8_76_52_03.jpg": 0.09748417884111404, "8_76_52_04.jpg": 0.09649264067411423, "8_76_52_05.jpg": 0.09627651423215866}