{"8_52_8_01.jpg": 0.28717854619026184, "8_52_8_02.jpg": 0.2557457387447357, "8_52_8_03.jpg": 0.236739382147789, "8_52_8_04.jpg": 0.2094847708940506, "8_52_8_05.jpg": 0.13885724544525146}