{"8_40_76_01.jpg": 0.3947005271911621, "8_40_76_02.jpg": 0.39455726742744446, "8_40_76_03.jpg": 0.36165082454681396, "8_40_76_04.jpg": 0.3107508718967438, "8_40_76_05.jpg": 0.2928256094455719}