{"8_36_96_01.jpg": 0.3068249523639679, "8_36_96_02.jpg": 0.18092840909957886, "8_36_96_03.jpg": 0.14526031911373138, "8_36_96_04.jpg": 0.1406615823507309, "8_36_96_05.jpg": 0.13540132343769073}