{"8_28_84_01.jpg": 0.4515787363052368, "8_28_84_02.jpg": 0.3788650929927826, "8_28_84_03.jpg": 0.37473493814468384, "8_28_84_04.jpg": 0.2980698049068451, "8_28_84_05.jpg": 0.25162145495414734}