{"8_40_76_01.jpg": 0.2807914614677429, "8_40_76_02.jpg": 0.26316750049591064, "8_40_76_03.jpg": 0.22404316067695618, "8_40_76_04.jpg": 0.2091568410396576, "8_40_76_05.jpg": 0.1471729278564453}