{"8_28_36_01.jpg": 0.21470919251441956, "8_28_36_02.jpg": 0.16772885620594025, "8_28_36_03.jpg": 0.12583483755588531, "8_28_36_04.jpg": 0.12206050008535385, "8_28_36_05.jpg": 0.11788958311080933}