{"8_40_76_01.jpg": 0.44551125168800354, "8_40_76_02.jpg": 0.27656978368759155, "8_40_76_03.jpg": 0.2630661725997925, "8_40_76_04.jpg": 0.1668161153793335, "8_40_76_05.jpg": 0.1513674110174179}