{"8_16_80_01.jpg": 0.39983344078063965, "8_16_80_02.jpg": 0.20636706054210663, "8_16_80_03.jpg": 0.18618474900722504, "8_16_80_04.jpg": 0.156507670879364, "8_16_80_05.jpg": 0.15559957921504974}