{"8_44_80_01.jpg": 0.40620535612106323, "8_44_80_02.jpg": 0.34246328473091125, "8_44_80_03.jpg": 0.2898116707801819, "8_44_80_04.jpg": 0.2792016565799713, "8_44_80_05.jpg": 0.26584506034851074}