{"8_48_104_01.jpg": 0.380624920129776, "8_48_104_02.jpg": 0.3352108299732208, "8_48_104_03.jpg": 0.15694937109947205, "8_48_104_04.jpg": 0.1354258507490158, "8_48_104_05.jpg": 0.0947592556476593}