{"8_32_12_01.jpg": 0.34309133887290955, "8_32_12_02.jpg": 0.3380177915096283, "8_32_12_03.jpg": 0.260944128036499, "8_32_12_04.jpg": 0.2280614674091339, "8_32_12_05.jpg": 0.1756901890039444}