{"8_92_44_01.jpg": 0.33391982316970825, "8_92_44_02.jpg": 0.24983149766921997, "8_92_44_03.jpg": 0.24958500266075134, "8_92_44_04.jpg": 0.23282109200954437, "8_92_44_05.jpg": 0.20573559403419495}