{"8_52_56_01.jpg": 0.414567768573761, "8_52_56_02.jpg": 0.41143158078193665, "8_52_56_03.jpg": 0.35362765192985535, "8_52_56_04.jpg": 0.2869391143321991, "8_52_56_05.jpg": 0.28317931294441223}