{"8_72_64_01.jpg": 0.2769358158111572, "8_72_64_02.jpg": 0.19546353816986084, "8_72_64_03.jpg": 0.16858716309070587, "8_72_64_04.jpg": 0.1462726593017578, "8_72_64_05.jpg": 0.13970200717449188}