{"8_40_60_01.jpg": 0.21181507408618927, "8_40_60_02.jpg": 0.17467784881591797, "8_40_60_03.jpg": 0.15740779042243958, "8_40_60_04.jpg": 0.12214133143424988, "8_40_60_05.jpg": 0.12071433663368225}