{"8_76_88_01.jpg": 0.47922399640083313, "8_76_88_02.jpg": 0.20988218486309052, "8_76_88_03.jpg": 0.2030251920223236, "8_76_88_04.jpg": 0.1469377875328064, "8_76_88_05.jpg": 0.1328563392162323}