{"8_52_48_01.jpg": 0.4121144711971283, "8_52_48_02.jpg": 0.3355105519294739, "8_52_48_03.jpg": 0.21621102094650269, "8_52_48_04.jpg": 0.14639203250408173, "8_52_48_05.jpg": 0.14146578311920166}