{"8_56_76_01.jpg": 0.2365420162677765, "8_56_76_02.jpg": 0.20228725671768188, "8_56_76_03.jpg": 0.1756705790758133, "8_56_76_04.jpg": 0.1678779572248459, "8_56_76_05.jpg": 0.15055270493030548}