{"8_16_44_01.jpg": 0.3698708713054657, "8_16_44_02.jpg": 0.163664773106575, "8_16_44_03.jpg": 0.15857315063476562, "8_16_44_04.jpg": 0.15330477058887482, "8_16_44_05.jpg": 0.14015719294548035}