{"8_20_76_01.jpg": 0.4211820662021637, "8_20_76_02.jpg": 0.2691043019294739, "8_20_76_03.jpg": 0.22026890516281128, "8_20_76_04.jpg": 0.196176677942276, "8_20_76_05.jpg": 0.18526819348335266}