{"8_48_68_01.jpg": 0.4048817753791809, "8_48_68_02.jpg": 0.25259706377983093, "8_48_68_03.jpg": 0.2407855987548828, "8_48_68_04.jpg": 0.24034787714481354, "8_48_68_05.jpg": 0.23278041183948517}