{"8_32_96_01.jpg": 0.3161050081253052, "8_32_96_02.jpg": 0.27522340416908264, "8_32_96_03.jpg": 0.13084322214126587, "8_32_96_04.jpg": 0.12219009548425674, "8_32_96_05.jpg": 0.11438697576522827}