{"8_40_36_01.jpg": 0.2970929443836212, "8_40_36_02.jpg": 0.270422101020813, "8_40_36_03.jpg": 0.2546524107456207, "8_40_36_04.jpg": 0.19392287731170654, "8_40_36_05.jpg": 0.19258537888526917}