{"8_40_84_01.jpg": 0.5023833513259888, "8_40_84_02.jpg": 0.40640345215797424, "8_40_84_03.jpg": 0.18943874537944794, "8_40_84_04.jpg": 0.16067907214164734, "8_40_84_05.jpg": 0.12698790431022644}