{"8_60_16_01.jpg": 0.3094802498817444, "8_60_16_02.jpg": 0.268550843000412, "8_60_16_03.jpg": 0.24567753076553345, "8_60_16_04.jpg": 0.18985360860824585, "8_60_16_05.jpg": 0.18761774897575378}