{"8_80_28_01.jpg": 0.3403787314891815, "8_80_28_02.jpg": 0.23764343559741974, "8_80_28_03.jpg": 0.22188548743724823, "8_80_28_04.jpg": 0.19395150244235992, "8_80_28_05.jpg": 0.18181577324867249}