{"8_68_44_01.jpg": 0.2503485381603241, "8_68_44_02.jpg": 0.2266474962234497, "8_68_44_03.jpg": 0.18136417865753174, "8_68_44_04.jpg": 0.17318855226039886, "8_68_44_05.jpg": 0.10027322918176651}