{"8_40_92_01.jpg": 0.3554161787033081, "8_40_92_02.jpg": 0.27403438091278076, "8_40_92_03.jpg": 0.24216525256633759, "8_40_92_04.jpg": 0.2401626855134964, "8_40_92_05.jpg": 0.23930884897708893}