{"8_60_20_01.jpg": 0.37952110171318054, "8_60_20_02.jpg": 0.353997141122818, "8_60_20_03.jpg": 0.34985285997390747, "8_60_20_04.jpg": 0.2583569884300232, "8_60_20_05.jpg": 0.22913874685764313}