{"8_72_48_01.jpg": 0.4051026403903961, "8_72_48_02.jpg": 0.34334322810173035, "8_72_48_03.jpg": 0.31374210119247437, "8_72_48_04.jpg": 0.18638116121292114, "8_72_48_05.jpg": 0.1816844344139099}