{"8_84_24_01.jpg": 0.2510407865047455, "8_84_24_02.jpg": 0.15469461679458618, "8_84_24_03.jpg": 0.11248341202735901, "8_84_24_04.jpg": 0.09538478404283524, "8_84_24_05.jpg": 0.09107815474271774}