{"8_92_24_01.jpg": 0.28744155168533325, "8_92_24_02.jpg": 0.1589231640100479, "8_92_24_03.jpg": 0.15695248544216156, "8_92_24_04.jpg": 0.15595673024654388, "8_92_24_05.jpg": 0.12677013874053955}