{"8_32_88_01.jpg": 0.6110551357269287, "8_32_88_02.jpg": 0.5177044868469238, "8_32_88_03.jpg": 0.3874302804470062, "8_32_88_04.jpg": 0.3847076892852783, "8_32_88_05.jpg": 0.32182061672210693}