{"8_56_68_01.jpg": 0.25801438093185425, "8_56_68_02.jpg": 0.220267191529274, "8_56_68_03.jpg": 0.11798753589391708, "8_56_68_04.jpg": 0.10875704884529114, "8_56_68_05.jpg": 0.08647105097770691}