{"8_32_64_01.jpg": 0.5035743117332458, "8_32_64_02.jpg": 0.25257202982902527, "8_32_64_03.jpg": 0.23385664820671082, "8_32_64_04.jpg": 0.227170929312706, "8_32_64_05.jpg": 0.19161368906497955}