{"8_76_76_01.jpg": 0.5330814719200134, "8_76_76_02.jpg": 0.4712003469467163, "8_76_76_03.jpg": 0.2640264332294464, "8_76_76_04.jpg": 0.25846409797668457, "8_76_76_05.jpg": 0.24882861971855164}