{"8_44_44_01.jpg": 0.40560534596443176, "8_44_44_02.jpg": 0.29569903016090393, "8_44_44_03.jpg": 0.2495684027671814, "8_44_44_04.jpg": 0.2235916554927826, "8_44_44_05.jpg": 0.21595415472984314}