{"8_20_32_01.jpg": 0.4061472713947296, "8_20_32_02.jpg": 0.1717395931482315, "8_20_32_03.jpg": 0.14266718924045563, "8_20_32_04.jpg": 0.14200906455516815, "8_20_32_05.jpg": 0.11767483502626419}