{"8_24_64_01.jpg": 0.2758009135723114, "8_24_64_02.jpg": 0.20808444917201996, "8_24_64_03.jpg": 0.1729097068309784, "8_24_64_04.jpg": 0.17273543775081635, "8_24_64_05.jpg": 0.16297584772109985}