{"8_20_40_01.jpg": 0.2402300089597702, "8_20_40_02.jpg": 0.15423254668712616, "8_20_40_03.jpg": 0.12432114779949188, "8_20_40_04.jpg": 0.12422816455364227, "8_20_40_05.jpg": 0.11646819859743118}