{"8_64_64_01.jpg": 0.4722726047039032, "8_64_64_02.jpg": 0.2949419915676117, "8_64_64_03.jpg": 0.26896440982818604, "8_64_64_04.jpg": 0.18599802255630493, "8_64_64_05.jpg": 0.17876091599464417}