{"8_40_84_01.jpg": 0.2922437787055969, "8_40_84_02.jpg": 0.1819465160369873, "8_40_84_03.jpg": 0.16624398529529572, "8_40_84_04.jpg": 0.1364515870809555, "8_40_84_05.jpg": 0.13593854010105133}