{"8_96_68_01.jpg": 0.17872337996959686, "8_96_68_02.jpg": 0.10829350352287292, "8_96_68_03.jpg": 0.0963761955499649, "8_96_68_04.jpg": 0.09012841433286667, "8_96_68_05.jpg": 0.0733821839094162}