{"8_52_104_01.jpg": 0.3628459572792053, "8_52_104_02.jpg": 0.2165786623954773, "8_52_104_03.jpg": 0.194157674908638, "8_52_104_04.jpg": 0.19187873601913452, "8_52_104_05.jpg": 0.17410285770893097}