{"8_24_36_01.jpg": 0.24120432138442993, "8_24_36_02.jpg": 0.16438262164592743, "8_24_36_03.jpg": 0.15030936896800995, "8_24_36_04.jpg": 0.09942609816789627, "8_24_36_05.jpg": 0.09672585874795914}