{"8_56_68_01.jpg": 0.17976762354373932, "8_56_68_02.jpg": 0.09362344443798065, "8_56_68_03.jpg": 0.08652517944574356, "8_56_68_04.jpg": 0.06926103681325912, "8_56_68_05.jpg": 0.06917271018028259}