{"8_40_92_01.jpg": 0.5200334191322327, "8_40_92_02.jpg": 0.2944375276565552, "8_40_92_03.jpg": 0.22619682550430298, "8_40_92_04.jpg": 0.21544858813285828, "8_40_92_05.jpg": 0.17280878126621246}