{"8_60_88_01.jpg": 0.4645408093929291, "8_60_88_02.jpg": 0.2835773527622223, "8_60_88_03.jpg": 0.23179200291633606, "8_60_88_04.jpg": 0.21289391815662384, "8_60_88_05.jpg": 0.17067180573940277}