{"8_12_68_01.jpg": 0.3549511134624481, "8_12_68_02.jpg": 0.18450385332107544, "8_12_68_03.jpg": 0.1507556289434433, "8_12_68_04.jpg": 0.1382264345884323, "8_12_68_05.jpg": 0.13505540788173676}