{"8_40_88_01.jpg": 0.22775860130786896, "8_40_88_02.jpg": 0.18677093088626862, "8_40_88_03.jpg": 0.13081833720207214, "8_40_88_04.jpg": 0.127218559384346, "8_40_88_05.jpg": 0.12620945274829865}