{"8_36_36_01.jpg": 0.2878212034702301, "8_36_36_02.jpg": 0.2522677183151245, "8_36_36_03.jpg": 0.23051397502422333, "8_36_36_04.jpg": 0.21871083974838257, "8_36_36_05.jpg": 0.1941017359495163}