{"8_80_8_01.jpg": 0.2573848366737366, "8_80_8_02.jpg": 0.23926925659179688, "8_80_8_03.jpg": 0.15029571950435638, "8_80_8_04.jpg": 0.14757440984249115, "8_80_8_05.jpg": 0.13593219220638275}