{"8_32_36_01.jpg": 0.2623771131038666, "8_32_36_02.jpg": 0.20449300110340118, "8_32_36_03.jpg": 0.1752999722957611, "8_32_36_04.jpg": 0.14212709665298462, "8_32_36_05.jpg": 0.1091289296746254}