{"8_72_68_01.jpg": 0.3394137918949127, "8_72_68_02.jpg": 0.28192374110221863, "8_72_68_03.jpg": 0.27913329005241394, "8_72_68_04.jpg": 0.2746298909187317, "8_72_68_05.jpg": 0.2582108974456787}