{"8_24_52_01.jpg": 0.2715286314487457, "8_24_52_02.jpg": 0.20788118243217468, "8_24_52_03.jpg": 0.14671066403388977, "8_24_52_04.jpg": 0.13422593474388123, "8_24_52_05.jpg": 0.12862363457679749}