{"8_16_32_01.jpg": 0.3221787214279175, "8_16_32_02.jpg": 0.22215424478054047, "8_16_32_03.jpg": 0.11196266114711761, "8_16_32_04.jpg": 0.10672945529222488, "8_16_32_05.jpg": 0.10034620761871338}