{"8_96_64_01.jpg": 0.3532307744026184, "8_96_64_02.jpg": 0.2229856550693512, "8_96_64_03.jpg": 0.21876995265483856, "8_96_64_04.jpg": 0.21744433045387268, "8_96_64_05.jpg": 0.18889322876930237}