{"8_56_84_01.jpg": 0.27938494086265564, "8_56_84_02.jpg": 0.19957229495048523, "8_56_84_03.jpg": 0.16900165379047394, "8_56_84_04.jpg": 0.16737620532512665, "8_56_84_05.jpg": 0.16642186045646667}