{"8_80_96_01.jpg": 0.2935037910938263, "8_80_96_02.jpg": 0.26475220918655396, "8_80_96_03.jpg": 0.1897374391555786, "8_80_96_04.jpg": 0.14042426645755768, "8_80_96_05.jpg": 0.10108913481235504}