{"8_88_88_01.jpg": 0.296650230884552, "8_88_88_02.jpg": 0.2400406450033188, "8_88_88_03.jpg": 0.19410653412342072, "8_88_88_04.jpg": 0.13811923563480377, "8_88_88_05.jpg": 0.13806961476802826}