{"8_72_20_01.jpg": 0.3980640769004822, "8_72_20_02.jpg": 0.38572582602500916, "8_72_20_03.jpg": 0.36105602979660034, "8_72_20_04.jpg": 0.34861016273498535, "8_72_20_05.jpg": 0.302697092294693}