{"8_24_84_01.jpg": 0.40145793557167053, "8_24_84_02.jpg": 0.32544851303100586, "8_24_84_03.jpg": 0.31492486596107483, "8_24_84_04.jpg": 0.30534955859184265, "8_24_84_05.jpg": 0.26181188225746155}