{"8_28_92_01.jpg": 0.3309665024280548, "8_28_92_02.jpg": 0.15109308063983917, "8_28_92_03.jpg": 0.1174980029463768, "8_28_92_04.jpg": 0.10790064930915833, "8_28_92_05.jpg": 0.08578841388225555}