{"8_32_68_01.jpg": 0.39922043681144714, "8_32_68_02.jpg": 0.2819703221321106, "8_32_68_03.jpg": 0.22299712896347046, "8_32_68_04.jpg": 0.20347632467746735, "8_32_68_05.jpg": 0.1778150051832199}