{"8_112_64_01.jpg": 0.2408638596534729, "8_112_64_02.jpg": 0.23973341286182404, "8_112_64_03.jpg": 0.202089324593544, "8_112_64_04.jpg": 0.14888550341129303, "8_112_64_05.jpg": 0.1475295126438141}