{"8_56_24_01.jpg": 0.5320738554000854, "8_56_24_02.jpg": 0.41647741198539734, "8_56_24_03.jpg": 0.29502052068710327, "8_56_24_04.jpg": 0.27395620942115784, "8_56_24_05.jpg": 0.2712855041027069}