{"8_40_24_01.jpg": 0.2825033664703369, "8_40_24_02.jpg": 0.21545062959194183, "8_40_24_03.jpg": 0.16730138659477234, "8_40_24_04.jpg": 0.15884873270988464, "8_40_24_05.jpg": 0.13493552803993225}