{"8_40_64_01.jpg": 0.5096001029014587, "8_40_64_02.jpg": 0.3222697079181671, "8_40_64_03.jpg": 0.21013310551643372, "8_40_64_04.jpg": 0.2063884288072586, "8_40_64_05.jpg": 0.18035027384757996}