{"8_12_56_01.jpg": 0.22872398793697357, "8_12_56_02.jpg": 0.21345853805541992, "8_12_56_03.jpg": 0.1735714077949524, "8_12_56_04.jpg": 0.12075573205947876, "8_12_56_05.jpg": 0.11915192008018494}