{"8_60_104_01.jpg": 0.3076186776161194, "8_60_104_02.jpg": 0.2049083560705185, "8_60_104_03.jpg": 0.20475445687770844, "8_60_104_04.jpg": 0.184296116232872, "8_60_104_05.jpg": 0.16486892104148865}