{"8_52_24_01.jpg": 0.5142732262611389, "8_52_24_02.jpg": 0.3970111012458801, "8_52_24_03.jpg": 0.3210539221763611, "8_52_24_04.jpg": 0.3162144720554352, "8_52_24_05.jpg": 0.27608588337898254}