{"8_44_68_01.jpg": 0.3452606499195099, "8_44_68_02.jpg": 0.3005449175834656, "8_44_68_03.jpg": 0.2534235417842865, "8_44_68_04.jpg": 0.15919426083564758, "8_44_68_05.jpg": 0.1441299170255661}