{"8_32_80_01.jpg": 0.3077944815158844, "8_32_80_02.jpg": 0.28299710154533386, "8_32_80_03.jpg": 0.27575796842575073, "8_32_80_04.jpg": 0.23759765923023224, "8_32_80_05.jpg": 0.23166599869728088}