{"8_44_60_01.jpg": 0.3007556200027466, "8_44_60_02.jpg": 0.20536762475967407, "8_44_60_03.jpg": 0.19060416519641876, "8_44_60_04.jpg": 0.17263387143611908, "8_44_60_05.jpg": 0.1665937602519989}