{"8_24_68_01.jpg": 0.28153637051582336, "8_24_68_02.jpg": 0.22146259248256683, "8_24_68_03.jpg": 0.2170378863811493, "8_24_68_04.jpg": 0.21544237434864044, "8_24_68_05.jpg": 0.17039108276367188}