{"8_48_64_01.jpg": 0.5224286913871765, "8_48_64_02.jpg": 0.38824379444122314, "8_48_64_03.jpg": 0.2861514687538147, "8_48_64_04.jpg": 0.22590839862823486, "8_48_64_05.jpg": 0.2107793241739273}