{"8_28_56_01.jpg": 0.3168494403362274, "8_28_56_02.jpg": 0.2661379873752594, "8_28_56_03.jpg": 0.2199847251176834, "8_28_56_04.jpg": 0.20859532058238983, "8_28_56_05.jpg": 0.2026287317276001}