{"8_32_32_01.jpg": 0.3573298156261444, "8_32_32_02.jpg": 0.28440192341804504, "8_32_32_03.jpg": 0.2821148633956909, "8_32_32_04.jpg": 0.28149905800819397, "8_32_32_05.jpg": 0.2695367932319641}