{"8_36_88_01.jpg": 0.3237195909023285, "8_36_88_02.jpg": 0.1775321215391159, "8_36_88_03.jpg": 0.1021336019039154, "8_36_88_04.jpg": 0.08541207015514374, "8_36_88_05.jpg": 0.08331500738859177}