{"8_68_60_01.jpg": 0.3055057227611542, "8_68_60_02.jpg": 0.28005892038345337, "8_68_60_03.jpg": 0.2695530354976654, "8_68_60_04.jpg": 0.24752621352672577, "8_68_60_05.jpg": 0.21871401369571686}