{"8_36_60_01.jpg": 0.4498642683029175, "8_36_60_02.jpg": 0.35713991522789, "8_36_60_03.jpg": 0.330540269613266, "8_36_60_04.jpg": 0.32220911979675293, "8_36_60_05.jpg": 0.27818283438682556}