{"8_20_56_01.jpg": 0.2684759199619293, "8_20_56_02.jpg": 0.15382640063762665, "8_20_56_03.jpg": 0.15208490192890167, "8_20_56_04.jpg": 0.12551559507846832, "8_20_56_05.jpg": 0.11942308396100998}