{"8_28_44_01.jpg": 0.2274380326271057, "8_28_44_02.jpg": 0.18351884186267853, "8_28_44_03.jpg": 0.1553698480129242, "8_28_44_04.jpg": 0.13774092495441437, "8_28_44_05.jpg": 0.10173393785953522}