{"8_100_56_01.jpg": 0.3493333160877228, "8_100_56_02.jpg": 0.30930691957473755, "8_100_56_03.jpg": 0.169765904545784, "8_100_56_04.jpg": 0.12697790563106537, "8_100_56_05.jpg": 0.11178119480609894}