{"8_16_72_01.jpg": 0.3392238914966583, "8_16_72_02.jpg": 0.21846361458301544, "8_16_72_03.jpg": 0.14604124426841736, "8_16_72_04.jpg": 0.1203305572271347, "8_16_72_05.jpg": 0.12029310315847397}