{"8_32_28_01.jpg": 0.37647807598114014, "8_32_28_02.jpg": 0.23716677725315094, "8_32_28_03.jpg": 0.22792263329029083, "8_32_28_04.jpg": 0.21431154012680054, "8_32_28_05.jpg": 0.18469013273715973}