{"8_68_80_01.jpg": 0.42569053173065186, "8_68_80_02.jpg": 0.2483147382736206, "8_68_80_03.jpg": 0.21525894105434418, "8_68_80_04.jpg": 0.19882544875144958, "8_68_80_05.jpg": 0.17537789046764374}