{"8_52_100_01.jpg": 0.22079800069332123, "8_52_100_02.jpg": 0.20070518553256989, "8_52_100_03.jpg": 0.13416258990764618, "8_52_100_04.jpg": 0.1318989098072052, "8_52_100_05.jpg": 0.12396156787872314}