{"8_44_88_01.jpg": 0.2966849207878113, "8_44_88_02.jpg": 0.27192628383636475, "8_44_88_03.jpg": 0.2620568573474884, "8_44_88_04.jpg": 0.23614832758903503, "8_44_88_05.jpg": 0.22892533242702484}