{"8_36_48_01.jpg": 0.2729312479496002, "8_36_48_02.jpg": 0.20069074630737305, "8_36_48_03.jpg": 0.18025141954421997, "8_36_48_04.jpg": 0.1430307924747467, "8_36_48_05.jpg": 0.13248257339000702}