{"8_100_64_01.jpg": 0.24566848576068878, "8_100_64_02.jpg": 0.13739605247974396, "8_100_64_03.jpg": 0.10460154712200165, "8_100_64_04.jpg": 0.10282818973064423, "8_100_64_05.jpg": 0.09312745183706284}