{"8_36_92_01.jpg": 0.3676813840866089, "8_36_92_02.jpg": 0.2329390048980713, "8_36_92_03.jpg": 0.2218514233827591, "8_36_92_04.jpg": 0.20797325670719147, "8_36_92_05.jpg": 0.18117420375347137}