{"8_20_56_01.jpg": 0.27236509323120117, "8_20_56_02.jpg": 0.19571153819561005, "8_20_56_03.jpg": 0.17222514748573303, "8_20_56_04.jpg": 0.15642358362674713, "8_20_56_05.jpg": 0.13952824473381042}