{"8_36_72_01.jpg": 0.558673083782196, "8_36_72_02.jpg": 0.38015085458755493, "8_36_72_03.jpg": 0.3199370801448822, "8_36_72_04.jpg": 0.30673232674598694, "8_36_72_05.jpg": 0.297054648399353}