{"8_68_56_01.jpg": 0.5964689254760742, "8_68_56_02.jpg": 0.30896180868148804, "8_68_56_03.jpg": 0.2564571499824524, "8_68_56_04.jpg": 0.1588808298110962, "8_68_56_05.jpg": 0.15476183593273163}