{"8_60_16_01.jpg": 0.27552559971809387, "8_60_16_02.jpg": 0.10735208541154861, "8_60_16_03.jpg": 0.10592558234930038, "8_60_16_04.jpg": 0.09916207939386368, "8_60_16_05.jpg": 0.09370484948158264}