{"8_28_32_01.jpg": 0.369749516248703, "8_28_32_02.jpg": 0.2615729868412018, "8_28_32_03.jpg": 0.13108660280704498, "8_28_32_04.jpg": 0.12687113881111145, "8_28_32_05.jpg": 0.10500968247652054}