{"8_44_32_01.jpg": 0.38524627685546875, "8_44_32_02.jpg": 0.3260406255722046, "8_44_32_03.jpg": 0.253055214881897, "8_44_32_04.jpg": 0.23935829102993011, "8_44_32_05.jpg": 0.19600869715213776}