{"8_56_24_01.jpg": 0.3618226647377014, "8_56_24_02.jpg": 0.1772904396057129, "8_56_24_03.jpg": 0.13119177520275116, "8_56_24_04.jpg": 0.13097432255744934, "8_56_24_05.jpg": 0.11511646956205368}