{"8_84_64_01.jpg": 0.49487900733947754, "8_84_64_02.jpg": 0.3784341514110565, "8_84_64_03.jpg": 0.302558034658432, "8_84_64_04.jpg": 0.28869783878326416, "8_84_64_05.jpg": 0.2511154115200043}