{"8_32_16_01.jpg": 0.49608728289604187, "8_32_16_02.jpg": 0.22571516036987305, "8_32_16_03.jpg": 0.20245735347270966, "8_32_16_04.jpg": 0.18574616312980652, "8_32_16_05.jpg": 0.18324214220046997}