{"8_72_84_01.jpg": 0.3101766109466553, "8_72_84_02.jpg": 0.215890571475029, "8_72_84_03.jpg": 0.19717420637607574, "8_72_84_04.jpg": 0.1520061194896698, "8_72_84_05.jpg": 0.1208932176232338}