{"8_60_44_01.jpg": 0.2808421552181244, "8_60_44_02.jpg": 0.17798994481563568, "8_60_44_03.jpg": 0.16980381309986115, "8_60_44_04.jpg": 0.15640099346637726, "8_60_44_05.jpg": 0.1356661468744278}