{"8_32_80_01.jpg": 0.29717373847961426, "8_32_80_02.jpg": 0.2967703640460968, "8_32_80_03.jpg": 0.26836028695106506, "8_32_80_04.jpg": 0.2620284855365753, "8_32_80_05.jpg": 0.22415979206562042}