{"8_64_68_01.jpg": 0.21640171110630035, "8_64_68_02.jpg": 0.2136547565460205, "8_64_68_03.jpg": 0.15005327761173248, "8_64_68_04.jpg": 0.1260315328836441, "8_64_68_05.jpg": 0.11380486935377121}