{"8_68_104_01.jpg": 0.4076799154281616, "8_68_104_02.jpg": 0.3367197811603546, "8_68_104_03.jpg": 0.25033310055732727, "8_68_104_04.jpg": 0.23179343342781067, "8_68_104_05.jpg": 0.21351967751979828}