{"8_40_44_01.jpg": 0.42623230814933777, "8_40_44_02.jpg": 0.3643452525138855, "8_40_44_03.jpg": 0.32905322313308716, "8_40_44_04.jpg": 0.28547003865242004, "8_40_44_05.jpg": 0.2773584723472595}