{"8_40_60_01.jpg": 0.3479368984699249, "8_40_60_02.jpg": 0.16708025336265564, "8_40_60_03.jpg": 0.1308705359697342, "8_40_60_04.jpg": 0.08792243152856827, "8_40_60_05.jpg": 0.08706703782081604}