{"8_56_24_01.jpg": 0.33915919065475464, "8_56_24_02.jpg": 0.27680233120918274, "8_56_24_03.jpg": 0.2517457902431488, "8_56_24_04.jpg": 0.24461227655410767, "8_56_24_05.jpg": 0.21487842500209808}