{"8_64_76_01.jpg": 0.35690560936927795, "8_64_76_02.jpg": 0.2847842276096344, "8_64_76_03.jpg": 0.2831641435623169, "8_64_76_04.jpg": 0.2555464208126068, "8_64_76_05.jpg": 0.19634386897087097}