{"8_96_52_01.jpg": 0.6256640553474426, "8_96_52_02.jpg": 0.2794921398162842, "8_96_52_03.jpg": 0.19160526990890503, "8_96_52_04.jpg": 0.1797579973936081, "8_96_52_05.jpg": 0.16954803466796875}