{"8_48_40_01.jpg": 0.28235703706741333, "8_48_40_02.jpg": 0.25401315093040466, "8_48_40_03.jpg": 0.20766416192054749, "8_48_40_04.jpg": 0.16995961964130402, "8_48_40_05.jpg": 0.15963061153888702}