{"8_68_48_01.jpg": 0.2806853652000427, "8_68_48_02.jpg": 0.27088841795921326, "8_68_48_03.jpg": 0.1538541316986084, "8_68_48_04.jpg": 0.13098618388175964, "8_68_48_05.jpg": 0.11400645971298218}