{"8_40_32_01.jpg": 0.3031681478023529, "8_40_32_02.jpg": 0.16981860995292664, "8_40_32_03.jpg": 0.12069189548492432, "8_40_32_04.jpg": 0.11675088107585907, "8_40_32_05.jpg": 0.10539670288562775}