{"8_72_16_01.jpg": 0.2343769073486328, "8_72_16_02.jpg": 0.18428213894367218, "8_72_16_03.jpg": 0.1626688838005066, "8_72_16_04.jpg": 0.10659154504537582, "8_72_16_05.jpg": 0.09341951459646225}