{"8_64_40_01.jpg": 0.40903329849243164, "8_64_40_02.jpg": 0.37039539217948914, "8_64_40_03.jpg": 0.3282948434352875, "8_64_40_04.jpg": 0.30485305190086365, "8_64_40_05.jpg": 0.23453065752983093}