{"8_68_68_01.jpg": 0.5175081491470337, "8_68_68_02.jpg": 0.2485535889863968, "8_68_68_03.jpg": 0.1953582763671875, "8_68_68_04.jpg": 0.18809427320957184, "8_68_68_05.jpg": 0.18641746044158936}