{"8_28_24_01.jpg": 0.389419823884964, "8_28_24_02.jpg": 0.2560718059539795, "8_28_24_03.jpg": 0.22426247596740723, "8_28_24_04.jpg": 0.18082410097122192, "8_28_24_05.jpg": 0.16492828726768494}