{"8_56_80_01.jpg": 0.47385796904563904, "8_56_80_02.jpg": 0.4546869993209839, "8_56_80_03.jpg": 0.44415706396102905, "8_56_80_04.jpg": 0.41875067353248596, "8_56_80_05.jpg": 0.4115377366542816}