{"8_64_96_01.jpg": 0.34551647305488586, "8_64_96_02.jpg": 0.19266879558563232, "8_64_96_03.jpg": 0.14318636059761047, "8_64_96_04.jpg": 0.1262238770723343, "8_64_96_05.jpg": 0.12513810396194458}