{"8_56_48_01.jpg": 0.3539793789386749, "8_56_48_02.jpg": 0.27123308181762695, "8_56_48_03.jpg": 0.21824708580970764, "8_56_48_04.jpg": 0.2057219296693802, "8_56_48_05.jpg": 0.2002086341381073}