{"8_104_48_01.jpg": 0.5173717737197876, "8_104_48_02.jpg": 0.31287768483161926, "8_104_48_03.jpg": 0.2877882421016693, "8_104_48_04.jpg": 0.21529433131217957, "8_104_48_05.jpg": 0.20940028131008148}