{"8_40_64_01.jpg": 0.2763078212738037, "8_40_64_02.jpg": 0.16043666005134583, "8_40_64_03.jpg": 0.15867014229297638, "8_40_64_04.jpg": 0.13964219391345978, "8_40_64_05.jpg": 0.12298285216093063}