{"8_100_56_01.jpg": 0.37865275144577026, "8_100_56_02.jpg": 0.17780271172523499, "8_100_56_03.jpg": 0.12780319154262543, "8_100_56_04.jpg": 0.11397486180067062, "8_100_56_05.jpg": 0.10991557687520981}