{"8_88_16_01.jpg": 0.3773423135280609, "8_88_16_02.jpg": 0.36592531204223633, "8_88_16_03.jpg": 0.25758597254753113, "8_88_16_04.jpg": 0.21212686598300934, "8_88_16_05.jpg": 0.1464567482471466}