{"8_20_52_01.jpg": 0.41202297806739807, "8_20_52_02.jpg": 0.38313645124435425, "8_20_52_03.jpg": 0.2913656234741211, "8_20_52_04.jpg": 0.23089709877967834, "8_20_52_05.jpg": 0.22189253568649292}