{"8_88_28_01.jpg": 0.3273533880710602, "8_88_28_02.jpg": 0.27914705872535706, "8_88_28_03.jpg": 0.27411913871765137, "8_88_28_04.jpg": 0.2433643341064453, "8_88_28_05.jpg": 0.19854632019996643}