{"8_20_44_01.jpg": 0.2585122883319855, "8_20_44_02.jpg": 0.20639006793498993, "8_20_44_03.jpg": 0.19103220105171204, "8_20_44_04.jpg": 0.17217957973480225, "8_20_44_05.jpg": 0.1405208706855774}