{"8_84_76_01.jpg": 0.3176407217979431, "8_84_76_02.jpg": 0.29190340638160706, "8_84_76_03.jpg": 0.2903042435646057, "8_84_76_04.jpg": 0.25887247920036316, "8_84_76_05.jpg": 0.2358727902173996}