{"8_48_24_01.jpg": 0.3839004933834076, "8_48_24_02.jpg": 0.21317394077777863, "8_48_24_03.jpg": 0.208426371216774, "8_48_24_04.jpg": 0.2005201131105423, "8_48_24_05.jpg": 0.18317049741744995}