{"8_36_40_01.jpg": 0.4551006555557251, "8_36_40_02.jpg": 0.2508259415626526, "8_36_40_03.jpg": 0.22599151730537415, "8_36_40_04.jpg": 0.20402073860168457, "8_36_40_05.jpg": 0.17532898485660553}