{"8_68_80_01.jpg": 0.36034518480300903, "8_68_80_02.jpg": 0.30676835775375366, "8_68_80_03.jpg": 0.23347797989845276, "8_68_80_04.jpg": 0.19270643591880798, "8_68_80_05.jpg": 0.18104489147663116}