{"8_60_12_01.jpg": 0.38831624388694763, "8_60_12_02.jpg": 0.2074681520462036, "8_60_12_03.jpg": 0.20184659957885742, "8_60_12_04.jpg": 0.1938331127166748, "8_60_12_05.jpg": 0.13171330094337463}