{"8_76_96_01.jpg": 0.3439331650733948, "8_76_96_02.jpg": 0.30412185192108154, "8_76_96_03.jpg": 0.290122926235199, "8_76_96_04.jpg": 0.25429460406303406, "8_76_96_05.jpg": 0.2291986644268036}