{"8_16_88_01.jpg": 0.3610197901725769, "8_16_88_02.jpg": 0.33485159277915955, "8_16_88_03.jpg": 0.2914365231990814, "8_16_88_04.jpg": 0.26911574602127075, "8_16_88_05.jpg": 0.2388233244419098}