{"8_72_60_01.jpg": 0.27482494711875916, "8_72_60_02.jpg": 0.24347718060016632, "8_72_60_03.jpg": 0.22975711524486542, "8_72_60_04.jpg": 0.22336389124393463, "8_72_60_05.jpg": 0.20873016119003296}