{"8_36_100_01.jpg": 0.3413015604019165, "8_36_100_02.jpg": 0.2649494409561157, "8_36_100_03.jpg": 0.23172622919082642, "8_36_100_04.jpg": 0.21465934813022614, "8_36_100_05.jpg": 0.21259503066539764}