{"8_64_48_01.jpg": 0.39073917269706726, "8_64_48_02.jpg": 0.259194940328598, "8_64_48_03.jpg": 0.20450186729431152, "8_64_48_04.jpg": 0.16262726485729218, "8_64_48_05.jpg": 0.14013515412807465}