{"8_48_80_01.jpg": 0.5602906942367554, "8_48_80_02.jpg": 0.416255921125412, "8_48_80_03.jpg": 0.2581384778022766, "8_48_80_04.jpg": 0.2568795084953308, "8_48_80_05.jpg": 0.2452961951494217}