{"8_84_16_01.jpg": 0.45614251494407654, "8_84_16_02.jpg": 0.2356051206588745, "8_84_16_03.jpg": 0.17113034427165985, "8_84_16_04.jpg": 0.142952099442482, "8_84_16_05.jpg": 0.14136190712451935}