{"8_60_100_01.jpg": 0.5933454036712646, "8_60_100_02.jpg": 0.545758843421936, "8_60_100_03.jpg": 0.5336317420005798, "8_60_100_04.jpg": 0.3885639011859894, "8_60_100_05.jpg": 0.18729065358638763}