{"8_52_64_01.jpg": 0.228104829788208, "8_52_64_02.jpg": 0.17779548466205597, "8_52_64_03.jpg": 0.16908146440982819, "8_52_64_04.jpg": 0.13732817769050598, "8_52_64_05.jpg": 0.10783099383115768}