{"8_92_88_01.jpg": 0.2348208874464035, "8_92_88_02.jpg": 0.11271796375513077, "8_92_88_03.jpg": 0.10091971606016159, "8_92_88_04.jpg": 0.0970391184091568, "8_92_88_05.jpg": 0.08907470107078552}