{"8_104_52_01.jpg": 0.345328152179718, "8_104_52_02.jpg": 0.1657058149576187, "8_104_52_03.jpg": 0.162481427192688, "8_104_52_04.jpg": 0.09634469449520111, "8_104_52_05.jpg": 0.0925925001502037}