{"8_96_76_01.jpg": 0.38813096284866333, "8_96_76_02.jpg": 0.37723585963249207, "8_96_76_03.jpg": 0.3466564118862152, "8_96_76_04.jpg": 0.30029401183128357, "8_96_76_05.jpg": 0.25301626324653625}