{"8_80_68_01.jpg": 0.29828861355781555, "8_80_68_02.jpg": 0.29299798607826233, "8_80_68_03.jpg": 0.19025461375713348, "8_80_68_04.jpg": 0.17531783878803253, "8_80_68_05.jpg": 0.13651268184185028}