{"8_76_64_01.jpg": 0.3700331747531891, "8_76_64_02.jpg": 0.2756829857826233, "8_76_64_03.jpg": 0.22306233644485474, "8_76_64_04.jpg": 0.19942300021648407, "8_76_64_05.jpg": 0.1981552541255951}