{"8_24_80_01.jpg": 0.43515878915786743, "8_24_80_02.jpg": 0.3232669532299042, "8_24_80_03.jpg": 0.24807433784008026, "8_24_80_04.jpg": 0.21600869297981262, "8_24_80_05.jpg": 0.19560812413692474}