{"8_84_12_01.jpg": 0.38130348920822144, "8_84_12_02.jpg": 0.13748502731323242, "8_84_12_03.jpg": 0.13487902283668518, "8_84_12_04.jpg": 0.13307397067546844, "8_84_12_05.jpg": 0.12519879639148712}