{"8_88_36_01.jpg": 0.4018338620662689, "8_88_36_02.jpg": 0.31388580799102783, "8_88_36_03.jpg": 0.26546287536621094, "8_88_36_04.jpg": 0.262420654296875, "8_88_36_05.jpg": 0.23105385899543762}