{"8_16_76_01.jpg": 0.36581048369407654, "8_16_76_02.jpg": 0.15925569832324982, "8_16_76_03.jpg": 0.15197446942329407, "8_16_76_04.jpg": 0.14937132596969604, "8_16_76_05.jpg": 0.14102590084075928}