{"8_48_76_01.jpg": 0.5420987010002136, "8_48_76_02.jpg": 0.3467279076576233, "8_48_76_03.jpg": 0.2534821927547455, "8_48_76_04.jpg": 0.19083364307880402, "8_48_76_05.jpg": 0.18441066145896912}