{"8_24_28_01.jpg": 0.23096264898777008, "8_24_28_02.jpg": 0.19622954726219177, "8_24_28_03.jpg": 0.19554762542247772, "8_24_28_04.jpg": 0.13897277414798737, "8_24_28_05.jpg": 0.13327856361865997}