{"8_60_92_01.jpg": 0.28349995613098145, "8_60_92_02.jpg": 0.14821411669254303, "8_60_92_03.jpg": 0.13403917849063873, "8_60_92_04.jpg": 0.1258094310760498, "8_60_92_05.jpg": 0.11410054564476013}