{"8_64_40_01.jpg": 0.2894691228866577, "8_64_40_02.jpg": 0.197059765458107, "8_64_40_03.jpg": 0.17690598964691162, "8_64_40_04.jpg": 0.13214504718780518, "8_64_40_05.jpg": 0.11861246824264526}