{"8_16_72_01.jpg": 0.27005118131637573, "8_16_72_02.jpg": 0.26492562890052795, "8_16_72_03.jpg": 0.17792153358459473, "8_16_72_04.jpg": 0.15150544047355652, "8_16_72_05.jpg": 0.1187959536910057}