{"8_84_72_01.jpg": 0.22029182314872742, "8_84_72_02.jpg": 0.1921493113040924, "8_84_72_03.jpg": 0.16433295607566833, "8_84_72_04.jpg": 0.15864282846450806, "8_84_72_05.jpg": 0.13399343192577362}