{"8_52_12_01.jpg": 0.4520154297351837, "8_52_12_02.jpg": 0.3444085717201233, "8_52_12_03.jpg": 0.2962396740913391, "8_52_12_04.jpg": 0.21986009180545807, "8_52_12_05.jpg": 0.1859215348958969}