{"8_60_88_01.jpg": 0.2242797464132309, "8_60_88_02.jpg": 0.20825736224651337, "8_60_88_03.jpg": 0.13268639147281647, "8_60_88_04.jpg": 0.12286137044429779, "8_60_88_05.jpg": 0.11829116940498352}