{"8_80_24_01.jpg": 0.2945128083229065, "8_80_24_02.jpg": 0.2248009443283081, "8_80_24_03.jpg": 0.18438172340393066, "8_80_24_04.jpg": 0.14995089173316956, "8_80_24_05.jpg": 0.14847752451896667}