{"8_72_92_01.jpg": 0.609581470489502, "8_72_92_02.jpg": 0.3449556529521942, "8_72_92_03.jpg": 0.1997721642255783, "8_72_92_04.jpg": 0.14531210064888, "8_72_92_05.jpg": 0.12890386581420898}