{"8_32_88_01.jpg": 0.44926896691322327, "8_32_88_02.jpg": 0.36946994066238403, "8_32_88_03.jpg": 0.3568335175514221, "8_32_88_04.jpg": 0.3234420120716095, "8_32_88_05.jpg": 0.30526837706565857}