{"8_52_88_01.jpg": 0.2857954800128937, "8_52_88_02.jpg": 0.21864154934883118, "8_52_88_03.jpg": 0.17370499670505524, "8_52_88_04.jpg": 0.156373992562294, "8_52_88_05.jpg": 0.15407782793045044}