{"8_84_76_01.jpg": 0.2708766460418701, "8_84_76_02.jpg": 0.19264563918113708, "8_84_76_03.jpg": 0.12598030269145966, "8_84_76_04.jpg": 0.11415020376443863, "8_84_76_05.jpg": 0.10491663962602615}