{"8_92_68_01.jpg": 0.16364307701587677, "8_92_68_02.jpg": 0.14451555907726288, "8_92_68_03.jpg": 0.11730201542377472, "8_92_68_04.jpg": 0.09504099935293198, "8_92_68_05.jpg": 0.091131791472435}