{"8_12_48_01.jpg": 0.4886520802974701, "8_12_48_02.jpg": 0.47192323207855225, "8_12_48_03.jpg": 0.2863090932369232, "8_12_48_04.jpg": 0.2227410078048706, "8_12_48_05.jpg": 0.20187172293663025}