{"8_76_64_01.jpg": 0.4583662748336792, "8_76_64_02.jpg": 0.24701914191246033, "8_76_64_03.jpg": 0.24129611253738403, "8_76_64_04.jpg": 0.203140988945961, "8_76_64_05.jpg": 0.16974110901355743}