{"8_68_36_01.jpg": 0.32700663805007935, "8_68_36_02.jpg": 0.2913913428783417, "8_68_36_03.jpg": 0.24995149672031403, "8_68_36_04.jpg": 0.24891526997089386, "8_68_36_05.jpg": 0.23703575134277344}