{"8_60_96_01.jpg": 0.22994518280029297, "8_60_96_02.jpg": 0.16558068990707397, "8_60_96_03.jpg": 0.14562492072582245, "8_60_96_04.jpg": 0.14310772716999054, "8_60_96_05.jpg": 0.13888801634311676}