{"8_64_76_01.jpg": 0.4608650207519531, "8_64_76_02.jpg": 0.37339869141578674, "8_64_76_03.jpg": 0.3582092225551605, "8_64_76_04.jpg": 0.2559049725532532, "8_64_76_05.jpg": 0.24158796668052673}