{"8_52_16_01.jpg": 0.31027907133102417, "8_52_16_02.jpg": 0.23437310755252838, "8_52_16_03.jpg": 0.17223064601421356, "8_52_16_04.jpg": 0.1542980819940567, "8_52_16_05.jpg": 0.15317922830581665}