{"8_68_64_01.jpg": 0.3168114721775055, "8_68_64_02.jpg": 0.2654573321342468, "8_68_64_03.jpg": 0.22041594982147217, "8_68_64_04.jpg": 0.18768656253814697, "8_68_64_05.jpg": 0.18634362518787384}