{"8_4_56_01.jpg": 0.3255956768989563, "8_4_56_02.jpg": 0.18029457330703735, "8_4_56_03.jpg": 0.1773764193058014, "8_4_56_04.jpg": 0.16412712633609772, "8_4_56_05.jpg": 0.1603243350982666}