{"8_92_56_01.jpg": 0.33568257093429565, "8_92_56_02.jpg": 0.16118136048316956, "8_92_56_03.jpg": 0.15076901018619537, "8_92_56_04.jpg": 0.12598879635334015, "8_92_56_05.jpg": 0.11318866908550262}