{"8_4_72_01.jpg": 0.2863536775112152, "8_4_72_02.jpg": 0.2086198627948761, "8_4_72_03.jpg": 0.14438496530056, "8_4_72_04.jpg": 0.14043714106082916, "8_4_72_05.jpg": 0.13265258073806763}