{"8_20_36_01.jpg": 0.4031640887260437, "8_20_36_02.jpg": 0.2134702205657959, "8_20_36_03.jpg": 0.2071678638458252, "8_20_36_04.jpg": 0.16349555552005768, "8_20_36_05.jpg": 0.1512671709060669}