{"8_92_76_01.jpg": 0.2790936231613159, "8_92_76_02.jpg": 0.1898328959941864, "8_92_76_03.jpg": 0.18420155346393585, "8_92_76_04.jpg": 0.17475526034832, "8_92_76_05.jpg": 0.17325623333454132}