{"8_84_88_01.jpg": 0.315679669380188, "8_84_88_02.jpg": 0.15014898777008057, "8_84_88_03.jpg": 0.1480652391910553, "8_84_88_04.jpg": 0.07795462757349014, "8_84_88_05.jpg": 0.07482531666755676}