{"8_28_76_01.jpg": 0.31620433926582336, "8_28_76_02.jpg": 0.31450706720352173, "8_28_76_03.jpg": 0.245963454246521, "8_28_76_04.jpg": 0.23108842968940735, "8_28_76_05.jpg": 0.2066582292318344}