{"8_52_20_01.jpg": 0.229042187333107, "8_52_20_02.jpg": 0.15529045462608337, "8_52_20_03.jpg": 0.1252650022506714, "8_52_20_04.jpg": 0.11828890442848206, "8_52_20_05.jpg": 0.09327351301908493}