{"8_44_12_01.jpg": 0.3059588074684143, "8_44_12_02.jpg": 0.19701820611953735, "8_44_12_03.jpg": 0.16115356981754303, "8_44_12_04.jpg": 0.15832553803920746, "8_44_12_05.jpg": 0.13813598453998566}