{"8_56_76_01.jpg": 0.3431265354156494, "8_56_76_02.jpg": 0.3250243365764618, "8_56_76_03.jpg": 0.21493029594421387, "8_56_76_04.jpg": 0.18383191525936127, "8_56_76_05.jpg": 0.1750250607728958}