{"8_44_48_01.jpg": 0.16778890788555145, "8_44_48_02.jpg": 0.11800366640090942, "8_44_48_03.jpg": 0.10018345713615417, "8_44_48_04.jpg": 0.09917569905519485, "8_44_48_05.jpg": 0.0913420096039772}