{"8_84_92_01.jpg": 0.4424881935119629, "8_84_92_02.jpg": 0.24466118216514587, "8_84_92_03.jpg": 0.17708484828472137, "8_84_92_04.jpg": 0.1683877855539322, "8_84_92_05.jpg": 0.15005305409431458}