{"8_68_84_01.jpg": 0.21054169535636902, "8_68_84_02.jpg": 0.15384133160114288, "8_68_84_03.jpg": 0.1258886456489563, "8_68_84_04.jpg": 0.10169011354446411, "8_68_84_05.jpg": 0.09381278604269028}