{"8_72_92_01.jpg": 0.30837905406951904, "8_72_92_02.jpg": 0.26686009764671326, "8_72_92_03.jpg": 0.20110824704170227, "8_72_92_04.jpg": 0.18573515117168427, "8_72_92_05.jpg": 0.1740885227918625}