{"8_36_100_01.jpg": 0.3712891638278961, "8_36_100_02.jpg": 0.3283994793891907, "8_36_100_03.jpg": 0.28387778997421265, "8_36_100_04.jpg": 0.23216761648654938, "8_36_100_05.jpg": 0.20194382965564728}