{"8_48_96_01.jpg": 0.22410821914672852, "8_48_96_02.jpg": 0.1437118649482727, "8_48_96_03.jpg": 0.11153217405080795, "8_48_96_04.jpg": 0.10723260790109634, "8_48_96_05.jpg": 0.10526325553655624}