{"8_84_96_01.jpg": 0.31016263365745544, "8_84_96_02.jpg": 0.17256861925125122, "8_84_96_03.jpg": 0.1397746503353119, "8_84_96_04.jpg": 0.13808932900428772, "8_84_96_05.jpg": 0.13596107065677643}