{"8_40_36_01.jpg": 0.35057389736175537, "8_40_36_02.jpg": 0.27143409848213196, "8_40_36_03.jpg": 0.21423225104808807, "8_40_36_04.jpg": 0.19465622305870056, "8_40_36_05.jpg": 0.18759767711162567}