{"8_52_12_01.jpg": 0.44839051365852356, "8_52_12_02.jpg": 0.35305672883987427, "8_52_12_03.jpg": 0.3507288098335266, "8_52_12_04.jpg": 0.35065072774887085, "8_52_12_05.jpg": 0.34928423166275024}