{"8_92_52_01.jpg": 0.20706874132156372, "8_92_52_02.jpg": 0.16833089292049408, "8_92_52_03.jpg": 0.1432860940694809, "8_92_52_04.jpg": 0.11886226385831833, "8_92_52_05.jpg": 0.09086547046899796}