{"8_44_24_01.jpg": 0.27770498394966125, "8_44_24_02.jpg": 0.13567598164081573, "8_44_24_03.jpg": 0.12556949257850647, "8_44_24_04.jpg": 0.12286649644374847, "8_44_24_05.jpg": 0.11503764986991882}