{"8_76_40_01.jpg": 0.4062105119228363, "8_76_40_02.jpg": 0.28294798731803894, "8_76_40_03.jpg": 0.2769033908843994, "8_76_40_04.jpg": 0.2666478753089905, "8_76_40_05.jpg": 0.2341943085193634}