{"8_108_60_01.jpg": 0.34462982416152954, "8_108_60_02.jpg": 0.2824930250644684, "8_108_60_03.jpg": 0.16398002207279205, "8_108_60_04.jpg": 0.12549461424350739, "8_108_60_05.jpg": 0.12320302426815033}