{"8_68_12_01.jpg": 0.4532967507839203, "8_68_12_02.jpg": 0.2809736728668213, "8_68_12_03.jpg": 0.19633826613426208, "8_68_12_04.jpg": 0.1874668449163437, "8_68_12_05.jpg": 0.1499602049589157}