{"8_60_68_01.jpg": 0.3912377953529358, "8_60_68_02.jpg": 0.2362900823354721, "8_60_68_03.jpg": 0.23542079329490662, "8_60_68_04.jpg": 0.183619886636734, "8_60_68_05.jpg": 0.1666199117898941}