{"8_76_92_01.jpg": 0.26679787039756775, "8_76_92_02.jpg": 0.1581595540046692, "8_76_92_03.jpg": 0.13367553055286407, "8_76_92_04.jpg": 0.13257788121700287, "8_76_92_05.jpg": 0.13049539923667908}