{"8_20_28_01.jpg": 0.46164894104003906, "8_20_28_02.jpg": 0.35631734132766724, "8_20_28_03.jpg": 0.2398160994052887, "8_20_28_04.jpg": 0.19452103972434998, "8_20_28_05.jpg": 0.19365933537483215}