{"8_72_100_01.jpg": 0.36899933218955994, "8_72_100_02.jpg": 0.17108012735843658, "8_72_100_03.jpg": 0.15171147882938385, "8_72_100_04.jpg": 0.14339172840118408, "8_72_100_05.jpg": 0.13535524904727936}