{"8_32_92_01.jpg": 0.23140586912631989, "8_32_92_02.jpg": 0.20963333547115326, "8_32_92_03.jpg": 0.13439184427261353, "8_32_92_04.jpg": 0.12213444709777832, "8_32_92_05.jpg": 0.11989239603281021}