{"8_96_52_01.jpg": 0.4400809407234192, "8_96_52_02.jpg": 0.27450037002563477, "8_96_52_03.jpg": 0.197160542011261, "8_96_52_04.jpg": 0.19054554402828217, "8_96_52_05.jpg": 0.18641023337841034}