{"8_20_68_01.jpg": 0.39714568853378296, "8_20_68_02.jpg": 0.37430110573768616, "8_20_68_03.jpg": 0.30976957082748413, "8_20_68_04.jpg": 0.20765003561973572, "8_20_68_05.jpg": 0.185968279838562}