{"8_64_16_01.jpg": 0.4040530323982239, "8_64_16_02.jpg": 0.28667378425598145, "8_64_16_03.jpg": 0.28017956018447876, "8_64_16_04.jpg": 0.27437666058540344, "8_64_16_05.jpg": 0.2575211822986603}