{"8_72_72_01.jpg": 0.4049616754055023, "8_72_72_02.jpg": 0.3337591588497162, "8_72_72_03.jpg": 0.3062646985054016, "8_72_72_04.jpg": 0.2765979766845703, "8_72_72_05.jpg": 0.2516728937625885}