{"8_76_88_01.jpg": 0.3508602976799011, "8_76_88_02.jpg": 0.28496646881103516, "8_76_88_03.jpg": 0.2044030874967575, "8_76_88_04.jpg": 0.1885940283536911, "8_76_88_05.jpg": 0.15203993022441864}