{"8_56_12_01.jpg": 0.28349563479423523, "8_56_12_02.jpg": 0.19496235251426697, "8_56_12_03.jpg": 0.157393217086792, "8_56_12_04.jpg": 0.1558106690645218, "8_56_12_05.jpg": 0.15385589003562927}