{"8_72_8_01.jpg": 0.5473508834838867, "8_72_8_02.jpg": 0.3301595151424408, "8_72_8_03.jpg": 0.2846916913986206, "8_72_8_04.jpg": 0.1741747260093689, "8_72_8_05.jpg": 0.15659937262535095}