{"8_96_60_01.jpg": 0.3459778428077698, "8_96_60_02.jpg": 0.32526299357414246, "8_96_60_03.jpg": 0.1699775904417038, "8_96_60_04.jpg": 0.16435714066028595, "8_96_60_05.jpg": 0.13982202112674713}