{"8_44_92_01.jpg": 0.2987824082374573, "8_44_92_02.jpg": 0.26245445013046265, "8_44_92_03.jpg": 0.2620314657688141, "8_44_92_04.jpg": 0.2500971853733063, "8_44_92_05.jpg": 0.19267553091049194}