{"8_12_44_01.jpg": 0.2931211590766907, "8_12_44_02.jpg": 0.26758745312690735, "8_12_44_03.jpg": 0.24497607350349426, "8_12_44_04.jpg": 0.15447089076042175, "8_12_44_05.jpg": 0.153677299618721}