{"8_88_68_01.jpg": 0.3663124442100525, "8_88_68_02.jpg": 0.27897191047668457, "8_88_68_03.jpg": 0.22718499600887299, "8_88_68_04.jpg": 0.1828431934118271, "8_88_68_05.jpg": 0.1800675094127655}