{"8_68_100_01.jpg": 0.3546488881111145, "8_68_100_02.jpg": 0.2871286869049072, "8_68_100_03.jpg": 0.22370165586471558, "8_68_100_04.jpg": 0.1694592982530594, "8_68_100_05.jpg": 0.16582445800304413}