{"8_72_44_01.jpg": 0.1828271895647049, "8_72_44_02.jpg": 0.11504950374364853, "8_72_44_03.jpg": 0.09569965302944183, "8_72_44_04.jpg": 0.09059250354766846, "8_72_44_05.jpg": 0.08670412003993988}