{"8_108_68_01.jpg": 0.26960691809654236, "8_108_68_02.jpg": 0.13547374308109283, "8_108_68_03.jpg": 0.11775802820920944, "8_108_68_04.jpg": 0.10938962548971176, "8_108_68_05.jpg": 0.09292849898338318}