{"8_40_84_01.jpg": 0.329122930765152, "8_40_84_02.jpg": 0.17825599014759064, "8_40_84_03.jpg": 0.16088275611400604, "8_40_84_04.jpg": 0.14596720039844513, "8_40_84_05.jpg": 0.1314852386713028}