{"8_40_28_01.jpg": 0.38248446583747864, "8_40_28_02.jpg": 0.17166924476623535, "8_40_28_03.jpg": 0.09912196546792984, "8_40_28_04.jpg": 0.08677861094474792, "8_40_28_05.jpg": 0.07990571111440659}