{"8_44_28_01.jpg": 0.4320855736732483, "8_44_28_02.jpg": 0.28835153579711914, "8_44_28_03.jpg": 0.20592376589775085, "8_44_28_04.jpg": 0.18645572662353516, "8_44_28_05.jpg": 0.18525905907154083}