{"8_28_48_01.jpg": 0.2971775233745575, "8_28_48_02.jpg": 0.12318115681409836, "8_28_48_03.jpg": 0.09252848476171494, "8_28_48_04.jpg": 0.08694158494472504, "8_28_48_05.jpg": 0.0847577229142189}