{"8_20_64_01.jpg": 0.3692304790019989, "8_20_64_02.jpg": 0.2943592667579651, "8_20_64_03.jpg": 0.27189865708351135, "8_20_64_04.jpg": 0.24845416843891144, "8_20_64_05.jpg": 0.2276962399482727}