{"8_64_40_01.jpg": 0.37032270431518555, "8_64_40_02.jpg": 0.3353397846221924, "8_64_40_03.jpg": 0.33303436636924744, "8_64_40_04.jpg": 0.1721915602684021, "8_64_40_05.jpg": 0.16687458753585815}