{"8_64_60_01.jpg": 0.22720852494239807, "8_64_60_02.jpg": 0.15243659913539886, "8_64_60_03.jpg": 0.12054066359996796, "8_64_60_04.jpg": 0.11014062911272049, "8_64_60_05.jpg": 0.10867565870285034}