{"8_104_32_01.jpg": 0.2715025544166565, "8_104_32_02.jpg": 0.20976142585277557, "8_104_32_03.jpg": 0.15417736768722534, "8_104_32_04.jpg": 0.1417846530675888, "8_104_32_05.jpg": 0.12786728143692017}