{"8_40_72_01.jpg": 0.40435290336608887, "8_40_72_02.jpg": 0.3856920897960663, "8_40_72_03.jpg": 0.3662889897823334, "8_40_72_04.jpg": 0.3458814322948456, "8_40_72_05.jpg": 0.29197537899017334}