{"8_32_20_01.jpg": 0.28774139285087585, "8_32_20_02.jpg": 0.16841791570186615, "8_32_20_03.jpg": 0.12688420712947845, "8_32_20_04.jpg": 0.0891132652759552, "8_32_20_05.jpg": 0.07470683008432388}