{"8_44_20_01.jpg": 0.26202353835105896, "8_44_20_02.jpg": 0.1544119268655777, "8_44_20_03.jpg": 0.1256932020187378, "8_44_20_04.jpg": 0.09752427041530609, "8_44_20_05.jpg": 0.08550984412431717}