{"8_64_60_01.jpg": 0.34448888897895813, "8_64_60_02.jpg": 0.28848952054977417, "8_64_60_03.jpg": 0.23466047644615173, "8_64_60_04.jpg": 0.21809302270412445, "8_64_60_05.jpg": 0.19819284975528717}