{"8_36_52_01.jpg": 0.304192453622818, "8_36_52_02.jpg": 0.2771947383880615, "8_36_52_03.jpg": 0.20903758704662323, "8_36_52_04.jpg": 0.13537752628326416, "8_36_52_05.jpg": 0.12778817117214203}