{"8_32_60_01.jpg": 0.3008861839771271, "8_32_60_02.jpg": 0.2388436645269394, "8_32_60_03.jpg": 0.23243646323680878, "8_32_60_04.jpg": 0.1880805343389511, "8_32_60_05.jpg": 0.16025203466415405}