{"8_64_104_01.jpg": 0.1905384361743927, "8_64_104_02.jpg": 0.1231578141450882, "8_64_104_03.jpg": 0.1135752722620964, "8_64_104_04.jpg": 0.10677976161241531, "8_64_104_05.jpg": 0.09823089838027954}