{"8_36_100_01.jpg": 0.3137481212615967, "8_36_100_02.jpg": 0.21779495477676392, "8_36_100_03.jpg": 0.19911272823810577, "8_36_100_04.jpg": 0.1735311895608902, "8_36_100_05.jpg": 0.15537598729133606}