{"8_76_60_01.jpg": 0.40502968430519104, "8_76_60_02.jpg": 0.21287259459495544, "8_76_60_03.jpg": 0.18285590410232544, "8_76_60_04.jpg": 0.14359991252422333, "8_76_60_05.jpg": 0.14030756056308746}