{"8_76_32_01.jpg": 0.39764922857284546, "8_76_32_02.jpg": 0.30001527070999146, "8_76_32_03.jpg": 0.27680525183677673, "8_76_32_04.jpg": 0.2144591212272644, "8_76_32_05.jpg": 0.17107154428958893}