{"8_32_96_01.jpg": 0.3949538469314575, "8_32_96_02.jpg": 0.327185720205307, "8_32_96_03.jpg": 0.3223325312137604, "8_32_96_04.jpg": 0.31401073932647705, "8_32_96_05.jpg": 0.30963388085365295}