{"8_92_40_01.jpg": 0.32220199704170227, "8_92_40_02.jpg": 0.17140887677669525, "8_92_40_03.jpg": 0.1299034059047699, "8_92_40_04.jpg": 0.12945760786533356, "8_92_40_05.jpg": 0.11124716699123383}