{"8_36_28_01.jpg": 0.20441477000713348, "8_36_28_02.jpg": 0.15339812636375427, "8_36_28_03.jpg": 0.1123407781124115, "8_36_28_04.jpg": 0.0937616378068924, "8_36_28_05.jpg": 0.0869218185544014}