{"8_40_104_01.jpg": 0.3074953258037567, "8_40_104_02.jpg": 0.2330448478460312, "8_40_104_03.jpg": 0.23275376856327057, "8_40_104_04.jpg": 0.22467592358589172, "8_40_104_05.jpg": 0.210472971200943}