{"8_36_80_01.jpg": 0.28760501742362976, "8_36_80_02.jpg": 0.13243383169174194, "8_36_80_03.jpg": 0.12198072671890259, "8_36_80_04.jpg": 0.10720490664243698, "8_36_80_05.jpg": 0.08303690701723099}