{"8_56_56_01.jpg": 0.468655526638031, "8_56_56_02.jpg": 0.23527765274047852, "8_56_56_03.jpg": 0.20989727973937988, "8_56_56_04.jpg": 0.20300747454166412, "8_56_56_05.jpg": 0.13187117874622345}