{"8_24_64_01.jpg": 0.3930304944515228, "8_24_64_02.jpg": 0.1637638807296753, "8_24_64_03.jpg": 0.14878162741661072, "8_24_64_04.jpg": 0.13148196041584015, "8_24_64_05.jpg": 0.11230641603469849}