{"8_44_84_01.jpg": 0.2805100381374359, "8_44_84_02.jpg": 0.22283676266670227, "8_44_84_03.jpg": 0.18982329964637756, "8_44_84_04.jpg": 0.18601596355438232, "8_44_84_05.jpg": 0.16388563811779022}