{"8_64_64_01.jpg": 0.29750773310661316, "8_64_64_02.jpg": 0.1962864249944687, "8_64_64_03.jpg": 0.1694062054157257, "8_64_64_04.jpg": 0.152574360370636, "8_64_64_05.jpg": 0.13537302613258362}