{"8_80_16_01.jpg": 0.18334032595157623, "8_80_16_02.jpg": 0.09250302612781525, "8_80_16_03.jpg": 0.08700394630432129, "8_80_16_04.jpg": 0.07296250015497208, "8_80_16_05.jpg": 0.06962667405605316}