{"8_60_12_01.jpg": 0.3827435076236725, "8_60_12_02.jpg": 0.27503058314323425, "8_60_12_03.jpg": 0.25349894165992737, "8_60_12_04.jpg": 0.17870278656482697, "8_60_12_05.jpg": 0.16412988305091858}