{"8_60_80_01.jpg": 0.41576942801475525, "8_60_80_02.jpg": 0.2385196089744568, "8_60_80_03.jpg": 0.22646522521972656, "8_60_80_04.jpg": 0.21822264790534973, "8_60_80_05.jpg": 0.20907755196094513}