{"8_76_40_01.jpg": 0.5292080640792847, "8_76_40_02.jpg": 0.14860926568508148, "8_76_40_03.jpg": 0.12975022196769714, "8_76_40_04.jpg": 0.12620116770267487, "8_76_40_05.jpg": 0.11909562349319458}