{"8_76_64_01.jpg": 0.3139784336090088, "8_76_64_02.jpg": 0.16770429909229279, "8_76_64_03.jpg": 0.12444385886192322, "8_76_64_04.jpg": 0.08810120820999146, "8_76_64_05.jpg": 0.08597731590270996}