{"8_52_16_01.jpg": 0.4357687532901764, "8_52_16_02.jpg": 0.4127328097820282, "8_52_16_03.jpg": 0.30087077617645264, "8_52_16_04.jpg": 0.2204199582338333, "8_52_16_05.jpg": 0.21836839616298676}