{"8_64_20_01.jpg": 0.2857511639595032, "8_64_20_02.jpg": 0.23716747760772705, "8_64_20_03.jpg": 0.22647586464881897, "8_64_20_04.jpg": 0.17190878093242645, "8_64_20_05.jpg": 0.1682707816362381}