{"8_8_52_01.jpg": 0.4379499852657318, "8_8_52_02.jpg": 0.15410752594470978, "8_8_52_03.jpg": 0.09927204251289368, "8_8_52_04.jpg": 0.09771190583705902, "8_8_52_05.jpg": 0.09565196186304092}