{"8_68_28_01.jpg": 0.4774819314479828, "8_68_28_02.jpg": 0.4476899206638336, "8_68_28_03.jpg": 0.3354916274547577, "8_68_28_04.jpg": 0.2875768840312958, "8_68_28_05.jpg": 0.22380498051643372}