{"8_60_76_01.jpg": 0.3301933705806732, "8_60_76_02.jpg": 0.27529412508010864, "8_60_76_03.jpg": 0.18575449287891388, "8_60_76_04.jpg": 0.16790929436683655, "8_60_76_05.jpg": 0.15790477395057678}