{"8_24_36_01.jpg": 0.3761444389820099, "8_24_36_02.jpg": 0.17277811467647552, "8_24_36_03.jpg": 0.15910564363002777, "8_24_36_04.jpg": 0.15029087662696838, "8_24_36_05.jpg": 0.13702958822250366}