{"8_68_104_01.jpg": 0.2816827595233917, "8_68_104_02.jpg": 0.25502997636795044, "8_68_104_03.jpg": 0.14331254363059998, "8_68_104_04.jpg": 0.13258157670497894, "8_68_104_05.jpg": 0.09627777338027954}