{"8_72_20_01.jpg": 0.1702570915222168, "8_72_20_02.jpg": 0.12947291135787964, "8_72_20_03.jpg": 0.11176254600286484, "8_72_20_04.jpg": 0.10963968932628632, "8_72_20_05.jpg": 0.09904530644416809}