{"8_40_80_01.jpg": 0.28870606422424316, "8_40_80_02.jpg": 0.23395530879497528, "8_40_80_03.jpg": 0.22543855011463165, "8_40_80_04.jpg": 0.1705625206232071, "8_40_80_05.jpg": 0.16532032191753387}