{"8_68_92_01.jpg": 0.4224378764629364, "8_68_92_02.jpg": 0.40522482991218567, "8_68_92_03.jpg": 0.2834869623184204, "8_68_92_04.jpg": 0.2777490019798279, "8_68_92_05.jpg": 0.25084301829338074}