{"8_72_80_01.jpg": 0.2735336422920227, "8_72_80_02.jpg": 0.21047258377075195, "8_72_80_03.jpg": 0.20948660373687744, "8_72_80_04.jpg": 0.1773330569267273, "8_72_80_05.jpg": 0.17529688775539398}