{"8_80_20_01.jpg": 0.3098229467868805, "8_80_20_02.jpg": 0.24154634773731232, "8_80_20_03.jpg": 0.23023930191993713, "8_80_20_04.jpg": 0.17553682625293732, "8_80_20_05.jpg": 0.1273505538702011}