{"8_32_24_01.jpg": 0.272603839635849, "8_32_24_02.jpg": 0.2570308446884155, "8_32_24_03.jpg": 0.1692817360162735, "8_32_24_04.jpg": 0.16575796902179718, "8_32_24_05.jpg": 0.15175606310367584}