{"8_32_60_01.jpg": 0.2659182548522949, "8_32_60_02.jpg": 0.22713609039783478, "8_32_60_03.jpg": 0.17593257129192352, "8_32_60_04.jpg": 0.1533464789390564, "8_32_60_05.jpg": 0.12051764130592346}