{"8_56_16_01.jpg": 0.31084224581718445, "8_56_16_02.jpg": 0.15626190602779388, "8_56_16_03.jpg": 0.14684252440929413, "8_56_16_04.jpg": 0.13532280921936035, "8_56_16_05.jpg": 0.10580160468816757}