{"8_40_44_01.jpg": 0.2249736785888672, "8_40_44_02.jpg": 0.20606699585914612, "8_40_44_03.jpg": 0.18745729327201843, "8_40_44_04.jpg": 0.08779343962669373, "8_40_44_05.jpg": 0.0865376740694046}