{"8_80_60_01.jpg": 0.2982273995876312, "8_80_60_02.jpg": 0.271925151348114, "8_80_60_03.jpg": 0.178904190659523, "8_80_60_04.jpg": 0.1640005111694336, "8_80_60_05.jpg": 0.16326625645160675}