{"8_16_68_01.jpg": 0.3221031725406647, "8_16_68_02.jpg": 0.28550997376441956, "8_16_68_03.jpg": 0.2575044631958008, "8_16_68_04.jpg": 0.1813671588897705, "8_16_68_05.jpg": 0.16904878616333008}