{"8_80_44_01.jpg": 0.44047266244888306, "8_80_44_02.jpg": 0.3022788465023041, "8_80_44_03.jpg": 0.3020637631416321, "8_80_44_04.jpg": 0.2490263432264328, "8_80_44_05.jpg": 0.21421849727630615}