{"8_28_16_01.jpg": 0.2556076943874359, "8_28_16_02.jpg": 0.17219451069831848, "8_28_16_03.jpg": 0.16185760498046875, "8_28_16_04.jpg": 0.11574982106685638, "8_28_16_05.jpg": 0.11296313256025314}