{"8_92_76_01.jpg": 0.5150291919708252, "8_92_76_02.jpg": 0.3638482093811035, "8_92_76_03.jpg": 0.3610855042934418, "8_92_76_04.jpg": 0.3455590009689331, "8_92_76_05.jpg": 0.29765164852142334}