{"8_68_48_01.jpg": 0.34418338537216187, "8_68_48_02.jpg": 0.20128385722637177, "8_68_48_03.jpg": 0.13959884643554688, "8_68_48_04.jpg": 0.1282712072134018, "8_68_48_05.jpg": 0.1150832399725914}