{"8_48_40_01.jpg": 0.3670646846294403, "8_48_40_02.jpg": 0.3009057641029358, "8_48_40_03.jpg": 0.2273131012916565, "8_48_40_04.jpg": 0.21364328265190125, "8_48_40_05.jpg": 0.18174272775650024}