{"8_56_32_01.jpg": 0.3602304756641388, "8_56_32_02.jpg": 0.3054983913898468, "8_56_32_03.jpg": 0.24731919169425964, "8_56_32_04.jpg": 0.24150703847408295, "8_56_32_05.jpg": 0.23533667623996735}