{"8_28_28_01.jpg": 0.4273274838924408, "8_28_28_02.jpg": 0.3743501901626587, "8_28_28_03.jpg": 0.33125028014183044, "8_28_28_04.jpg": 0.2855394184589386, "8_28_28_05.jpg": 0.2443169802427292}