{"8_40_88_01.jpg": 0.5910063982009888, "8_40_88_02.jpg": 0.3353337347507477, "8_40_88_03.jpg": 0.25921016931533813, "8_40_88_04.jpg": 0.24157898128032684, "8_40_88_05.jpg": 0.1998520940542221}