{"8_32_32_01.jpg": 0.45553767681121826, "8_32_32_02.jpg": 0.09746016561985016, "8_32_32_03.jpg": 0.09632550179958344, "8_32_32_04.jpg": 0.08475522696971893, "8_32_32_05.jpg": 0.06786760687828064}