{"8_56_24_01.jpg": 0.40846845507621765, "8_56_24_02.jpg": 0.30135414004325867, "8_56_24_03.jpg": 0.18190068006515503, "8_56_24_04.jpg": 0.12997624278068542, "8_56_24_05.jpg": 0.12371360510587692}