{"8_12_44_01.jpg": 0.30044808983802795, "8_12_44_02.jpg": 0.2636803090572357, "8_12_44_03.jpg": 0.17580914497375488, "8_12_44_04.jpg": 0.12988342344760895, "8_12_44_05.jpg": 0.12764094769954681}