{"8_28_48_01.jpg": 0.2877851128578186, "8_28_48_02.jpg": 0.24054589867591858, "8_28_48_03.jpg": 0.20086424052715302, "8_28_48_04.jpg": 0.15033991634845734, "8_28_48_05.jpg": 0.14936819672584534}