{"8_36_92_01.jpg": 0.3658742904663086, "8_36_92_02.jpg": 0.3060413599014282, "8_36_92_03.jpg": 0.2797313928604126, "8_36_92_04.jpg": 0.2121455818414688, "8_36_92_05.jpg": 0.20630627870559692}