{"8_48_92_01.jpg": 0.41220226883888245, "8_48_92_02.jpg": 0.32478994131088257, "8_48_92_03.jpg": 0.28739133477211, "8_48_92_04.jpg": 0.26507696509361267, "8_48_92_05.jpg": 0.19584760069847107}