{"8_96_60_01.jpg": 0.3821977376937866, "8_96_60_02.jpg": 0.2543034553527832, "8_96_60_03.jpg": 0.20431092381477356, "8_96_60_04.jpg": 0.19812355935573578, "8_96_60_05.jpg": 0.18597854673862457}