{"8_44_68_01.jpg": 0.4361478090286255, "8_44_68_02.jpg": 0.28074780106544495, "8_44_68_03.jpg": 0.28072389960289, "8_44_68_04.jpg": 0.245693176984787, "8_44_68_05.jpg": 0.22815890610218048}