{"8_68_84_01.jpg": 0.47432488203048706, "8_68_84_02.jpg": 0.2808023989200592, "8_68_84_03.jpg": 0.20220670104026794, "8_68_84_04.jpg": 0.1909310519695282, "8_68_84_05.jpg": 0.18655221164226532}