{"8_96_72_01.jpg": 0.271553099155426, "8_96_72_02.jpg": 0.23575134575366974, "8_96_72_03.jpg": 0.11915487051010132, "8_96_72_04.jpg": 0.11193830519914627, "8_96_72_05.jpg": 0.09903945028781891}