{"8_68_12_01.jpg": 0.5904114842414856, "8_68_12_02.jpg": 0.25999385118484497, "8_68_12_03.jpg": 0.18010543286800385, "8_68_12_04.jpg": 0.15470284223556519, "8_68_12_05.jpg": 0.1498652696609497}