{"8_88_56_01.jpg": 0.30313020944595337, "8_88_56_02.jpg": 0.16018638014793396, "8_88_56_03.jpg": 0.12330020219087601, "8_88_56_04.jpg": 0.11943619698286057, "8_88_56_05.jpg": 0.11207491904497147}