{"8_36_92_01.jpg": 0.3867722749710083, "8_36_92_02.jpg": 0.3201403021812439, "8_36_92_03.jpg": 0.24254994094371796, "8_36_92_04.jpg": 0.2129357010126114, "8_36_92_05.jpg": 0.18689249455928802}