{"8_16_76_01.jpg": 0.20879188179969788, "8_16_76_02.jpg": 0.15131887793540955, "8_16_76_03.jpg": 0.10403870791196823, "8_16_76_04.jpg": 0.06841831654310226, "8_16_76_05.jpg": 0.06827324628829956}