{"8_8_48_01.jpg": 0.33686894178390503, "8_8_48_02.jpg": 0.2331194281578064, "8_8_48_03.jpg": 0.1680256724357605, "8_8_48_04.jpg": 0.1544228047132492, "8_8_48_05.jpg": 0.15114760398864746}