{"8_44_12_01.jpg": 0.25945451855659485, "8_44_12_02.jpg": 0.1753377616405487, "8_44_12_03.jpg": 0.16775132715702057, "8_44_12_04.jpg": 0.16459423303604126, "8_44_12_05.jpg": 0.1357892006635666}