{"8_96_32_01.jpg": 0.43814903497695923, "8_96_32_02.jpg": 0.36212286353111267, "8_96_32_03.jpg": 0.235643208026886, "8_96_32_04.jpg": 0.23108094930648804, "8_96_32_05.jpg": 0.2181144803762436}