{"8_72_76_01.jpg": 0.38025662302970886, "8_72_76_02.jpg": 0.11083052307367325, "8_72_76_03.jpg": 0.1092306524515152, "8_72_76_04.jpg": 0.10737352073192596, "8_72_76_05.jpg": 0.09749162942171097}