{"8_24_52_01.jpg": 0.44080397486686707, "8_24_52_02.jpg": 0.21685926616191864, "8_24_52_03.jpg": 0.21052899956703186, "8_24_52_04.jpg": 0.19709299504756927, "8_24_52_05.jpg": 0.1825224757194519}