{"8_64_44_01.jpg": 0.3477593958377838, "8_64_44_02.jpg": 0.23516446352005005, "8_64_44_03.jpg": 0.22236411273479462, "8_64_44_04.jpg": 0.22143761813640594, "8_64_44_05.jpg": 0.21698583662509918}