{"8_60_4_01.jpg": 0.49523141980171204, "8_60_4_02.jpg": 0.463925302028656, "8_60_4_03.jpg": 0.30733826756477356, "8_60_4_04.jpg": 0.20279881358146667, "8_60_4_05.jpg": 0.20231464505195618}