{"8_8_40_01.jpg": 0.3905785083770752, "8_8_40_02.jpg": 0.32716163992881775, "8_8_40_03.jpg": 0.2688581049442291, "8_8_40_04.jpg": 0.2684345543384552, "8_8_40_05.jpg": 0.2307283729314804}