{"8_32_32_01.jpg": 0.2969479262828827, "8_32_32_02.jpg": 0.10253550112247467, "8_32_32_03.jpg": 0.0901588648557663, "8_32_32_04.jpg": 0.08552147448062897, "8_32_32_05.jpg": 0.08108086884021759}