{"8_96_56_01.jpg": 0.2287793904542923, "8_96_56_02.jpg": 0.10826999694108963, "8_96_56_03.jpg": 0.10603384673595428, "8_96_56_04.jpg": 0.10379448533058167, "8_96_56_05.jpg": 0.09561470150947571}