{"8_48_16_01.jpg": 0.3716152012348175, "8_48_16_02.jpg": 0.2812950909137726, "8_48_16_03.jpg": 0.22966480255126953, "8_48_16_04.jpg": 0.18389903008937836, "8_48_16_05.jpg": 0.1801290214061737}