{"8_64_40_01.jpg": 0.20396341383457184, "8_64_40_02.jpg": 0.18375791609287262, "8_64_40_03.jpg": 0.17362366616725922, "8_64_40_04.jpg": 0.11359481513500214, "8_64_40_05.jpg": 0.11104229837656021}