{"8_12_68_01.jpg": 0.39571958780288696, "8_12_68_02.jpg": 0.3773074448108673, "8_12_68_03.jpg": 0.3629657030105591, "8_12_68_04.jpg": 0.30155396461486816, "8_12_68_05.jpg": 0.20143970847129822}