{"8_48_32_01.jpg": 0.3981344997882843, "8_48_32_02.jpg": 0.38988086581230164, "8_48_32_03.jpg": 0.3673824965953827, "8_48_32_04.jpg": 0.22604812681674957, "8_48_32_05.jpg": 0.21186353266239166}