{"8_16_68_01.jpg": 0.37030720710754395, "8_16_68_02.jpg": 0.29473456740379333, "8_16_68_03.jpg": 0.262484610080719, "8_16_68_04.jpg": 0.25202062726020813, "8_16_68_05.jpg": 0.2516354024410248}