{"8_36_24_01.jpg": 0.5383625626564026, "8_36_24_02.jpg": 0.3745371997356415, "8_36_24_03.jpg": 0.3461441993713379, "8_36_24_04.jpg": 0.3244827389717102, "8_36_24_05.jpg": 0.3216313123703003}