{"8_52_28_01.jpg": 0.3484886884689331, "8_52_28_02.jpg": 0.20965667068958282, "8_52_28_03.jpg": 0.15921589732170105, "8_52_28_04.jpg": 0.15231209993362427, "8_52_28_05.jpg": 0.14790670573711395}