{"8_76_64_01.jpg": 0.28572365641593933, "8_76_64_02.jpg": 0.14976190030574799, "8_76_64_03.jpg": 0.10210977494716644, "8_76_64_04.jpg": 0.08897601068019867, "8_76_64_05.jpg": 0.08296655863523483}