{"8_60_104_01.jpg": 0.3161006271839142, "8_60_104_02.jpg": 0.1507127732038498, "8_60_104_03.jpg": 0.14667046070098877, "8_60_104_04.jpg": 0.11684724688529968, "8_60_104_05.jpg": 0.10908165574073792}