{"8_64_8_01.jpg": 0.41741952300071716, "8_64_8_02.jpg": 0.21321065723896027, "8_64_8_03.jpg": 0.17824652791023254, "8_64_8_04.jpg": 0.16564124822616577, "8_64_8_05.jpg": 0.1422729343175888}