{"8_100_80_01.jpg": 0.27375757694244385, "8_100_80_02.jpg": 0.206965371966362, "8_100_80_03.jpg": 0.17868384718894958, "8_100_80_04.jpg": 0.15169057250022888, "8_100_80_05.jpg": 0.13478100299835205}