{"8_96_36_01.jpg": 0.3172869086265564, "8_96_36_02.jpg": 0.2603502869606018, "8_96_36_03.jpg": 0.1500406265258789, "8_96_36_04.jpg": 0.05581988766789436, "8_96_36_05.jpg": 0.05335485190153122}