{"8_96_48_01.jpg": 0.19433309137821198, "8_96_48_02.jpg": 0.12631002068519592, "8_96_48_03.jpg": 0.12067179381847382, "8_96_48_04.jpg": 0.10818880796432495, "8_96_48_05.jpg": 0.0896899402141571}