{"8_60_100_01.jpg": 0.25822335481643677, "8_60_100_02.jpg": 0.1796533763408661, "8_60_100_03.jpg": 0.1426476538181305, "8_60_100_04.jpg": 0.11522646248340607, "8_60_100_05.jpg": 0.11281770467758179}