{"8_36_64_01.jpg": 0.3909294605255127, "8_36_64_02.jpg": 0.2810840606689453, "8_36_64_03.jpg": 0.26917290687561035, "8_36_64_04.jpg": 0.25180789828300476, "8_36_64_05.jpg": 0.16674594581127167}