{"8_56_88_01.jpg": 0.43678727746009827, "8_56_88_02.jpg": 0.4153088629245758, "8_56_88_03.jpg": 0.20195497572422028, "8_56_88_04.jpg": 0.18239900469779968, "8_56_88_05.jpg": 0.1793687790632248}