{"8_36_32_01.jpg": 0.2432788759469986, "8_36_32_02.jpg": 0.15440788865089417, "8_36_32_03.jpg": 0.14244060218334198, "8_36_32_04.jpg": 0.1334579586982727, "8_36_32_05.jpg": 0.11991891264915466}