{"8_32_88_01.jpg": 0.41466858983039856, "8_32_88_02.jpg": 0.3714820146560669, "8_32_88_03.jpg": 0.33081239461898804, "8_32_88_04.jpg": 0.32203152775764465, "8_32_88_05.jpg": 0.2896535396575928}