{"8_108_56_01.jpg": 0.27717170119285583, "8_108_56_02.jpg": 0.1843867152929306, "8_108_56_03.jpg": 0.16771800816059113, "8_108_56_04.jpg": 0.14827972650527954, "8_108_56_05.jpg": 0.12968489527702332}