{"8_52_92_01.jpg": 0.2662808299064636, "8_52_92_02.jpg": 0.11989768594503403, "8_52_92_03.jpg": 0.09155800193548203, "8_52_92_04.jpg": 0.08924931287765503, "8_52_92_05.jpg": 0.08123316615819931}