{"8_8_64_01.jpg": 0.3147045969963074, "8_8_64_02.jpg": 0.22175104916095734, "8_8_64_03.jpg": 0.1870889812707901, "8_8_64_04.jpg": 0.1834714710712433, "8_8_64_05.jpg": 0.16492268443107605}