{"8_44_72_01.jpg": 0.22977404296398163, "8_44_72_02.jpg": 0.13004468381404877, "8_44_72_03.jpg": 0.12623389065265656, "8_44_72_04.jpg": 0.10966218262910843, "8_44_72_05.jpg": 0.09115418791770935}