{"8_64_36_01.jpg": 0.27292802929878235, "8_64_36_02.jpg": 0.1717594414949417, "8_64_36_03.jpg": 0.13019941747188568, "8_64_36_04.jpg": 0.09723545610904694, "8_64_36_05.jpg": 0.09627553820610046}