{"8_24_32_01.jpg": 0.48539116978645325, "8_24_32_02.jpg": 0.2590327858924866, "8_24_32_03.jpg": 0.18752670288085938, "8_24_32_04.jpg": 0.14669616520404816, "8_24_32_05.jpg": 0.11655180156230927}