{"8_44_96_01.jpg": 0.23387452960014343, "8_44_96_02.jpg": 0.21032273769378662, "8_44_96_03.jpg": 0.20981019735336304, "8_44_96_04.jpg": 0.15542426705360413, "8_44_96_05.jpg": 0.15210969746112823}