{"8_52_96_01.jpg": 0.6193956732749939, "8_52_96_02.jpg": 0.28512847423553467, "8_52_96_03.jpg": 0.2446707785129547, "8_52_96_04.jpg": 0.23303300142288208, "8_52_96_05.jpg": 0.23225465416908264}