{"8_4_60_01.jpg": 0.31595659255981445, "8_4_60_02.jpg": 0.17051434516906738, "8_4_60_03.jpg": 0.14196006953716278, "8_4_60_04.jpg": 0.13333533704280853, "8_4_60_05.jpg": 0.13130569458007812}