{"8_68_100_01.jpg": 0.40410518646240234, "8_68_100_02.jpg": 0.10324589163064957, "8_68_100_03.jpg": 0.09749674797058105, "8_68_100_04.jpg": 0.09590861946344376, "8_68_100_05.jpg": 0.08866633474826813}