{"8_8_32_01.jpg": 0.3467393219470978, "8_8_32_02.jpg": 0.27825263142585754, "8_8_32_03.jpg": 0.2390914112329483, "8_8_32_04.jpg": 0.20478016138076782, "8_8_32_05.jpg": 0.1715245544910431}