{"8_8_44_01.jpg": 0.30477175116539, "8_8_44_02.jpg": 0.2988834083080292, "8_8_44_03.jpg": 0.2563612759113312, "8_8_44_04.jpg": 0.22036013007164001, "8_8_44_05.jpg": 0.19320140779018402}