{"8_56_4_01.jpg": 0.2527797520160675, "8_56_4_02.jpg": 0.14651980996131897, "8_56_4_03.jpg": 0.13624738156795502, "8_56_4_04.jpg": 0.1322215497493744, "8_56_4_05.jpg": 0.12357035279273987}