{"8_12_60_01.jpg": 0.3249201476573944, "8_12_60_02.jpg": 0.3026454448699951, "8_12_60_03.jpg": 0.23432083427906036, "8_12_60_04.jpg": 0.19200704991817474, "8_12_60_05.jpg": 0.1902620941400528}