{"8_44_20_01.jpg": 0.34319445490837097, "8_44_20_02.jpg": 0.18991410732269287, "8_44_20_03.jpg": 0.16844409704208374, "8_44_20_04.jpg": 0.14840739965438843, "8_44_20_05.jpg": 0.1472761183977127}