{"8_72_40_01.jpg": 0.285735547542572, "8_72_40_02.jpg": 0.1703919619321823, "8_72_40_03.jpg": 0.13981865346431732, "8_72_40_04.jpg": 0.11839200556278229, "8_72_40_05.jpg": 0.09041200578212738}