{"8_40_84_01.jpg": 0.2912956178188324, "8_40_84_02.jpg": 0.21967445313930511, "8_40_84_03.jpg": 0.19776952266693115, "8_40_84_04.jpg": 0.140959694981575, "8_40_84_05.jpg": 0.13488031923770905}