{"8_64_28_01.jpg": 0.21660326421260834, "8_64_28_02.jpg": 0.14683018624782562, "8_64_28_03.jpg": 0.12126579880714417, "8_64_28_04.jpg": 0.11840257048606873, "8_64_28_05.jpg": 0.11594635248184204}