{"8_28_44_01.jpg": 0.28920894861221313, "8_28_44_02.jpg": 0.287043958902359, "8_28_44_03.jpg": 0.18144731223583221, "8_28_44_04.jpg": 0.1812310814857483, "8_28_44_05.jpg": 0.1698606163263321}