{"8_76_72_01.jpg": 0.38181254267692566, "8_76_72_02.jpg": 0.3361362814903259, "8_76_72_03.jpg": 0.2786823809146881, "8_76_72_04.jpg": 0.2553510069847107, "8_76_72_05.jpg": 0.25390809774398804}