{"8_36_28_01.jpg": 0.34962958097457886, "8_36_28_02.jpg": 0.3388367295265198, "8_36_28_03.jpg": 0.28235453367233276, "8_36_28_04.jpg": 0.2548676133155823, "8_36_28_05.jpg": 0.2118200957775116}