{"8_64_80_01.jpg": 0.40200328826904297, "8_64_80_02.jpg": 0.2914661765098572, "8_64_80_03.jpg": 0.2565101087093353, "8_64_80_04.jpg": 0.1942278891801834, "8_64_80_05.jpg": 0.18302679061889648}