{"8_16_72_01.jpg": 0.29544124007225037, "8_16_72_02.jpg": 0.21570850908756256, "8_16_72_03.jpg": 0.17413274943828583, "8_16_72_04.jpg": 0.1735280454158783, "8_16_72_05.jpg": 0.1697397083044052}