{"8_60_100_01.jpg": 0.44365426898002625, "8_60_100_02.jpg": 0.396291047334671, "8_60_100_03.jpg": 0.37934741377830505, "8_60_100_04.jpg": 0.3319050669670105, "8_60_100_05.jpg": 0.2992648184299469}