{"8_92_64_01.jpg": 0.4728826880455017, "8_92_64_02.jpg": 0.3883010149002075, "8_92_64_03.jpg": 0.24738062918186188, "8_92_64_04.jpg": 0.1814117580652237, "8_92_64_05.jpg": 0.17792759835720062}