{"8_56_76_01.jpg": 0.25924432277679443, "8_56_76_02.jpg": 0.14478906989097595, "8_56_76_03.jpg": 0.13291147351264954, "8_56_76_04.jpg": 0.11498504877090454, "8_56_76_05.jpg": 0.08325377851724625}