{"8_80_60_01.jpg": 0.40661972761154175, "8_80_60_02.jpg": 0.3975120186805725, "8_80_60_03.jpg": 0.33046409487724304, "8_80_60_04.jpg": 0.30704188346862793, "8_80_60_05.jpg": 0.24837225675582886}