{"8_20_88_01.jpg": 0.42269760370254517, "8_20_88_02.jpg": 0.341953843832016, "8_20_88_03.jpg": 0.28113916516304016, "8_20_88_04.jpg": 0.2223724126815796, "8_20_88_05.jpg": 0.21081921458244324}