{"8_72_16_01.jpg": 0.3597327470779419, "8_72_16_02.jpg": 0.22409193217754364, "8_72_16_03.jpg": 0.19211743772029877, "8_72_16_04.jpg": 0.16850000619888306, "8_72_16_05.jpg": 0.16179387271404266}