{"8_76_12_01.jpg": 0.2718784511089325, "8_76_12_02.jpg": 0.17023271322250366, "8_76_12_03.jpg": 0.16979411244392395, "8_76_12_04.jpg": 0.1690039336681366, "8_76_12_05.jpg": 0.1502680778503418}