{"8_96_24_01.jpg": 0.42788437008857727, "8_96_24_02.jpg": 0.20585912466049194, "8_96_24_03.jpg": 0.17096175253391266, "8_96_24_04.jpg": 0.12623006105422974, "8_96_24_05.jpg": 0.11149612069129944}