{"8_60_100_01.jpg": 0.2633185088634491, "8_60_100_02.jpg": 0.20156840980052948, "8_60_100_03.jpg": 0.10523997992277145, "8_60_100_04.jpg": 0.10493151098489761, "8_60_100_05.jpg": 0.09223875403404236}