{"8_64_32_01.jpg": 0.46689853072166443, "8_64_32_02.jpg": 0.45949092507362366, "8_64_32_03.jpg": 0.2522774040699005, "8_64_32_04.jpg": 0.2428346425294876, "8_64_32_05.jpg": 0.21080629527568817}