{"8_28_16_01.jpg": 0.32088804244995117, "8_28_16_02.jpg": 0.24977745115756989, "8_28_16_03.jpg": 0.22607366740703583, "8_28_16_04.jpg": 0.16047978401184082, "8_28_16_05.jpg": 0.15586960315704346}