{"8_84_84_01.jpg": 0.2656444013118744, "8_84_84_02.jpg": 0.22883614897727966, "8_84_84_03.jpg": 0.1388700157403946, "8_84_84_04.jpg": 0.13870424032211304, "8_84_84_05.jpg": 0.1283886581659317}