{"8_32_32_01.jpg": 0.3717809319496155, "8_32_32_02.jpg": 0.3338319659233093, "8_32_32_03.jpg": 0.2229173481464386, "8_32_32_04.jpg": 0.19708919525146484, "8_32_32_05.jpg": 0.19455698132514954}