{"8_28_32_01.jpg": 0.3805428743362427, "8_28_32_02.jpg": 0.3344062268733978, "8_28_32_03.jpg": 0.27846819162368774, "8_28_32_04.jpg": 0.2744152247905731, "8_28_32_05.jpg": 0.2143852412700653}