{"8_24_88_01.jpg": 0.4161410927772522, "8_24_88_02.jpg": 0.23253193497657776, "8_24_88_03.jpg": 0.19909846782684326, "8_24_88_04.jpg": 0.17866383492946625, "8_24_88_05.jpg": 0.16592277586460114}