{"8_52_40_01.jpg": 0.37690985202789307, "8_52_40_02.jpg": 0.35370299220085144, "8_52_40_03.jpg": 0.32522884011268616, "8_52_40_04.jpg": 0.23065635561943054, "8_52_40_05.jpg": 0.21013660728931427}