{"8_60_72_01.jpg": 0.34433406591415405, "8_60_72_02.jpg": 0.2906390428543091, "8_60_72_03.jpg": 0.26843324303627014, "8_60_72_04.jpg": 0.1101837307214737, "8_60_72_05.jpg": 0.10974879562854767}