{"8_32_24_01.jpg": 0.367029070854187, "8_32_24_02.jpg": 0.3209832012653351, "8_32_24_03.jpg": 0.26978743076324463, "8_32_24_04.jpg": 0.2486169934272766, "8_32_24_05.jpg": 0.21888193488121033}