{"8_100_44_01.jpg": 0.2959429919719696, "8_100_44_02.jpg": 0.20714756846427917, "8_100_44_03.jpg": 0.09826114028692245, "8_100_44_04.jpg": 0.08982755243778229, "8_100_44_05.jpg": 0.07534550130367279}