{"8_8_56_01.jpg": 0.3382793962955475, "8_8_56_02.jpg": 0.209234356880188, "8_8_56_03.jpg": 0.18971490859985352, "8_8_56_04.jpg": 0.17303478717803955, "8_8_56_05.jpg": 0.16977253556251526}