{"8_48_88_01.jpg": 0.3528488278388977, "8_48_88_02.jpg": 0.19172820448875427, "8_48_88_03.jpg": 0.1728033870458603, "8_48_88_04.jpg": 0.17273879051208496, "8_48_88_05.jpg": 0.12671075761318207}