{"8_4_52_01.jpg": 0.4268602430820465, "8_4_52_02.jpg": 0.3398393392562866, "8_4_52_03.jpg": 0.23694686591625214, "8_4_52_04.jpg": 0.2325635403394699, "8_4_52_05.jpg": 0.22225727140903473}