{"8_84_36_01.jpg": 0.2621934413909912, "8_84_36_02.jpg": 0.16507944464683533, "8_84_36_03.jpg": 0.15798071026802063, "8_84_36_04.jpg": 0.152042955160141, "8_84_36_05.jpg": 0.14245779812335968}