{"8_92_64_01.jpg": 0.29821404814720154, "8_92_64_02.jpg": 0.1290779411792755, "8_92_64_03.jpg": 0.11148476600646973, "8_92_64_04.jpg": 0.07150644809007645, "8_92_64_05.jpg": 0.058894768357276917}