{"8_68_32_01.jpg": 0.4091949462890625, "8_68_32_02.jpg": 0.26328912377357483, "8_68_32_03.jpg": 0.1816118061542511, "8_68_32_04.jpg": 0.1479981541633606, "8_68_32_05.jpg": 0.11053591966629028}