{"8_20_52_01.jpg": 0.29945674538612366, "8_20_52_02.jpg": 0.17184974253177643, "8_20_52_03.jpg": 0.14294594526290894, "8_20_52_04.jpg": 0.13095811009407043, "8_20_52_05.jpg": 0.1280331164598465}