{"8_36_88_01.jpg": 0.34804633259773254, "8_36_88_02.jpg": 0.2369096279144287, "8_36_88_03.jpg": 0.17507125437259674, "8_36_88_04.jpg": 0.1509695202112198, "8_36_88_05.jpg": 0.13326695561408997}