{"8_20_80_01.jpg": 0.3733454644680023, "8_20_80_02.jpg": 0.22999796271324158, "8_20_80_03.jpg": 0.22961696982383728, "8_20_80_04.jpg": 0.1903068721294403, "8_20_80_05.jpg": 0.18969696760177612}