{"8_88_36_01.jpg": 0.5853437185287476, "8_88_36_02.jpg": 0.23133523762226105, "8_88_36_03.jpg": 0.22891293466091156, "8_88_36_04.jpg": 0.17818664014339447, "8_88_36_05.jpg": 0.15533211827278137}