{"8_48_28_01.jpg": 0.2508370578289032, "8_48_28_02.jpg": 0.1470673382282257, "8_48_28_03.jpg": 0.11017213761806488, "8_48_28_04.jpg": 0.1025492399930954, "8_48_28_05.jpg": 0.09667330235242844}