{"8_72_16_01.jpg": 0.26349666714668274, "8_72_16_02.jpg": 0.2550049424171448, "8_72_16_03.jpg": 0.1911323070526123, "8_72_16_04.jpg": 0.15658210217952728, "8_72_16_05.jpg": 0.12220349162817001}