{"8_76_76_01.jpg": 0.3702715337276459, "8_76_76_02.jpg": 0.161180317401886, "8_76_76_03.jpg": 0.1472865641117096, "8_76_76_04.jpg": 0.1290997713804245, "8_76_76_05.jpg": 0.09793849289417267}