{"8_52_32_01.jpg": 0.501775860786438, "8_52_32_02.jpg": 0.2265619933605194, "8_52_32_03.jpg": 0.22198262810707092, "8_52_32_04.jpg": 0.17282520234584808, "8_52_32_05.jpg": 0.17181181907653809}