{"8_36_32_01.jpg": 0.4572792053222656, "8_36_32_02.jpg": 0.3538622558116913, "8_36_32_03.jpg": 0.18636681139469147, "8_36_32_04.jpg": 0.18495510518550873, "8_36_32_05.jpg": 0.16801339387893677}