{"8_12_64_01.jpg": 0.26574641466140747, "8_12_64_02.jpg": 0.20087900757789612, "8_12_64_03.jpg": 0.14921829104423523, "8_12_64_04.jpg": 0.12955805659294128, "8_12_64_05.jpg": 0.0962955579161644}