{"8_24_76_01.jpg": 0.27403724193573, "8_24_76_02.jpg": 0.2015901505947113, "8_24_76_03.jpg": 0.19091729819774628, "8_24_76_04.jpg": 0.17889389395713806, "8_24_76_05.jpg": 0.16404439508914948}