{"8_96_48_01.jpg": 0.2798789441585541, "8_96_48_02.jpg": 0.21150794625282288, "8_96_48_03.jpg": 0.18117041885852814, "8_96_48_04.jpg": 0.13205964863300323, "8_96_48_05.jpg": 0.1293860375881195}