{"8_16_52_01.jpg": 0.3827822208404541, "8_16_52_02.jpg": 0.3748593032360077, "8_16_52_03.jpg": 0.34229397773742676, "8_16_52_04.jpg": 0.14244654774665833, "8_16_52_05.jpg": 0.1260019838809967}