{"8_68_92_01.jpg": 0.28012585639953613, "8_68_92_02.jpg": 0.25219759345054626, "8_68_92_03.jpg": 0.19093042612075806, "8_68_92_04.jpg": 0.1365472674369812, "8_68_92_05.jpg": 0.1118091344833374}