{"8_36_76_01.jpg": 0.42210260033607483, "8_36_76_02.jpg": 0.2146453857421875, "8_36_76_03.jpg": 0.19552601873874664, "8_36_76_04.jpg": 0.15180638432502747, "8_36_76_05.jpg": 0.1435111165046692}