{"8_44_56_01.jpg": 0.30201759934425354, "8_44_56_02.jpg": 0.21636205911636353, "8_44_56_03.jpg": 0.1581096053123474, "8_44_56_04.jpg": 0.13936540484428406, "8_44_56_05.jpg": 0.13805080950260162}