{"8_28_92_01.jpg": 0.4483869671821594, "8_28_92_02.jpg": 0.17738988995552063, "8_28_92_03.jpg": 0.14328454434871674, "8_28_92_04.jpg": 0.13906918466091156, "8_28_92_05.jpg": 0.13886888325214386}