{"8_56_16_01.jpg": 0.40727487206459045, "8_56_16_02.jpg": 0.22795306146144867, "8_56_16_03.jpg": 0.2191331535577774, "8_56_16_04.jpg": 0.18324163556098938, "8_56_16_05.jpg": 0.16410313546657562}