{"8_52_44_01.jpg": 0.38120248913764954, "8_52_44_02.jpg": 0.29437094926834106, "8_52_44_03.jpg": 0.2374740093946457, "8_52_44_04.jpg": 0.16773059964179993, "8_52_44_05.jpg": 0.1494285613298416}