{"8_52_88_01.jpg": 0.3467479348182678, "8_52_88_02.jpg": 0.24722909927368164, "8_52_88_03.jpg": 0.24500632286071777, "8_52_88_04.jpg": 0.2176249474287033, "8_52_88_05.jpg": 0.1115955114364624}