{"8_16_44_01.jpg": 0.4578649699687958, "8_16_44_02.jpg": 0.1957331746816635, "8_16_44_03.jpg": 0.1613210141658783, "8_16_44_04.jpg": 0.14940929412841797, "8_16_44_05.jpg": 0.1441284418106079}