{"8_48_80_01.jpg": 0.4245258867740631, "8_48_80_02.jpg": 0.28318074345588684, "8_48_80_03.jpg": 0.16703428328037262, "8_48_80_04.jpg": 0.13211171329021454, "8_48_80_05.jpg": 0.12517425417900085}