{"8_56_100_01.jpg": 0.31046950817108154, "8_56_100_02.jpg": 0.2109064906835556, "8_56_100_03.jpg": 0.17653334140777588, "8_56_100_04.jpg": 0.14544598758220673, "8_56_100_05.jpg": 0.13604646921157837}