{"8_20_80_01.jpg": 0.4936027526855469, "8_20_80_02.jpg": 0.3872036933898926, "8_20_80_03.jpg": 0.36824771761894226, "8_20_80_04.jpg": 0.3427768647670746, "8_20_80_05.jpg": 0.25987720489501953}