{"8_52_44_01.jpg": 0.48982611298561096, "8_52_44_02.jpg": 0.4587777853012085, "8_52_44_03.jpg": 0.3724941611289978, "8_52_44_04.jpg": 0.15598157048225403, "8_52_44_05.jpg": 0.14195723831653595}