{"8_84_60_01.jpg": 0.418605238199234, "8_84_60_02.jpg": 0.3948720693588257, "8_84_60_03.jpg": 0.337883859872818, "8_84_60_04.jpg": 0.3267756998538971, "8_84_60_05.jpg": 0.2692117989063263}