{"8_16_48_01.jpg": 0.27076736092567444, "8_16_48_02.jpg": 0.12066943198442459, "8_16_48_03.jpg": 0.10854427516460419, "8_16_48_04.jpg": 0.10723229497671127, "8_16_48_05.jpg": 0.1044369786977768}