{"8_20_60_01.jpg": 0.3442379832267761, "8_20_60_02.jpg": 0.3086184561252594, "8_20_60_03.jpg": 0.24751456081867218, "8_20_60_04.jpg": 0.2456752210855484, "8_20_60_05.jpg": 0.24338559806346893}