{"8_56_32_01.jpg": 0.3610230088233948, "8_56_32_02.jpg": 0.26447513699531555, "8_56_32_03.jpg": 0.24756479263305664, "8_56_32_04.jpg": 0.2302931845188141, "8_56_32_05.jpg": 0.17436009645462036}