{"8_60_100_01.jpg": 0.30155596137046814, "8_60_100_02.jpg": 0.23284253478050232, "8_60_100_03.jpg": 0.21560046076774597, "8_60_100_04.jpg": 0.15160629153251648, "8_60_100_05.jpg": 0.11246531456708908}