{"8_20_92_01.jpg": 0.4263553023338318, "8_20_92_02.jpg": 0.377484530210495, "8_20_92_03.jpg": 0.34848639369010925, "8_20_92_04.jpg": 0.2402629554271698, "8_20_92_05.jpg": 0.21174028515815735}