{"8_56_92_01.jpg": 0.602259635925293, "8_56_92_02.jpg": 0.15115122497081757, "8_56_92_03.jpg": 0.1371525228023529, "8_56_92_04.jpg": 0.08377460390329361, "8_56_92_05.jpg": 0.0699039176106453}