{"8_56_52_01.jpg": 0.5004866123199463, "8_56_52_02.jpg": 0.3300875425338745, "8_56_52_03.jpg": 0.3012238144874573, "8_56_52_04.jpg": 0.259810209274292, "8_56_52_05.jpg": 0.2346765697002411}