{"8_80_40_01.jpg": 0.427956759929657, "8_80_40_02.jpg": 0.3254415690898895, "8_80_40_03.jpg": 0.24213501811027527, "8_80_40_04.jpg": 0.21606388688087463, "8_80_40_05.jpg": 0.18531623482704163}