{"8_52_92_01.jpg": 0.3809348940849304, "8_52_92_02.jpg": 0.18529044091701508, "8_52_92_03.jpg": 0.1736348569393158, "8_52_92_04.jpg": 0.17096862196922302, "8_52_92_05.jpg": 0.17069604992866516}