{"8_68_84_01.jpg": 0.28299185633659363, "8_68_84_02.jpg": 0.1414220929145813, "8_68_84_03.jpg": 0.09546374529600143, "8_68_84_04.jpg": 0.09018346667289734, "8_68_84_05.jpg": 0.08296968787908554}