{"8_44_84_01.jpg": 0.3470335304737091, "8_44_84_02.jpg": 0.2320926934480667, "8_44_84_03.jpg": 0.18731237947940826, "8_44_84_04.jpg": 0.1810702532529831, "8_44_84_05.jpg": 0.17805878818035126}