{"8_60_100_01.jpg": 0.6411753296852112, "8_60_100_02.jpg": 0.16319026052951813, "8_60_100_03.jpg": 0.13651876151561737, "8_60_100_04.jpg": 0.09732837229967117, "8_60_100_05.jpg": 0.09211013466119766}