{"8_100_40_01.jpg": 0.2633637487888336, "8_100_40_02.jpg": 0.1752287745475769, "8_100_40_03.jpg": 0.13293123245239258, "8_100_40_04.jpg": 0.12818291783332825, "8_100_40_05.jpg": 0.1161293238401413}