{"8_48_88_01.jpg": 0.4190150797367096, "8_48_88_02.jpg": 0.4044140875339508, "8_48_88_03.jpg": 0.3276418447494507, "8_48_88_04.jpg": 0.28015729784965515, "8_48_88_05.jpg": 0.2437995821237564}