{"8_16_40_01.jpg": 0.3531827926635742, "8_16_40_02.jpg": 0.25211653113365173, "8_16_40_03.jpg": 0.2478235810995102, "8_16_40_04.jpg": 0.22862687706947327, "8_16_40_05.jpg": 0.2012266218662262}