{"8_24_44_01.jpg": 0.42176029086112976, "8_24_44_02.jpg": 0.3136727213859558, "8_24_44_03.jpg": 0.283926784992218, "8_24_44_04.jpg": 0.22115063667297363, "8_24_44_05.jpg": 0.21771740913391113}