{"8_28_48_01.jpg": 0.28989946842193604, "8_28_48_02.jpg": 0.20204730331897736, "8_28_48_03.jpg": 0.15931400656700134, "8_28_48_04.jpg": 0.1485075205564499, "8_28_48_05.jpg": 0.12660431861877441}