{"8_24_96_01.jpg": 0.2287769466638565, "8_24_96_02.jpg": 0.15508955717086792, "8_24_96_03.jpg": 0.14037100970745087, "8_24_96_04.jpg": 0.11810852587223053, "8_24_96_05.jpg": 0.11038149893283844}