{"8_68_24_01.jpg": 0.28112930059432983, "8_68_24_02.jpg": 0.216793030500412, "8_68_24_03.jpg": 0.1746319979429245, "8_68_24_04.jpg": 0.1672004759311676, "8_68_24_05.jpg": 0.13232523202896118}