{"8_76_24_01.jpg": 0.2874484360218048, "8_76_24_02.jpg": 0.2296520322561264, "8_76_24_03.jpg": 0.20642903447151184, "8_76_24_04.jpg": 0.1975705921649933, "8_76_24_05.jpg": 0.18878664076328278}