{"8_24_28_01.jpg": 0.27291741967201233, "8_24_28_02.jpg": 0.18568748235702515, "8_24_28_03.jpg": 0.17644427716732025, "8_24_28_04.jpg": 0.1503198742866516, "8_24_28_05.jpg": 0.14696134626865387}