{"8_44_48_01.jpg": 0.2947290241718292, "8_44_48_02.jpg": 0.20700302720069885, "8_44_48_03.jpg": 0.1421198695898056, "8_44_48_04.jpg": 0.13898207247257233, "8_44_48_05.jpg": 0.12488875538110733}