{"8_76_92_01.jpg": 0.34795069694519043, "8_76_92_02.jpg": 0.284612238407135, "8_76_92_03.jpg": 0.24126365780830383, "8_76_92_04.jpg": 0.2142099291086197, "8_76_92_05.jpg": 0.15205137431621552}