{"8_60_84_01.jpg": 0.30604317784309387, "8_60_84_02.jpg": 0.17547856271266937, "8_60_84_03.jpg": 0.16373103857040405, "8_60_84_04.jpg": 0.14035432040691376, "8_60_84_05.jpg": 0.12824876606464386}