{"8_76_96_01.jpg": 0.3309745490550995, "8_76_96_02.jpg": 0.278837651014328, "8_76_96_03.jpg": 0.1467447280883789, "8_76_96_04.jpg": 0.11224881559610367, "8_76_96_05.jpg": 0.11019953340291977}