{"8_24_56_01.jpg": 0.3293361961841583, "8_24_56_02.jpg": 0.1218525841832161, "8_24_56_03.jpg": 0.12177839130163193, "8_24_56_04.jpg": 0.11773450672626495, "8_24_56_05.jpg": 0.06257158517837524}