{"8_40_80_01.jpg": 0.34688523411750793, "8_40_80_02.jpg": 0.22507406771183014, "8_40_80_03.jpg": 0.18409369885921478, "8_40_80_04.jpg": 0.1453446000814438, "8_40_80_05.jpg": 0.12986165285110474}