{"8_32_84_01.jpg": 0.28130871057510376, "8_32_84_02.jpg": 0.21316146850585938, "8_32_84_03.jpg": 0.19099467992782593, "8_32_84_04.jpg": 0.12066095322370529, "8_32_84_05.jpg": 0.08674967288970947}