{"8_28_32_01.jpg": 0.29893648624420166, "8_28_32_02.jpg": 0.2530575394630432, "8_28_32_03.jpg": 0.17690977454185486, "8_28_32_04.jpg": 0.16652654111385345, "8_28_32_05.jpg": 0.16409078240394592}