{"8_48_52_01.jpg": 0.1712469756603241, "8_48_52_02.jpg": 0.1508636474609375, "8_48_52_03.jpg": 0.11828745901584625, "8_48_52_04.jpg": 0.10749436914920807, "8_48_52_05.jpg": 0.10312573611736298}