{"8_84_28_01.jpg": 0.40157070755958557, "8_84_28_02.jpg": 0.36723238229751587, "8_84_28_03.jpg": 0.16037128865718842, "8_84_28_04.jpg": 0.14801737666130066, "8_84_28_05.jpg": 0.13382689654827118}