{"8_44_92_01.jpg": 0.6625232100486755, "8_44_92_02.jpg": 0.4837906062602997, "8_44_92_03.jpg": 0.4667132496833801, "8_44_92_04.jpg": 0.39412543177604675, "8_44_92_05.jpg": 0.2819627523422241}