{"8_32_76_01.jpg": 0.4005981981754303, "8_32_76_02.jpg": 0.31116828322410583, "8_32_76_03.jpg": 0.17184247076511383, "8_32_76_04.jpg": 0.14971892535686493, "8_32_76_05.jpg": 0.14350666105747223}