{"8_64_56_01.jpg": 0.2984539270401001, "8_64_56_02.jpg": 0.23397250473499298, "8_64_56_03.jpg": 0.19651611149311066, "8_64_56_04.jpg": 0.10724890977144241, "8_64_56_05.jpg": 0.10677706450223923}