{"8_16_64_01.jpg": 0.26062750816345215, "8_16_64_02.jpg": 0.2462545782327652, "8_16_64_03.jpg": 0.16444969177246094, "8_16_64_04.jpg": 0.15815193951129913, "8_16_64_05.jpg": 0.141248881816864}