{"8_44_52_01.jpg": 0.41974368691444397, "8_44_52_02.jpg": 0.29958224296569824, "8_44_52_03.jpg": 0.2623744308948517, "8_44_52_04.jpg": 0.23042674362659454, "8_44_52_05.jpg": 0.19802159070968628}