{"8_16_72_01.jpg": 0.3230460584163666, "8_16_72_02.jpg": 0.3077857494354248, "8_16_72_03.jpg": 0.2845352590084076, "8_16_72_04.jpg": 0.2784498929977417, "8_16_72_05.jpg": 0.20388437807559967}