{"8_40_12_01.jpg": 0.42709556221961975, "8_40_12_02.jpg": 0.2650390863418579, "8_40_12_03.jpg": 0.23736177384853363, "8_40_12_04.jpg": 0.1583174169063568, "8_40_12_05.jpg": 0.15617455542087555}