{"8_60_36_01.jpg": 0.3439394533634186, "8_60_36_02.jpg": 0.2526687681674957, "8_60_36_03.jpg": 0.2295682579278946, "8_60_36_04.jpg": 0.1710263043642044, "8_60_36_05.jpg": 0.14636941254138947}