{"8_60_32_01.jpg": 0.24110637605190277, "8_60_32_02.jpg": 0.22541460394859314, "8_60_32_03.jpg": 0.21169014275074005, "8_60_32_04.jpg": 0.139699786901474, "8_60_32_05.jpg": 0.13865502178668976}