{"8_72_68_01.jpg": 0.41619524359703064, "8_72_68_02.jpg": 0.21463337540626526, "8_72_68_03.jpg": 0.21307799220085144, "8_72_68_04.jpg": 0.1926436424255371, "8_72_68_05.jpg": 0.16522812843322754}