{"8_16_72_01.jpg": 0.33818164467811584, "8_16_72_02.jpg": 0.2550475597381592, "8_16_72_03.jpg": 0.21168430149555206, "8_16_72_04.jpg": 0.1915663331747055, "8_16_72_05.jpg": 0.16852331161499023}