{"8_92_44_01.jpg": 0.4665132462978363, "8_92_44_02.jpg": 0.3629414439201355, "8_92_44_03.jpg": 0.2866481840610504, "8_92_44_04.jpg": 0.2685222625732422, "8_92_44_05.jpg": 0.24552962183952332}