{"8_60_92_01.jpg": 0.2948063611984253, "8_60_92_02.jpg": 0.26790696382522583, "8_60_92_03.jpg": 0.20358659327030182, "8_60_92_04.jpg": 0.18306389451026917, "8_60_92_05.jpg": 0.17831407487392426}