{"8_28_64_01.jpg": 0.21685102581977844, "8_28_64_02.jpg": 0.17766350507736206, "8_28_64_03.jpg": 0.13495281338691711, "8_28_64_04.jpg": 0.08545645326375961, "8_28_64_05.jpg": 0.08504478633403778}