{"8_56_44_01.jpg": 0.44631820917129517, "8_56_44_02.jpg": 0.2865683138370514, "8_56_44_03.jpg": 0.21727776527404785, "8_56_44_04.jpg": 0.19880928099155426, "8_56_44_05.jpg": 0.19376540184020996}