{"8_56_32_01.jpg": 0.2752884328365326, "8_56_32_02.jpg": 0.13516832888126373, "8_56_32_03.jpg": 0.09496203064918518, "8_56_32_04.jpg": 0.09495531767606735, "8_56_32_05.jpg": 0.08675993233919144}