{"8_36_36_01.jpg": 0.24181732535362244, "8_36_36_02.jpg": 0.09174346923828125, "8_36_36_03.jpg": 0.09170708060264587, "8_36_36_04.jpg": 0.0859348475933075, "8_36_36_05.jpg": 0.08093170821666718}