{"8_40_68_01.jpg": 0.17049111425876617, "8_40_68_02.jpg": 0.09929996728897095, "8_40_68_03.jpg": 0.09307534992694855, "8_40_68_04.jpg": 0.07586509734392166, "8_40_68_05.jpg": 0.07056334614753723}