{"8_68_36_01.jpg": 0.34632644057273865, "8_68_36_02.jpg": 0.2864859104156494, "8_68_36_03.jpg": 0.18857254087924957, "8_68_36_04.jpg": 0.1869562715291977, "8_68_36_05.jpg": 0.17850513756275177}