{"8_88_64_01.jpg": 0.3259592056274414, "8_88_64_02.jpg": 0.27387696504592896, "8_88_64_03.jpg": 0.23815584182739258, "8_88_64_04.jpg": 0.23002058267593384, "8_88_64_05.jpg": 0.2183777242898941}