{"8_20_28_01.jpg": 0.3764502704143524, "8_20_28_02.jpg": 0.31066253781318665, "8_20_28_03.jpg": 0.28076431155204773, "8_20_28_04.jpg": 0.22257699072360992, "8_20_28_05.jpg": 0.21384362876415253}