{"8_24_56_01.jpg": 0.2341618686914444, "8_24_56_02.jpg": 0.20370815694332123, "8_24_56_03.jpg": 0.15581707656383514, "8_24_56_04.jpg": 0.14979715645313263, "8_24_56_05.jpg": 0.14543864130973816}