{"8_64_28_01.jpg": 0.21164824068546295, "8_64_28_02.jpg": 0.20832429826259613, "8_64_28_03.jpg": 0.1788957118988037, "8_64_28_04.jpg": 0.1528887301683426, "8_64_28_05.jpg": 0.1263757348060608}