{"8_36_40_01.jpg": 0.36972707509994507, "8_36_40_02.jpg": 0.2595949172973633, "8_36_40_03.jpg": 0.2539951205253601, "8_36_40_04.jpg": 0.24909348785877228, "8_36_40_05.jpg": 0.24678421020507812}