{"8_52_88_01.jpg": 0.5097958445549011, "8_52_88_02.jpg": 0.3644982874393463, "8_52_88_03.jpg": 0.3602108061313629, "8_52_88_04.jpg": 0.322244793176651, "8_52_88_05.jpg": 0.2695651352405548}