{"8_60_24_01.jpg": 0.247820645570755, "8_60_24_02.jpg": 0.1929163634777069, "8_60_24_03.jpg": 0.15921726822853088, "8_60_24_04.jpg": 0.13897229731082916, "8_60_24_05.jpg": 0.11679409444332123}