{"8_32_92_01.jpg": 0.38252484798431396, "8_32_92_02.jpg": 0.31466197967529297, "8_32_92_03.jpg": 0.30806952714920044, "8_32_92_04.jpg": 0.3024917244911194, "8_32_92_05.jpg": 0.22353869676589966}