{"8_88_68_01.jpg": 0.38690900802612305, "8_88_68_02.jpg": 0.20960718393325806, "8_88_68_03.jpg": 0.20576253533363342, "8_88_68_04.jpg": 0.16225473582744598, "8_88_68_05.jpg": 0.13568606972694397}