{"8_92_52_01.jpg": 0.6065872311592102, "8_92_52_02.jpg": 0.3499165177345276, "8_92_52_03.jpg": 0.2174278050661087, "8_92_52_04.jpg": 0.20744653046131134, "8_92_52_05.jpg": 0.1626424491405487}