{"8_36_52_01.jpg": 0.3877182900905609, "8_36_52_02.jpg": 0.26832708716392517, "8_36_52_03.jpg": 0.16237226128578186, "8_36_52_04.jpg": 0.1479891836643219, "8_36_52_05.jpg": 0.14230139553546906}