{"8_48_12_01.jpg": 0.41528502106666565, "8_48_12_02.jpg": 0.3460472822189331, "8_48_12_03.jpg": 0.29282423853874207, "8_48_12_04.jpg": 0.21446098387241364, "8_48_12_05.jpg": 0.19991590082645416}