{"8_76_32_01.jpg": 0.43869268894195557, "8_76_32_02.jpg": 0.40781909227371216, "8_76_32_03.jpg": 0.24311603605747223, "8_76_32_04.jpg": 0.23880289494991302, "8_76_32_05.jpg": 0.20087642967700958}