{"8_72_76_01.jpg": 0.30351895093917847, "8_72_76_02.jpg": 0.1804039031267166, "8_72_76_03.jpg": 0.16052940487861633, "8_72_76_04.jpg": 0.1523130238056183, "8_72_76_05.jpg": 0.13833336532115936}