{"8_76_80_01.jpg": 0.2499392181634903, "8_76_80_02.jpg": 0.19616736471652985, "8_76_80_03.jpg": 0.17723874747753143, "8_76_80_04.jpg": 0.16803064942359924, "8_76_80_05.jpg": 0.15177510678768158}