{"8_48_32_01.jpg": 0.26110169291496277, "8_48_32_02.jpg": 0.22857533395290375, "8_48_32_03.jpg": 0.15940073132514954, "8_48_32_04.jpg": 0.14579947292804718, "8_48_32_05.jpg": 0.14182665944099426}