{"8_88_60_01.jpg": 0.3079366385936737, "8_88_60_02.jpg": 0.255099892616272, "8_88_60_03.jpg": 0.19739866256713867, "8_88_60_04.jpg": 0.11647378653287888, "8_88_60_05.jpg": 0.08509256690740585}