{"8_28_44_01.jpg": 0.25420883297920227, "8_28_44_02.jpg": 0.19605687260627747, "8_28_44_03.jpg": 0.16607528924942017, "8_28_44_04.jpg": 0.15457399189472198, "8_28_44_05.jpg": 0.1532994955778122}