{"8_36_84_01.jpg": 0.28528913855552673, "8_36_84_02.jpg": 0.22091594338417053, "8_36_84_03.jpg": 0.20599904656410217, "8_36_84_04.jpg": 0.1852668970823288, "8_36_84_05.jpg": 0.16983793675899506}