{"8_36_56_01.jpg": 0.2893970310688019, "8_36_56_02.jpg": 0.281659871339798, "8_36_56_03.jpg": 0.17688249051570892, "8_36_56_04.jpg": 0.15590345859527588, "8_36_56_05.jpg": 0.11659090965986252}