{"8_28_28_01.jpg": 0.49738457798957825, "8_28_28_02.jpg": 0.38345712423324585, "8_28_28_03.jpg": 0.37239351868629456, "8_28_28_04.jpg": 0.3117537796497345, "8_28_28_05.jpg": 0.2766633927822113}