{"8_32_40_01.jpg": 0.38575926423072815, "8_32_40_02.jpg": 0.30100953578948975, "8_32_40_03.jpg": 0.20353107154369354, "8_32_40_04.jpg": 0.1866827756166458, "8_32_40_05.jpg": 0.15497659146785736}