{"8_28_20_01.jpg": 0.4447794556617737, "8_28_20_02.jpg": 0.31557345390319824, "8_28_20_03.jpg": 0.18244719505310059, "8_28_20_04.jpg": 0.17410506308078766, "8_28_20_05.jpg": 0.1716737151145935}