{"8_44_80_01.jpg": 0.42676013708114624, "8_44_80_02.jpg": 0.31251493096351624, "8_44_80_03.jpg": 0.2937828600406647, "8_44_80_04.jpg": 0.21559162437915802, "8_44_80_05.jpg": 0.1793728470802307}