{"8_24_56_01.jpg": 0.28268569707870483, "8_24_56_02.jpg": 0.1459493339061737, "8_24_56_03.jpg": 0.14161166548728943, "8_24_56_04.jpg": 0.14116786420345306, "8_24_56_05.jpg": 0.13300034403800964}