{"8_40_72_01.jpg": 0.4330037832260132, "8_40_72_02.jpg": 0.22304823994636536, "8_40_72_03.jpg": 0.2209744155406952, "8_40_72_04.jpg": 0.18717621266841888, "8_40_72_05.jpg": 0.1659276932477951}