{"8_76_76_01.jpg": 0.2627916932106018, "8_76_76_02.jpg": 0.24810908734798431, "8_76_76_03.jpg": 0.23409335315227509, "8_76_76_04.jpg": 0.2090991884469986, "8_76_76_05.jpg": 0.20474644005298615}