{"8_28_88_01.jpg": 0.3740983009338379, "8_28_88_02.jpg": 0.215127632021904, "8_28_88_03.jpg": 0.17830292880535126, "8_28_88_04.jpg": 0.1618138700723648, "8_28_88_05.jpg": 0.1578330546617508}