{"8_20_40_01.jpg": 0.42956382036209106, "8_20_40_02.jpg": 0.40039926767349243, "8_20_40_03.jpg": 0.3887903690338135, "8_20_40_04.jpg": 0.32899075746536255, "8_20_40_05.jpg": 0.32365918159484863}