{"8_52_80_01.jpg": 0.27504095435142517, "8_52_80_02.jpg": 0.24977564811706543, "8_52_80_03.jpg": 0.24110297858715057, "8_52_80_04.jpg": 0.22639508545398712, "8_52_80_05.jpg": 0.18163590133190155}