{"8_28_44_01.jpg": 0.3691689372062683, "8_28_44_02.jpg": 0.27749761939048767, "8_28_44_03.jpg": 0.25921162962913513, "8_28_44_04.jpg": 0.1732812076807022, "8_28_44_05.jpg": 0.17273776233196259}