{"8_16_48_01.jpg": 0.28535178303718567, "8_16_48_02.jpg": 0.19517837464809418, "8_16_48_03.jpg": 0.16298796236515045, "8_16_48_04.jpg": 0.15456663072109222, "8_16_48_05.jpg": 0.13215327262878418}