{"8_72_104_01.jpg": 0.2599627673625946, "8_72_104_02.jpg": 0.20341992378234863, "8_72_104_03.jpg": 0.13383880257606506, "8_72_104_04.jpg": 0.12111185491085052, "8_72_104_05.jpg": 0.10673850029706955}