{"8_64_36_01.jpg": 0.4159570038318634, "8_64_36_02.jpg": 0.23330862820148468, "8_64_36_03.jpg": 0.20622293651103973, "8_64_36_04.jpg": 0.15646615624427795, "8_64_36_05.jpg": 0.15526528656482697}