{"8_84_32_01.jpg": 0.35030215978622437, "8_84_32_02.jpg": 0.31219425797462463, "8_84_32_03.jpg": 0.12800469994544983, "8_84_32_04.jpg": 0.11110628396272659, "8_84_32_05.jpg": 0.10395588725805283}