{"8_44_68_01.jpg": 0.46540021896362305, "8_44_68_02.jpg": 0.346406489610672, "8_44_68_03.jpg": 0.16150370240211487, "8_44_68_04.jpg": 0.1193816140294075, "8_44_68_05.jpg": 0.10937338322401047}