{"8_64_4_01.jpg": 0.3165893852710724, "8_64_4_02.jpg": 0.2341419905424118, "8_64_4_03.jpg": 0.231944739818573, "8_64_4_04.jpg": 0.1646910309791565, "8_64_4_05.jpg": 0.14498993754386902}