{"8_92_44_01.jpg": 0.3742698132991791, "8_92_44_02.jpg": 0.16381682455539703, "8_92_44_03.jpg": 0.14010761678218842, "8_92_44_04.jpg": 0.11047893017530441, "8_92_44_05.jpg": 0.10125096887350082}