{"8_80_56_01.jpg": 0.5408658981323242, "8_80_56_02.jpg": 0.3396327793598175, "8_80_56_03.jpg": 0.3005572557449341, "8_80_56_04.jpg": 0.272550106048584, "8_80_56_05.jpg": 0.18590830266475677}