{"8_76_84_01.jpg": 0.41591161489486694, "8_76_84_02.jpg": 0.36724695563316345, "8_76_84_03.jpg": 0.2454547882080078, "8_76_84_04.jpg": 0.16793251037597656, "8_76_84_05.jpg": 0.15659479796886444}