{"8_48_48_01.jpg": 0.3246505856513977, "8_48_48_02.jpg": 0.2501465976238251, "8_48_48_03.jpg": 0.2208997756242752, "8_48_48_04.jpg": 0.19169479608535767, "8_48_48_05.jpg": 0.1393255740404129}