{"8_48_56_01.jpg": 0.32389166951179504, "8_48_56_02.jpg": 0.309492826461792, "8_48_56_03.jpg": 0.2629450857639313, "8_48_56_04.jpg": 0.24200500547885895, "8_48_56_05.jpg": 0.20487168431282043}