{"8_28_32_01.jpg": 0.2776108384132385, "8_28_32_02.jpg": 0.16970843076705933, "8_28_32_03.jpg": 0.14864224195480347, "8_28_32_04.jpg": 0.10498535633087158, "8_28_32_05.jpg": 0.1012975350022316}