{"8_52_108_01.jpg": 0.43807387351989746, "8_52_108_02.jpg": 0.2600231170654297, "8_52_108_03.jpg": 0.21140354871749878, "8_52_108_04.jpg": 0.2002154141664505, "8_52_108_05.jpg": 0.1625804752111435}