{"8_76_16_01.jpg": 0.2958448827266693, "8_76_16_02.jpg": 0.17066438496112823, "8_76_16_03.jpg": 0.14421796798706055, "8_76_16_04.jpg": 0.11793708056211472, "8_76_16_05.jpg": 0.11412031203508377}