{"8_76_36_01.jpg": 0.4424799680709839, "8_76_36_02.jpg": 0.30999043583869934, "8_76_36_03.jpg": 0.2416275590658188, "8_76_36_04.jpg": 0.22503215074539185, "8_76_36_05.jpg": 0.19567494094371796}