{"8_24_44_01.jpg": 0.3131450116634369, "8_24_44_02.jpg": 0.28519412875175476, "8_24_44_03.jpg": 0.2553207278251648, "8_24_44_04.jpg": 0.23066610097885132, "8_24_44_05.jpg": 0.2022007703781128}