{"8_96_32_01.jpg": 0.430667906999588, "8_96_32_02.jpg": 0.4010958969593048, "8_96_32_03.jpg": 0.27666381001472473, "8_96_32_04.jpg": 0.26570600271224976, "8_96_32_05.jpg": 0.24635636806488037}