{"8_56_20_01.jpg": 0.2748803496360779, "8_56_20_02.jpg": 0.15178626775741577, "8_56_20_03.jpg": 0.14590135216712952, "8_56_20_04.jpg": 0.14538262784481049, "8_56_20_05.jpg": 0.10905475914478302}