{"8_72_76_01.jpg": 0.18947751820087433, "8_72_76_02.jpg": 0.10649796575307846, "8_72_76_03.jpg": 0.0885307639837265, "8_72_76_04.jpg": 0.0837879404425621, "8_72_76_05.jpg": 0.07853928953409195}