{"8_44_92_01.jpg": 0.37020450830459595, "8_44_92_02.jpg": 0.28063735365867615, "8_44_92_03.jpg": 0.2110176831483841, "8_44_92_04.jpg": 0.20456838607788086, "8_44_92_05.jpg": 0.20143717527389526}