{"8_92_72_01.jpg": 0.42281249165534973, "8_92_72_02.jpg": 0.2901824414730072, "8_92_72_03.jpg": 0.28864026069641113, "8_92_72_04.jpg": 0.2612987160682678, "8_92_72_05.jpg": 0.21967379748821259}