{"8_88_52_01.jpg": 0.1774173527956009, "8_88_52_02.jpg": 0.11329235136508942, "8_88_52_03.jpg": 0.09078522771596909, "8_88_52_04.jpg": 0.06337690353393555, "8_88_52_05.jpg": 0.061568740755319595}