{"8_32_76_01.jpg": 0.3258357346057892, "8_32_76_02.jpg": 0.20972342789173126, "8_32_76_03.jpg": 0.20605508983135223, "8_32_76_04.jpg": 0.20405445992946625, "8_32_76_05.jpg": 0.1981322318315506}