{"8_100_56_01.jpg": 0.2734379768371582, "8_100_56_02.jpg": 0.2520468831062317, "8_100_56_03.jpg": 0.15333350002765656, "8_100_56_04.jpg": 0.11456761509180069, "8_100_56_05.jpg": 0.10436280816793442}