{"8_32_28_01.jpg": 0.4268779754638672, "8_32_28_02.jpg": 0.40722528100013733, "8_32_28_03.jpg": 0.27710139751434326, "8_32_28_04.jpg": 0.2702533006668091, "8_32_28_05.jpg": 0.23390719294548035}