{"8_20_24_01.jpg": 0.36516261100769043, "8_20_24_02.jpg": 0.30936112999916077, "8_20_24_03.jpg": 0.2593110203742981, "8_20_24_04.jpg": 0.22487607598304749, "8_20_24_05.jpg": 0.20795568823814392}