{"8_52_84_01.jpg": 0.29938361048698425, "8_52_84_02.jpg": 0.1891675442457199, "8_52_84_03.jpg": 0.1562178134918213, "8_52_84_04.jpg": 0.15172794461250305, "8_52_84_05.jpg": 0.1329718679189682}