{"8_28_32_01.jpg": 0.22599999606609344, "8_28_32_02.jpg": 0.17080481350421906, "8_28_32_03.jpg": 0.13651978969573975, "8_28_32_04.jpg": 0.13613463938236237, "8_28_32_05.jpg": 0.12095761299133301}