{"8_24_28_01.jpg": 0.2283276915550232, "8_24_28_02.jpg": 0.18993772566318512, "8_24_28_03.jpg": 0.14903223514556885, "8_24_28_04.jpg": 0.133620485663414, "8_24_28_05.jpg": 0.09655029326677322}