{"8_40_76_01.jpg": 0.38711199164390564, "8_40_76_02.jpg": 0.14859163761138916, "8_40_76_03.jpg": 0.11505673825740814, "8_40_76_04.jpg": 0.1053558811545372, "8_40_76_05.jpg": 0.09016706049442291}