{"8_80_96_01.jpg": 0.3122430741786957, "8_80_96_02.jpg": 0.253769189119339, "8_80_96_03.jpg": 0.12475424259901047, "8_80_96_04.jpg": 0.09335244446992874, "8_80_96_05.jpg": 0.0852709487080574}