{"8_72_88_01.jpg": 0.4529518187046051, "8_72_88_02.jpg": 0.21130487322807312, "8_72_88_03.jpg": 0.11393022537231445, "8_72_88_04.jpg": 0.10059363394975662, "8_72_88_05.jpg": 0.09129936993122101}