{"8_40_48_01.jpg": 0.2794804275035858, "8_40_48_02.jpg": 0.225266233086586, "8_40_48_03.jpg": 0.16204768419265747, "8_40_48_04.jpg": 0.1272226721048355, "8_40_48_05.jpg": 0.12467113137245178}