{"8_40_88_01.jpg": 0.40914928913116455, "8_40_88_02.jpg": 0.36784616112709045, "8_40_88_03.jpg": 0.34279337525367737, "8_40_88_04.jpg": 0.3336293399333954, "8_40_88_05.jpg": 0.2753049433231354}