{"8_72_96_01.jpg": 0.47223666310310364, "8_72_96_02.jpg": 0.4705028831958771, "8_72_96_03.jpg": 0.4143274128437042, "8_72_96_04.jpg": 0.36188802123069763, "8_72_96_05.jpg": 0.34775856137275696}