{"8_32_20_01.jpg": 0.4430774450302124, "8_32_20_02.jpg": 0.35695764422416687, "8_32_20_03.jpg": 0.33208727836608887, "8_32_20_04.jpg": 0.3187665343284607, "8_32_20_05.jpg": 0.26892784237861633}