{"8_20_76_01.jpg": 0.21779443323612213, "8_20_76_02.jpg": 0.130591481924057, "8_20_76_03.jpg": 0.12516851723194122, "8_20_76_04.jpg": 0.11269767582416534, "8_20_76_05.jpg": 0.09613323956727982}