{"8_60_28_01.jpg": 0.249460369348526, "8_60_28_02.jpg": 0.16637806594371796, "8_60_28_03.jpg": 0.15056754648685455, "8_60_28_04.jpg": 0.1103094145655632, "8_60_28_05.jpg": 0.09302012622356415}