{"8_68_44_01.jpg": 0.32198357582092285, "8_68_44_02.jpg": 0.3119145333766937, "8_68_44_03.jpg": 0.29931962490081787, "8_68_44_04.jpg": 0.2604139447212219, "8_68_44_05.jpg": 0.25796619057655334}