{"8_32_76_01.jpg": 0.4376671016216278, "8_32_76_02.jpg": 0.3522292375564575, "8_32_76_03.jpg": 0.32580721378326416, "8_32_76_04.jpg": 0.24739043414592743, "8_32_76_05.jpg": 0.20792227983474731}