{"8_40_24_01.jpg": 0.2679187059402466, "8_40_24_02.jpg": 0.20637182891368866, "8_40_24_03.jpg": 0.1553385704755783, "8_40_24_04.jpg": 0.13967379927635193, "8_40_24_05.jpg": 0.1267862319946289}