{"8_28_64_01.jpg": 0.32755741477012634, "8_28_64_02.jpg": 0.21755525469779968, "8_28_64_03.jpg": 0.2048587203025818, "8_28_64_04.jpg": 0.202644482254982, "8_28_64_05.jpg": 0.2025025635957718}