{"8_84_72_01.jpg": 0.4150075912475586, "8_84_72_02.jpg": 0.25438192486763, "8_84_72_03.jpg": 0.23654936254024506, "8_84_72_04.jpg": 0.21851538121700287, "8_84_72_05.jpg": 0.20161224901676178}