{"8_64_48_01.jpg": 0.28618210554122925, "8_64_48_02.jpg": 0.17056509852409363, "8_64_48_03.jpg": 0.12473221868276596, "8_64_48_04.jpg": 0.10611419379711151, "8_64_48_05.jpg": 0.10298753529787064}