{"8_60_88_01.jpg": 0.3382767140865326, "8_60_88_02.jpg": 0.19961993396282196, "8_60_88_03.jpg": 0.17294837534427643, "8_60_88_04.jpg": 0.1696428507566452, "8_60_88_05.jpg": 0.15242880582809448}