{"8_28_24_01.jpg": 0.39836016297340393, "8_28_24_02.jpg": 0.28686386346817017, "8_28_24_03.jpg": 0.2569393515586853, "8_28_24_04.jpg": 0.250661700963974, "8_28_24_05.jpg": 0.15562081336975098}