{"8_88_76_01.jpg": 0.26571187376976013, "8_88_76_02.jpg": 0.18372249603271484, "8_88_76_03.jpg": 0.16024351119995117, "8_88_76_04.jpg": 0.12593556940555573, "8_88_76_05.jpg": 0.11406313627958298}