{"8_84_12_01.jpg": 0.7648172974586487, "8_84_12_02.jpg": 0.31924790143966675, "8_84_12_03.jpg": 0.31727731227874756, "8_84_12_04.jpg": 0.2937568426132202, "8_84_12_05.jpg": 0.08981181681156158}