{"8_44_44_01.jpg": 0.47331684827804565, "8_44_44_02.jpg": 0.35210931301116943, "8_44_44_03.jpg": 0.15992213785648346, "8_44_44_04.jpg": 0.13551843166351318, "8_44_44_05.jpg": 0.12351754307746887}