{"8_24_40_01.jpg": 0.2972841262817383, "8_24_40_02.jpg": 0.20467539131641388, "8_24_40_03.jpg": 0.19851769506931305, "8_24_40_04.jpg": 0.13760505616664886, "8_24_40_05.jpg": 0.11223229765892029}