{"8_16_32_01.jpg": 0.29510393738746643, "8_16_32_02.jpg": 0.19486482441425323, "8_16_32_03.jpg": 0.11886409670114517, "8_16_32_04.jpg": 0.10302083194255829, "8_16_32_05.jpg": 0.09727757424116135}