{"8_12_72_01.jpg": 0.33014655113220215, "8_12_72_02.jpg": 0.275309294462204, "8_12_72_03.jpg": 0.13881736993789673, "8_12_72_04.jpg": 0.13835522532463074, "8_12_72_05.jpg": 0.1195952519774437}