{"8_108_52_01.jpg": 0.27477574348449707, "8_108_52_02.jpg": 0.19279208779335022, "8_108_52_03.jpg": 0.18299944698810577, "8_108_52_04.jpg": 0.1305270493030548, "8_108_52_05.jpg": 0.11502362042665482}