{"8_16_36_01.jpg": 0.557364284992218, "8_16_36_02.jpg": 0.22962884604930878, "8_16_36_03.jpg": 0.22435802221298218, "8_16_36_04.jpg": 0.21571092307567596, "8_16_36_05.jpg": 0.17696699500083923}