{"8_52_76_01.jpg": 0.2615993916988373, "8_52_76_02.jpg": 0.2527218163013458, "8_52_76_03.jpg": 0.18942886590957642, "8_52_76_04.jpg": 0.16961917281150818, "8_52_76_05.jpg": 0.08719293028116226}