{"8_64_40_01.jpg": 0.25992462038993835, "8_64_40_02.jpg": 0.18404048681259155, "8_64_40_03.jpg": 0.14101894199848175, "8_64_40_04.jpg": 0.10724926739931107, "8_64_40_05.jpg": 0.08583901077508926}