{"8_60_88_01.jpg": 0.4125528931617737, "8_60_88_02.jpg": 0.2437278926372528, "8_60_88_03.jpg": 0.21252723038196564, "8_60_88_04.jpg": 0.18855182826519012, "8_60_88_05.jpg": 0.17276766896247864}