{"8_68_80_01.jpg": 0.3248876929283142, "8_68_80_02.jpg": 0.21206428110599518, "8_68_80_03.jpg": 0.1830061823129654, "8_68_80_04.jpg": 0.13577762246131897, "8_68_80_05.jpg": 0.13392207026481628}