{"8_36_96_01.jpg": 0.37849611043930054, "8_36_96_02.jpg": 0.2810101807117462, "8_36_96_03.jpg": 0.16609054803848267, "8_36_96_04.jpg": 0.1650138646364212, "8_36_96_05.jpg": 0.14826446771621704}