{"8_40_28_01.jpg": 0.21456630527973175, "8_40_28_02.jpg": 0.11010926961898804, "8_40_28_03.jpg": 0.0930858626961708, "8_40_28_04.jpg": 0.09267225861549377, "8_40_28_05.jpg": 0.09104478359222412}