{"8_68_88_01.jpg": 0.5141655802726746, "8_68_88_02.jpg": 0.4050271511077881, "8_68_88_03.jpg": 0.2702255845069885, "8_68_88_04.jpg": 0.23762431740760803, "8_68_88_05.jpg": 0.23447802662849426}