{"8_16_28_01.jpg": 0.3087666928768158, "8_16_28_02.jpg": 0.26225924491882324, "8_16_28_03.jpg": 0.15149007737636566, "8_16_28_04.jpg": 0.13561822474002838, "8_16_28_05.jpg": 0.11661705374717712}