{"8_28_72_01.jpg": 0.35247042775154114, "8_28_72_02.jpg": 0.32545578479766846, "8_28_72_03.jpg": 0.27589353919029236, "8_28_72_04.jpg": 0.2421467900276184, "8_28_72_05.jpg": 0.21630282700061798}