{"8_60_20_01.jpg": 0.21971356868743896, "8_60_20_02.jpg": 0.19826819002628326, "8_60_20_03.jpg": 0.1836823672056198, "8_60_20_04.jpg": 0.12796157598495483, "8_60_20_05.jpg": 0.1186295822262764}