{"8_40_12_01.jpg": 0.19303850829601288, "8_40_12_02.jpg": 0.16436053812503815, "8_40_12_03.jpg": 0.11458396911621094, "8_40_12_04.jpg": 0.11414726823568344, "8_40_12_05.jpg": 0.1086057499051094}