{"8_24_32_01.jpg": 0.40847474336624146, "8_24_32_02.jpg": 0.4038699269294739, "8_24_32_03.jpg": 0.2943115830421448, "8_24_32_04.jpg": 0.24828286468982697, "8_24_32_05.jpg": 0.24146588146686554}