{"8_12_60_01.jpg": 0.4236571490764618, "8_12_60_02.jpg": 0.26628878712654114, "8_12_60_03.jpg": 0.25631797313690186, "8_12_60_04.jpg": 0.22683711349964142, "8_12_60_05.jpg": 0.22191333770751953}