{"8_24_28_01.jpg": 0.506679356098175, "8_24_28_02.jpg": 0.4318567216396332, "8_24_28_03.jpg": 0.3083184063434601, "8_24_28_04.jpg": 0.26579010486602783, "8_24_28_05.jpg": 0.2634197771549225}