{"8_60_52_01.jpg": 0.3414422869682312, "8_60_52_02.jpg": 0.31555628776550293, "8_60_52_03.jpg": 0.2818222641944885, "8_60_52_04.jpg": 0.28068846464157104, "8_60_52_05.jpg": 0.26581406593322754}