{"8_64_24_01.jpg": 0.4810147285461426, "8_64_24_02.jpg": 0.25785934925079346, "8_64_24_03.jpg": 0.242586150765419, "8_64_24_04.jpg": 0.16255630552768707, "8_64_24_05.jpg": 0.15815117955207825}