{"8_68_56_01.jpg": 0.4724499583244324, "8_68_56_02.jpg": 0.43228980898857117, "8_68_56_03.jpg": 0.41942545771598816, "8_68_56_04.jpg": 0.2670631408691406, "8_68_56_05.jpg": 0.19328917562961578}