{"8_76_8_01.jpg": 0.4112264811992645, "8_76_8_02.jpg": 0.19532327353954315, "8_76_8_03.jpg": 0.1739521324634552, "8_76_8_04.jpg": 0.16439604759216309, "8_76_8_05.jpg": 0.15837477147579193}