{"8_64_68_01.jpg": 0.4172784984111786, "8_64_68_02.jpg": 0.2793321907520294, "8_64_68_03.jpg": 0.252422571182251, "8_64_68_04.jpg": 0.21759383380413055, "8_64_68_05.jpg": 0.21115277707576752}