{"8_28_36_01.jpg": 0.4302528500556946, "8_28_36_02.jpg": 0.23590220510959625, "8_28_36_03.jpg": 0.1879480481147766, "8_28_36_04.jpg": 0.18099205195903778, "8_28_36_05.jpg": 0.1626819670200348}