{"8_80_84_01.jpg": 0.22658675909042358, "8_80_84_02.jpg": 0.21234965324401855, "8_80_84_03.jpg": 0.10348574072122574, "8_80_84_04.jpg": 0.07632888108491898, "8_80_84_05.jpg": 0.07453406602144241}