{"8_68_56_01.jpg": 0.31181707978248596, "8_68_56_02.jpg": 0.2865052819252014, "8_68_56_03.jpg": 0.2438359409570694, "8_68_56_04.jpg": 0.20193588733673096, "8_68_56_05.jpg": 0.1976335495710373}