{"8_28_16_01.jpg": 0.4195420742034912, "8_28_16_02.jpg": 0.3995943069458008, "8_28_16_03.jpg": 0.2827056348323822, "8_28_16_04.jpg": 0.16870145499706268, "8_28_16_05.jpg": 0.11920320242643356}