{"8_24_24_01.jpg": 0.4007500410079956, "8_24_24_02.jpg": 0.35379838943481445, "8_24_24_03.jpg": 0.18410849571228027, "8_24_24_04.jpg": 0.17315305769443512, "8_24_24_05.jpg": 0.1471293419599533}