{"8_32_64_01.jpg": 0.3313910961151123, "8_32_64_02.jpg": 0.21495318412780762, "8_32_64_03.jpg": 0.17827588319778442, "8_32_64_04.jpg": 0.17115533351898193, "8_32_64_05.jpg": 0.15580755472183228}