{"8_40_48_01.jpg": 0.34138116240501404, "8_40_48_02.jpg": 0.18836796283721924, "8_40_48_03.jpg": 0.14577887952327728, "8_40_48_04.jpg": 0.13670915365219116, "8_40_48_05.jpg": 0.12627121806144714}