{"8_28_52_01.jpg": 0.3976548910140991, "8_28_52_02.jpg": 0.24529339373111725, "8_28_52_03.jpg": 0.16767042875289917, "8_28_52_04.jpg": 0.13726672530174255, "8_28_52_05.jpg": 0.13264110684394836}