{"8_44_48_01.jpg": 0.25157982110977173, "8_44_48_02.jpg": 0.12376087158918381, "8_44_48_03.jpg": 0.11040404438972473, "8_44_48_04.jpg": 0.10317099094390869, "8_44_48_05.jpg": 0.10197099298238754}