{"8_56_96_01.jpg": 0.26655545830726624, "8_56_96_02.jpg": 0.19285094738006592, "8_56_96_03.jpg": 0.15904653072357178, "8_56_96_04.jpg": 0.15083298087120056, "8_56_96_05.jpg": 0.14945174753665924}