{"8_48_16_01.jpg": 0.23794983327388763, "8_48_16_02.jpg": 0.17317695915699005, "8_48_16_03.jpg": 0.15921348333358765, "8_48_16_04.jpg": 0.14238373935222626, "8_48_16_05.jpg": 0.11964040249586105}