{"8_24_36_01.jpg": 0.299094557762146, "8_24_36_02.jpg": 0.17398235201835632, "8_24_36_03.jpg": 0.11306606233119965, "8_24_36_04.jpg": 0.10696912556886673, "8_24_36_05.jpg": 0.08902519196271896}