{"8_32_92_01.jpg": 0.2718171775341034, "8_32_92_02.jpg": 0.25645092129707336, "8_32_92_03.jpg": 0.17406603693962097, "8_32_92_04.jpg": 0.15560665726661682, "8_32_92_05.jpg": 0.12165766954421997}