{"8_32_48_01.jpg": 0.4544239640235901, "8_32_48_02.jpg": 0.12060574442148209, "8_32_48_03.jpg": 0.10226626694202423, "8_32_48_04.jpg": 0.0856839120388031, "8_32_48_05.jpg": 0.08445394039154053}