{"8_24_32_01.jpg": 0.43323463201522827, "8_24_32_02.jpg": 0.26085689663887024, "8_24_32_03.jpg": 0.22948279976844788, "8_24_32_04.jpg": 0.1945512592792511, "8_24_32_05.jpg": 0.19158846139907837}