{"8_60_24_01.jpg": 0.27671048045158386, "8_60_24_02.jpg": 0.19594880938529968, "8_60_24_03.jpg": 0.18790671229362488, "8_60_24_04.jpg": 0.11017163842916489, "8_60_24_05.jpg": 0.10437488555908203}