{"8_16_84_01.jpg": 0.39531654119491577, "8_16_84_02.jpg": 0.19620640575885773, "8_16_84_03.jpg": 0.1887688934803009, "8_16_84_04.jpg": 0.18452730774879456, "8_16_84_05.jpg": 0.17092761397361755}