{"8_80_44_01.jpg": 0.5587398409843445, "8_80_44_02.jpg": 0.3766331970691681, "8_80_44_03.jpg": 0.334248811006546, "8_80_44_04.jpg": 0.3333633840084076, "8_80_44_05.jpg": 0.31712406873703003}