{"8_20_72_01.jpg": 0.33713972568511963, "8_20_72_02.jpg": 0.25527524948120117, "8_20_72_03.jpg": 0.19842395186424255, "8_20_72_04.jpg": 0.14490285515785217, "8_20_72_05.jpg": 0.1359984278678894}