{"8_72_16_01.jpg": 0.28684890270233154, "8_72_16_02.jpg": 0.2574758231639862, "8_72_16_03.jpg": 0.1269530951976776, "8_72_16_04.jpg": 0.11352378129959106, "8_72_16_05.jpg": 0.1130959764122963}