{"8_92_84_01.jpg": 0.4692767858505249, "8_92_84_02.jpg": 0.4228680729866028, "8_92_84_03.jpg": 0.34899309277534485, "8_92_84_04.jpg": 0.3292350172996521, "8_92_84_05.jpg": 0.30418452620506287}