{"8_28_40_01.jpg": 0.3845289349555969, "8_28_40_02.jpg": 0.22587493062019348, "8_28_40_03.jpg": 0.21399790048599243, "8_28_40_04.jpg": 0.2134125679731369, "8_28_40_05.jpg": 0.19694702327251434}