{"8_8_80_01.jpg": 0.3236789107322693, "8_8_80_02.jpg": 0.26551419496536255, "8_8_80_03.jpg": 0.2340496927499771, "8_8_80_04.jpg": 0.20618854463100433, "8_8_80_05.jpg": 0.1984056532382965}