{"8_16_76_01.jpg": 0.39783725142478943, "8_16_76_02.jpg": 0.2708736062049866, "8_16_76_03.jpg": 0.20620132982730865, "8_16_76_04.jpg": 0.19824950397014618, "8_16_76_05.jpg": 0.13992561399936676}