{"8_28_68_01.jpg": 0.4314407706260681, "8_28_68_02.jpg": 0.1875181943178177, "8_28_68_03.jpg": 0.14506378769874573, "8_28_68_04.jpg": 0.09285318851470947, "8_28_68_05.jpg": 0.09024868905544281}