{"8_4_56_01.jpg": 0.24203671514987946, "8_4_56_02.jpg": 0.22589989006519318, "8_4_56_03.jpg": 0.2122882753610611, "8_4_56_04.jpg": 0.19839440286159515, "8_4_56_05.jpg": 0.1579304337501526}