{"8_80_48_01.jpg": 0.377274751663208, "8_80_48_02.jpg": 0.20285944640636444, "8_80_48_03.jpg": 0.16427789628505707, "8_80_48_04.jpg": 0.150968536734581, "8_80_48_05.jpg": 0.14966455101966858}