{"8_4_68_01.jpg": 0.2764412760734558, "8_4_68_02.jpg": 0.18062004446983337, "8_4_68_03.jpg": 0.14742183685302734, "8_4_68_04.jpg": 0.12992773950099945, "8_4_68_05.jpg": 0.12572284042835236}