{"8_40_24_01.jpg": 0.4196849465370178, "8_40_24_02.jpg": 0.22270117700099945, "8_40_24_03.jpg": 0.1723748743534088, "8_40_24_04.jpg": 0.16248953342437744, "8_40_24_05.jpg": 0.1527605801820755}