{"8_56_12_01.jpg": 0.3300369679927826, "8_56_12_02.jpg": 0.32654085755348206, "8_56_12_03.jpg": 0.26050233840942383, "8_56_12_04.jpg": 0.23633691668510437, "8_56_12_05.jpg": 0.1753239929676056}