{"8_64_88_01.jpg": 0.28263187408447266, "8_64_88_02.jpg": 0.24942518770694733, "8_64_88_03.jpg": 0.1548650711774826, "8_64_88_04.jpg": 0.14709140360355377, "8_64_88_05.jpg": 0.09844283014535904}