{"8_20_88_01.jpg": 0.2958498001098633, "8_20_88_02.jpg": 0.12313898652791977, "8_20_88_03.jpg": 0.1129763126373291, "8_20_88_04.jpg": 0.10898119956254959, "8_20_88_05.jpg": 0.10777579993009567}