{"8_36_28_01.jpg": 0.3321031630039215, "8_36_28_02.jpg": 0.24407824873924255, "8_36_28_03.jpg": 0.1911136656999588, "8_36_28_04.jpg": 0.1449347287416458, "8_36_28_05.jpg": 0.1393842101097107}