{"8_32_52_01.jpg": 0.33129021525382996, "8_32_52_02.jpg": 0.16283103823661804, "8_32_52_03.jpg": 0.1557110697031021, "8_32_52_04.jpg": 0.1533576399087906, "8_32_52_05.jpg": 0.13710932433605194}