{"8_64_40_01.jpg": 0.32192710041999817, "8_64_40_02.jpg": 0.1715153604745865, "8_64_40_03.jpg": 0.13414396345615387, "8_64_40_04.jpg": 0.12131629139184952, "8_64_40_05.jpg": 0.1153160035610199}