{"8_16_56_01.jpg": 0.2960398495197296, "8_16_56_02.jpg": 0.25591373443603516, "8_16_56_03.jpg": 0.14720575511455536, "8_16_56_04.jpg": 0.12326506525278091, "8_16_56_05.jpg": 0.08440528810024261}