{"8_16_60_01.jpg": 0.4748764932155609, "8_16_60_02.jpg": 0.22738999128341675, "8_16_60_03.jpg": 0.21208001673221588, "8_16_60_04.jpg": 0.2064896672964096, "8_16_60_05.jpg": 0.1803557425737381}