{"8_48_28_01.jpg": 0.43096721172332764, "8_48_28_02.jpg": 0.2841493487358093, "8_48_28_03.jpg": 0.19925762712955475, "8_48_28_04.jpg": 0.17532536387443542, "8_48_28_05.jpg": 0.1394556164741516}