{"8_56_28_01.jpg": 0.2298910915851593, "8_56_28_02.jpg": 0.16730588674545288, "8_56_28_03.jpg": 0.14534002542495728, "8_56_28_04.jpg": 0.1373818814754486, "8_56_28_05.jpg": 0.12033544480800629}