{"8_44_100_01.jpg": 0.3786020278930664, "8_44_100_02.jpg": 0.3241270184516907, "8_44_100_03.jpg": 0.28078144788742065, "8_44_100_04.jpg": 0.2603941857814789, "8_44_100_05.jpg": 0.24486641585826874}