{"8_52_60_01.jpg": 0.4336453378200531, "8_52_60_02.jpg": 0.27645108103752136, "8_52_60_03.jpg": 0.20297519862651825, "8_52_60_04.jpg": 0.1959940493106842, "8_52_60_05.jpg": 0.19509996473789215}