{"8_92_68_01.jpg": 0.4321826994419098, "8_92_68_02.jpg": 0.3788699507713318, "8_92_68_03.jpg": 0.30892443656921387, "8_92_68_04.jpg": 0.26696154475212097, "8_92_68_05.jpg": 0.2666240632534027}