{"8_28_36_01.jpg": 0.2691529393196106, "8_28_36_02.jpg": 0.23214299976825714, "8_28_36_03.jpg": 0.21553374826908112, "8_28_36_04.jpg": 0.16834519803524017, "8_28_36_05.jpg": 0.15683136880397797}