{"8_32_100_01.jpg": 0.3144787847995758, "8_32_100_02.jpg": 0.29003262519836426, "8_32_100_03.jpg": 0.2687813639640808, "8_32_100_04.jpg": 0.23804643750190735, "8_32_100_05.jpg": 0.2314717322587967}