{"8_68_92_01.jpg": 0.273831844329834, "8_68_92_02.jpg": 0.24184677004814148, "8_68_92_03.jpg": 0.17142212390899658, "8_68_92_04.jpg": 0.13144074380397797, "8_68_92_05.jpg": 0.12240530550479889}