{"8_56_56_01.jpg": 0.4357651472091675, "8_56_56_02.jpg": 0.38990747928619385, "8_56_56_03.jpg": 0.23774223029613495, "8_56_56_04.jpg": 0.21268031001091003, "8_56_56_05.jpg": 0.20658445358276367}