{"8_68_84_01.jpg": 0.316907674074173, "8_68_84_02.jpg": 0.21295396983623505, "8_68_84_03.jpg": 0.19796141982078552, "8_68_84_04.jpg": 0.19546286761760712, "8_68_84_05.jpg": 0.1665128618478775}