{"8_44_84_01.jpg": 0.34311434626579285, "8_44_84_02.jpg": 0.2643365263938904, "8_44_84_03.jpg": 0.2607297897338867, "8_44_84_04.jpg": 0.10549043864011765, "8_44_84_05.jpg": 0.10273216664791107}