{"8_28_44_01.jpg": 0.3682401478290558, "8_28_44_02.jpg": 0.19972269237041473, "8_28_44_03.jpg": 0.190233051776886, "8_28_44_04.jpg": 0.18239879608154297, "8_28_44_05.jpg": 0.15392765402793884}