{"8_88_20_01.jpg": 0.40224653482437134, "8_88_20_02.jpg": 0.2564259171485901, "8_88_20_03.jpg": 0.18724510073661804, "8_88_20_04.jpg": 0.18131592869758606, "8_88_20_05.jpg": 0.1632113754749298}