{"8_52_56_01.jpg": 0.2773888111114502, "8_52_56_02.jpg": 0.21573776006698608, "8_52_56_03.jpg": 0.20909874141216278, "8_52_56_04.jpg": 0.19820788502693176, "8_52_56_05.jpg": 0.15578578412532806}