{"8_28_16_01.jpg": 0.24774587154388428, "8_28_16_02.jpg": 0.19368231296539307, "8_28_16_03.jpg": 0.12398743629455566, "8_28_16_04.jpg": 0.1235581785440445, "8_28_16_05.jpg": 0.11775465309619904}