{"8_48_20_01.jpg": 0.2663182020187378, "8_48_20_02.jpg": 0.1539706140756607, "8_48_20_03.jpg": 0.14151141047477722, "8_48_20_04.jpg": 0.12965618073940277, "8_48_20_05.jpg": 0.11293789744377136}