{"8_92_40_01.jpg": 0.33859768509864807, "8_92_40_02.jpg": 0.16327618062496185, "8_92_40_03.jpg": 0.1547362059354782, "8_92_40_04.jpg": 0.1412004977464676, "8_92_40_05.jpg": 0.12073905020952225}