{"8_52_72_01.jpg": 0.2341102808713913, "8_52_72_02.jpg": 0.13382694125175476, "8_52_72_03.jpg": 0.09033574163913727, "8_52_72_04.jpg": 0.08213946223258972, "8_52_72_05.jpg": 0.07865682244300842}