{"8_100_40_01.jpg": 0.37140828371047974, "8_100_40_02.jpg": 0.10658780485391617, "8_100_40_03.jpg": 0.08885738253593445, "8_100_40_04.jpg": 0.08527670055627823, "8_100_40_05.jpg": 0.08433464914560318}