{"8_72_12_01.jpg": 0.32103121280670166, "8_72_12_02.jpg": 0.25507545471191406, "8_72_12_03.jpg": 0.2438640147447586, "8_72_12_04.jpg": 0.22074571251869202, "8_72_12_05.jpg": 0.21666449308395386}