{"8_68_28_01.jpg": 0.3632281720638275, "8_68_28_02.jpg": 0.25389161705970764, "8_68_28_03.jpg": 0.20984387397766113, "8_68_28_04.jpg": 0.15351194143295288, "8_68_28_05.jpg": 0.14782629907131195}