{"8_44_52_01.jpg": 0.6681066751480103, "8_44_52_02.jpg": 0.4369205832481384, "8_44_52_03.jpg": 0.22117549180984497, "8_44_52_04.jpg": 0.15866445004940033, "8_44_52_05.jpg": 0.1371430903673172}