{"8_56_92_01.jpg": 0.3104749917984009, "8_56_92_02.jpg": 0.1889103353023529, "8_56_92_03.jpg": 0.13551707565784454, "8_56_92_04.jpg": 0.116954505443573, "8_56_92_05.jpg": 0.11662843078374863}