{"8_96_68_01.jpg": 0.230781689286232, "8_96_68_02.jpg": 0.18633811175823212, "8_96_68_03.jpg": 0.16783259809017181, "8_96_68_04.jpg": 0.14207591116428375, "8_96_68_05.jpg": 0.13150905072689056}