{"8_24_80_01.jpg": 0.32640692591667175, "8_24_80_02.jpg": 0.24232493340969086, "8_24_80_03.jpg": 0.1299324333667755, "8_24_80_04.jpg": 0.12621374428272247, "8_24_80_05.jpg": 0.11746631562709808}