{"8_40_56_01.jpg": 0.31699585914611816, "8_40_56_02.jpg": 0.2463696002960205, "8_40_56_03.jpg": 0.20798131823539734, "8_40_56_04.jpg": 0.18682993948459625, "8_40_56_05.jpg": 0.1715516895055771}