{"8_76_12_01.jpg": 0.38583895564079285, "8_76_12_02.jpg": 0.1383730173110962, "8_76_12_03.jpg": 0.13191230595111847, "8_76_12_04.jpg": 0.11655348539352417, "8_76_12_05.jpg": 0.11354493349790573}