{"8_28_92_01.jpg": 0.30985987186431885, "8_28_92_02.jpg": 0.2794477641582489, "8_28_92_03.jpg": 0.22884072363376617, "8_28_92_04.jpg": 0.2129589319229126, "8_28_92_05.jpg": 0.19950661063194275}