{"8_52_44_01.jpg": 0.4278009235858917, "8_52_44_02.jpg": 0.37877264618873596, "8_52_44_03.jpg": 0.3769015669822693, "8_52_44_04.jpg": 0.3426823616027832, "8_52_44_05.jpg": 0.3294818699359894}