{"8_40_36_01.jpg": 0.23481328785419464, "8_40_36_02.jpg": 0.18705257773399353, "8_40_36_03.jpg": 0.12873220443725586, "8_40_36_04.jpg": 0.11697833240032196, "8_40_36_05.jpg": 0.09961771965026855}