{"8_80_76_01.jpg": 0.18042659759521484, "8_80_76_02.jpg": 0.12827053666114807, "8_80_76_03.jpg": 0.11226562410593033, "8_80_76_04.jpg": 0.09334619343280792, "8_80_76_05.jpg": 0.09005551040172577}