{"8_64_8_01.jpg": 0.3026077449321747, "8_64_8_02.jpg": 0.27714571356773376, "8_64_8_03.jpg": 0.2749790549278259, "8_64_8_04.jpg": 0.1798250377178192, "8_64_8_05.jpg": 0.17584195733070374}