{"8_48_12_01.jpg": 0.4249909818172455, "8_48_12_02.jpg": 0.24545462429523468, "8_48_12_03.jpg": 0.23874221742153168, "8_48_12_04.jpg": 0.2306569665670395, "8_48_12_05.jpg": 0.22906991839408875}