{"8_80_64_01.jpg": 0.37649521231651306, "8_80_64_02.jpg": 0.32121968269348145, "8_80_64_03.jpg": 0.2191527932882309, "8_80_64_04.jpg": 0.20912900567054749, "8_80_64_05.jpg": 0.2072891741991043}