{"8_76_20_01.jpg": 0.4789898097515106, "8_76_20_02.jpg": 0.2480396032333374, "8_76_20_03.jpg": 0.17401185631752014, "8_76_20_04.jpg": 0.09838836640119553, "8_76_20_05.jpg": 0.0982573851943016}