{"8_56_48_01.jpg": 0.38468319177627563, "8_56_48_02.jpg": 0.14782768487930298, "8_56_48_03.jpg": 0.14274609088897705, "8_56_48_04.jpg": 0.13088248670101166, "8_56_48_05.jpg": 0.13051317632198334}