{"8_28_72_01.jpg": 0.43745648860931396, "8_28_72_02.jpg": 0.31752485036849976, "8_28_72_03.jpg": 0.290099173784256, "8_28_72_04.jpg": 0.19782547652721405, "8_28_72_05.jpg": 0.14897023141384125}