{"8_16_44_01.jpg": 0.23698686063289642, "8_16_44_02.jpg": 0.20386579632759094, "8_16_44_03.jpg": 0.15275895595550537, "8_16_44_04.jpg": 0.13130299746990204, "8_16_44_05.jpg": 0.12457570433616638}