{"8_32_76_01.jpg": 0.3883814811706543, "8_32_76_02.jpg": 0.37296396493911743, "8_32_76_03.jpg": 0.2744312882423401, "8_32_76_04.jpg": 0.2177191823720932, "8_32_76_05.jpg": 0.19303742051124573}