{"8_48_76_01.jpg": 0.31317251920700073, "8_48_76_02.jpg": 0.23880939185619354, "8_48_76_03.jpg": 0.2216191589832306, "8_48_76_04.jpg": 0.20818227529525757, "8_48_76_05.jpg": 0.18523584306240082}