{"8_84_20_01.jpg": 0.4181598722934723, "8_84_20_02.jpg": 0.15308979153633118, "8_84_20_03.jpg": 0.1263844072818756, "8_84_20_04.jpg": 0.1117882952094078, "8_84_20_05.jpg": 0.11098926514387131}