{"8_28_24_01.jpg": 0.33055076003074646, "8_28_24_02.jpg": 0.2865593433380127, "8_28_24_03.jpg": 0.25857236981391907, "8_28_24_04.jpg": 0.24989216029644012, "8_28_24_05.jpg": 0.24218672513961792}