{"8_92_24_01.jpg": 0.3039860129356384, "8_92_24_02.jpg": 0.19808697700500488, "8_92_24_03.jpg": 0.1682441383600235, "8_92_24_04.jpg": 0.14024215936660767, "8_92_24_05.jpg": 0.13827361166477203}