{"8_24_92_01.jpg": 0.4033849835395813, "8_24_92_02.jpg": 0.26019564270973206, "8_24_92_03.jpg": 0.2493913173675537, "8_24_92_04.jpg": 0.2179201990365982, "8_24_92_05.jpg": 0.20865149796009064}