{"8_80_20_01.jpg": 0.36937057971954346, "8_80_20_02.jpg": 0.16260932385921478, "8_80_20_03.jpg": 0.15875671803951263, "8_80_20_04.jpg": 0.14435097575187683, "8_80_20_05.jpg": 0.1390356719493866}