{"8_64_20_01.jpg": 0.26297277212142944, "8_64_20_02.jpg": 0.21238203346729279, "8_64_20_03.jpg": 0.12241201102733612, "8_64_20_04.jpg": 0.11330978572368622, "8_64_20_05.jpg": 0.11027088761329651}