{"8_96_64_01.jpg": 0.2557661235332489, "8_96_64_02.jpg": 0.19877389073371887, "8_96_64_03.jpg": 0.17666736245155334, "8_96_64_04.jpg": 0.10337716341018677, "8_96_64_05.jpg": 0.07839018106460571}