{"8_72_72_01.jpg": 0.2686416506767273, "8_72_72_02.jpg": 0.15914656221866608, "8_72_72_03.jpg": 0.1297992765903473, "8_72_72_04.jpg": 0.1201440840959549, "8_72_72_05.jpg": 0.10809388756752014}