{"8_68_80_01.jpg": 0.4447490870952606, "8_68_80_02.jpg": 0.43985000252723694, "8_68_80_03.jpg": 0.42074054479599, "8_68_80_04.jpg": 0.30420857667922974, "8_68_80_05.jpg": 0.2887119948863983}