{"8_44_20_01.jpg": 0.29933127760887146, "8_44_20_02.jpg": 0.19282422959804535, "8_44_20_03.jpg": 0.156180739402771, "8_44_20_04.jpg": 0.1471475213766098, "8_44_20_05.jpg": 0.14105257391929626}