{"8_44_12_01.jpg": 0.32532167434692383, "8_44_12_02.jpg": 0.2506352961063385, "8_44_12_03.jpg": 0.24618230760097504, "8_44_12_04.jpg": 0.24433070421218872, "8_44_12_05.jpg": 0.1639409065246582}