{"8_36_16_01.jpg": 0.5486922264099121, "8_36_16_02.jpg": 0.25516214966773987, "8_36_16_03.jpg": 0.19352224469184875, "8_36_16_04.jpg": 0.1709502935409546, "8_36_16_05.jpg": 0.08397915214300156}