{"8_52_20_01.jpg": 0.5013091564178467, "8_52_20_02.jpg": 0.1986626237630844, "8_52_20_03.jpg": 0.19198141992092133, "8_52_20_04.jpg": 0.15236307680606842, "8_52_20_05.jpg": 0.14251118898391724}