{"8_24_72_01.jpg": 0.31555724143981934, "8_24_72_02.jpg": 0.2838931977748871, "8_24_72_03.jpg": 0.2536619305610657, "8_24_72_04.jpg": 0.20701436698436737, "8_24_72_05.jpg": 0.17716781795024872}