{"8_84_36_01.jpg": 0.1858958750963211, "8_84_36_02.jpg": 0.14302986860275269, "8_84_36_03.jpg": 0.09094274789094925, "8_84_36_04.jpg": 0.08191527426242828, "8_84_36_05.jpg": 0.07691050320863724}