{"8_16_40_01.jpg": 0.3784445524215698, "8_16_40_02.jpg": 0.25175949931144714, "8_16_40_03.jpg": 0.19918379187583923, "8_16_40_04.jpg": 0.19782418012619019, "8_16_40_05.jpg": 0.18391188979148865}