{"8_64_28_01.jpg": 0.297203004360199, "8_64_28_02.jpg": 0.2855573296546936, "8_64_28_03.jpg": 0.18827302753925323, "8_64_28_04.jpg": 0.15923701226711273, "8_64_28_05.jpg": 0.1307678371667862}