{"8_44_72_01.jpg": 0.2735248804092407, "8_44_72_02.jpg": 0.26705512404441833, "8_44_72_03.jpg": 0.21632753312587738, "8_44_72_04.jpg": 0.15661075711250305, "8_44_72_05.jpg": 0.1348239928483963}