{"8_64_12_01.jpg": 0.22557339072227478, "8_64_12_02.jpg": 0.2101205587387085, "8_64_12_03.jpg": 0.16077743470668793, "8_64_12_04.jpg": 0.1532650738954544, "8_64_12_05.jpg": 0.12764780223369598}