{"8_52_28_01.jpg": 0.30269524455070496, "8_52_28_02.jpg": 0.24683114886283875, "8_52_28_03.jpg": 0.2347804754972458, "8_52_28_04.jpg": 0.2256879061460495, "8_52_28_05.jpg": 0.1343078911304474}