{"8_64_16_01.jpg": 0.2812783122062683, "8_64_16_02.jpg": 0.2593998908996582, "8_64_16_03.jpg": 0.24864597618579865, "8_64_16_04.jpg": 0.23692560195922852, "8_64_16_05.jpg": 0.22464823722839355}