{"8_80_96_01.jpg": 0.6640002131462097, "8_80_96_02.jpg": 0.3144835829734802, "8_80_96_03.jpg": 0.28818243741989136, "8_80_96_04.jpg": 0.2179834395647049, "8_80_96_05.jpg": 0.15865667164325714}