{"8_24_76_01.jpg": 0.24282041192054749, "8_24_76_02.jpg": 0.2070240080356598, "8_24_76_03.jpg": 0.15920959413051605, "8_24_76_04.jpg": 0.15047341585159302, "8_24_76_05.jpg": 0.13991817831993103}