{"8_28_56_01.jpg": 0.4152183532714844, "8_28_56_02.jpg": 0.4106845557689667, "8_28_56_03.jpg": 0.3352440893650055, "8_28_56_04.jpg": 0.3160034120082855, "8_28_56_05.jpg": 0.3026680052280426}