{"8_76_96_01.jpg": 0.30244937539100647, "8_76_96_02.jpg": 0.13157904148101807, "8_76_96_03.jpg": 0.1240837574005127, "8_76_96_04.jpg": 0.12099900096654892, "8_76_96_05.jpg": 0.11906818300485611}