{"8_88_32_01.jpg": 0.33863189816474915, "8_88_32_02.jpg": 0.1400364339351654, "8_88_32_03.jpg": 0.11396893858909607, "8_88_32_04.jpg": 0.11244768649339676, "8_88_32_05.jpg": 0.11082837730646133}