{"8_36_52_01.jpg": 0.3919089138507843, "8_36_52_02.jpg": 0.29309260845184326, "8_36_52_03.jpg": 0.24681906402111053, "8_36_52_04.jpg": 0.2211654633283615, "8_36_52_05.jpg": 0.2160159945487976}