{"8_28_52_01.jpg": 0.31024014949798584, "8_28_52_02.jpg": 0.2784424126148224, "8_28_52_03.jpg": 0.26684802770614624, "8_28_52_04.jpg": 0.21278052031993866, "8_28_52_05.jpg": 0.2001388818025589}