{"8_32_64_01.jpg": 0.4800674319267273, "8_32_64_02.jpg": 0.40855085849761963, "8_32_64_03.jpg": 0.32100391387939453, "8_32_64_04.jpg": 0.27585387229919434, "8_32_64_05.jpg": 0.267350971698761}