{"8_88_16_01.jpg": 0.37074702978134155, "8_88_16_02.jpg": 0.30518096685409546, "8_88_16_03.jpg": 0.23209480941295624, "8_88_16_04.jpg": 0.14400166273117065, "8_88_16_05.jpg": 0.11830946803092957}