{"8_68_68_01.jpg": 0.27644214034080505, "8_68_68_02.jpg": 0.2170252799987793, "8_68_68_03.jpg": 0.1421193927526474, "8_68_68_04.jpg": 0.13465313613414764, "8_68_68_05.jpg": 0.12337041646242142}