{"8_20_72_01.jpg": 0.2904356122016907, "8_20_72_02.jpg": 0.2815605401992798, "8_20_72_03.jpg": 0.17752283811569214, "8_20_72_04.jpg": 0.15899351239204407, "8_20_72_05.jpg": 0.15881924331188202}