{"8_36_36_01.jpg": 0.4080144762992859, "8_36_36_02.jpg": 0.31469619274139404, "8_36_36_03.jpg": 0.31059911847114563, "8_36_36_04.jpg": 0.30524584650993347, "8_36_36_05.jpg": 0.1891675442457199}