{"8_92_80_01.jpg": 0.43479275703430176, "8_92_80_02.jpg": 0.39956140518188477, "8_92_80_03.jpg": 0.3794638216495514, "8_92_80_04.jpg": 0.2831189036369324, "8_92_80_05.jpg": 0.2682470381259918}