{"8_48_16_01.jpg": 0.26489371061325073, "8_48_16_02.jpg": 0.2255837470293045, "8_48_16_03.jpg": 0.179612934589386, "8_48_16_04.jpg": 0.16237260401248932, "8_48_16_05.jpg": 0.15925568342208862}