{"8_40_20_01.jpg": 0.4885943531990051, "8_40_20_02.jpg": 0.2687237560749054, "8_40_20_03.jpg": 0.23145624995231628, "8_40_20_04.jpg": 0.20143623650074005, "8_40_20_05.jpg": 0.16522516310214996}