{"8_48_20_01.jpg": 0.563890814781189, "8_48_20_02.jpg": 0.47453105449676514, "8_48_20_03.jpg": 0.29792913794517517, "8_48_20_04.jpg": 0.24455225467681885, "8_48_20_05.jpg": 0.22768284380435944}