{"8_60_96_01.jpg": 0.31139102578163147, "8_60_96_02.jpg": 0.29075559973716736, "8_60_96_03.jpg": 0.22732536494731903, "8_60_96_04.jpg": 0.21051020920276642, "8_60_96_05.jpg": 0.19694770872592926}