{"8_84_68_01.jpg": 0.4988912045955658, "8_84_68_02.jpg": 0.4662770628929138, "8_84_68_03.jpg": 0.38961589336395264, "8_84_68_04.jpg": 0.31148815155029297, "8_84_68_05.jpg": 0.29981017112731934}