{"8_104_60_01.jpg": 0.16400261223316193, "8_104_60_02.jpg": 0.14202852547168732, "8_104_60_03.jpg": 0.12570665776729584, "8_104_60_04.jpg": 0.11951779574155807, "8_104_60_05.jpg": 0.1099371612071991}