{"8_84_84_01.jpg": 0.5589190721511841, "8_84_84_02.jpg": 0.37296268343925476, "8_84_84_03.jpg": 0.3459407091140747, "8_84_84_04.jpg": 0.2654164731502533, "8_84_84_05.jpg": 0.2426336705684662}