{"8_92_32_01.jpg": 0.29277774691581726, "8_92_32_02.jpg": 0.2607237994670868, "8_92_32_03.jpg": 0.23447589576244354, "8_92_32_04.jpg": 0.19460873305797577, "8_92_32_05.jpg": 0.17082427442073822}