{"8_24_48_01.jpg": 0.26616063714027405, "8_24_48_02.jpg": 0.23465073108673096, "8_24_48_03.jpg": 0.11699274182319641, "8_24_48_04.jpg": 0.11560467630624771, "8_24_48_05.jpg": 0.10074429959058762}