{"8_80_76_01.jpg": 0.2518783211708069, "8_80_76_02.jpg": 0.2186415046453476, "8_80_76_03.jpg": 0.13080421090126038, "8_80_76_04.jpg": 0.11558801680803299, "8_80_76_05.jpg": 0.11394865065813065}