{"8_36_68_01.jpg": 0.3350752294063568, "8_36_68_02.jpg": 0.22265584766864777, "8_36_68_03.jpg": 0.1361123025417328, "8_36_68_04.jpg": 0.11706536263227463, "8_36_68_05.jpg": 0.09966742992401123}