{"8_68_96_01.jpg": 0.49252042174339294, "8_68_96_02.jpg": 0.1675136536359787, "8_68_96_03.jpg": 0.09395952522754669, "8_68_96_04.jpg": 0.07591871917247772, "8_68_96_05.jpg": 0.06687075644731522}