{"8_12_64_01.jpg": 0.3388013541698456, "8_12_64_02.jpg": 0.24776308238506317, "8_12_64_03.jpg": 0.23949287831783295, "8_12_64_04.jpg": 0.21303236484527588, "8_12_64_05.jpg": 0.18335731327533722}