{"8_48_24_01.jpg": 0.3097650706768036, "8_48_24_02.jpg": 0.28419366478919983, "8_48_24_03.jpg": 0.2784486413002014, "8_48_24_04.jpg": 0.25178009271621704, "8_48_24_05.jpg": 0.22820952534675598}