{"8_48_92_01.jpg": 0.5005817413330078, "8_48_92_02.jpg": 0.4560982286930084, "8_48_92_03.jpg": 0.3514240086078644, "8_48_92_04.jpg": 0.3468294143676758, "8_48_92_05.jpg": 0.3168698251247406}