{"8_52_56_01.jpg": 0.396894633769989, "8_52_56_02.jpg": 0.3428538143634796, "8_52_56_03.jpg": 0.1664017140865326, "8_52_56_04.jpg": 0.13956187665462494, "8_52_56_05.jpg": 0.12762777507305145}