{"8_48_64_01.jpg": 0.7479420304298401, "8_48_64_02.jpg": 0.33692672848701477, "8_48_64_03.jpg": 0.17224295437335968, "8_48_64_04.jpg": 0.15666203200817108, "8_48_64_05.jpg": 0.14329415559768677}