{"8_20_40_01.jpg": 0.39241865277290344, "8_20_40_02.jpg": 0.22054006159305573, "8_20_40_03.jpg": 0.172166645526886, "8_20_40_04.jpg": 0.16300423443317413, "8_20_40_05.jpg": 0.13072609901428223}