{"8_40_48_01.jpg": 0.31079068779945374, "8_40_48_02.jpg": 0.26592594385147095, "8_40_48_03.jpg": 0.2157420665025711, "8_40_48_04.jpg": 0.21469315886497498, "8_40_48_05.jpg": 0.20627008378505707}