{"8_44_56_01.jpg": 0.3975868225097656, "8_44_56_02.jpg": 0.20857343077659607, "8_44_56_03.jpg": 0.181658536195755, "8_44_56_04.jpg": 0.17396418750286102, "8_44_56_05.jpg": 0.15392102301120758}