{"8_40_40_01.jpg": 0.31977641582489014, "8_40_40_02.jpg": 0.30118459463119507, "8_40_40_03.jpg": 0.19743689894676208, "8_40_40_04.jpg": 0.18829329311847687, "8_40_40_05.jpg": 0.17423684895038605}