{"8_44_80_01.jpg": 0.4431895315647125, "8_44_80_02.jpg": 0.20685264468193054, "8_44_80_03.jpg": 0.17316895723342896, "8_44_80_04.jpg": 0.15175335109233856, "8_44_80_05.jpg": 0.1261594146490097}