{"8_84_48_01.jpg": 0.41057294607162476, "8_84_48_02.jpg": 0.37878093123435974, "8_84_48_03.jpg": 0.31798309087753296, "8_84_48_04.jpg": 0.17937058210372925, "8_84_48_05.jpg": 0.1206982284784317}