{"8_32_16_01.jpg": 0.283586323261261, "8_32_16_02.jpg": 0.17030449211597443, "8_32_16_03.jpg": 0.16294965147972107, "8_32_16_04.jpg": 0.10966549813747406, "8_32_16_05.jpg": 0.10025528818368912}