{"8_44_96_01.jpg": 0.377163290977478, "8_44_96_02.jpg": 0.3344323933124542, "8_44_96_03.jpg": 0.27218613028526306, "8_44_96_04.jpg": 0.2652714252471924, "8_44_96_05.jpg": 0.2416701316833496}