{"8_76_96_01.jpg": 0.29749414324760437, "8_76_96_02.jpg": 0.19286856055259705, "8_76_96_03.jpg": 0.169761061668396, "8_76_96_04.jpg": 0.16785085201263428, "8_76_96_05.jpg": 0.1655748188495636}