{"8_64_104_01.jpg": 0.4202588200569153, "8_64_104_02.jpg": 0.32725661993026733, "8_64_104_03.jpg": 0.20194068551063538, "8_64_104_04.jpg": 0.19762994349002838, "8_64_104_05.jpg": 0.17946425080299377}