{"8_44_60_01.jpg": 0.22645282745361328, "8_44_60_02.jpg": 0.19290833175182343, "8_44_60_03.jpg": 0.18942897021770477, "8_44_60_04.jpg": 0.11139719188213348, "8_44_60_05.jpg": 0.10203251242637634}