{"8_44_88_01.jpg": 0.33553218841552734, "8_44_88_02.jpg": 0.30081215500831604, "8_44_88_03.jpg": 0.2890675365924835, "8_44_88_04.jpg": 0.21153196692466736, "8_44_88_05.jpg": 0.1889786720275879}