{"8_44_32_01.jpg": 0.2155354768037796, "8_44_32_02.jpg": 0.18410153687000275, "8_44_32_03.jpg": 0.16165286302566528, "8_44_32_04.jpg": 0.1421825885772705, "8_44_32_05.jpg": 0.13534073531627655}