{"8_88_88_01.jpg": 0.2551747262477875, "8_88_88_02.jpg": 0.241667702794075, "8_88_88_03.jpg": 0.11991888284683228, "8_88_88_04.jpg": 0.10543303936719894, "8_88_88_05.jpg": 0.10382223129272461}