{"8_88_88_01.jpg": 0.45252519845962524, "8_88_88_02.jpg": 0.22574645280838013, "8_88_88_03.jpg": 0.21426227688789368, "8_88_88_04.jpg": 0.19315391778945923, "8_88_88_05.jpg": 0.18846763670444489}