{"8_60_76_01.jpg": 0.3158601224422455, "8_60_76_02.jpg": 0.25564202666282654, "8_60_76_03.jpg": 0.2247629463672638, "8_60_76_04.jpg": 0.1968359351158142, "8_60_76_05.jpg": 0.1907619684934616}