{"8_72_28_01.jpg": 0.23626144230365753, "8_72_28_02.jpg": 0.14300061762332916, "8_72_28_03.jpg": 0.13144591450691223, "8_72_28_04.jpg": 0.13093183934688568, "8_72_28_05.jpg": 0.129660964012146}