{"8_8_48_01.jpg": 0.3417936861515045, "8_8_48_02.jpg": 0.22642622888088226, "8_8_48_03.jpg": 0.202889546751976, "8_8_48_04.jpg": 0.1815870702266693, "8_8_48_05.jpg": 0.17016786336898804}