{"8_32_64_01.jpg": 0.18483521044254303, "8_32_64_02.jpg": 0.11049681901931763, "8_32_64_03.jpg": 0.09959956258535385, "8_32_64_04.jpg": 0.0931747630238533, "8_32_64_05.jpg": 0.08487418293952942}