{"8_60_60_01.jpg": 0.31999263167381287, "8_60_60_02.jpg": 0.23143817484378815, "8_60_60_03.jpg": 0.2311243861913681, "8_60_60_04.jpg": 0.1948833465576172, "8_60_60_05.jpg": 0.16973432898521423}