{"8_52_20_01.jpg": 0.43206778168678284, "8_52_20_02.jpg": 0.32714033126831055, "8_52_20_03.jpg": 0.2923280894756317, "8_52_20_04.jpg": 0.2841250002384186, "8_52_20_05.jpg": 0.2788347601890564}