{"8_80_68_01.jpg": 0.40018823742866516, "8_80_68_02.jpg": 0.36890295147895813, "8_80_68_03.jpg": 0.3418000340461731, "8_80_68_04.jpg": 0.29222962260246277, "8_80_68_05.jpg": 0.25614938139915466}