{"8_96_44_01.jpg": 0.3582969307899475, "8_96_44_02.jpg": 0.31708410382270813, "8_96_44_03.jpg": 0.28005555272102356, "8_96_44_04.jpg": 0.21183165907859802, "8_96_44_05.jpg": 0.15768016874790192}