{"8_12_60_01.jpg": 0.21531593799591064, "8_12_60_02.jpg": 0.16655586659908295, "8_12_60_03.jpg": 0.16012053191661835, "8_12_60_04.jpg": 0.1491858810186386, "8_12_60_05.jpg": 0.11737285554409027}