{"8_64_56_01.jpg": 0.3589543402194977, "8_64_56_02.jpg": 0.247244194149971, "8_64_56_03.jpg": 0.21791839599609375, "8_64_56_04.jpg": 0.2147527039051056, "8_64_56_05.jpg": 0.19678829610347748}