{"8_16_68_01.jpg": 0.28817063570022583, "8_16_68_02.jpg": 0.18558751046657562, "8_16_68_03.jpg": 0.15509603917598724, "8_16_68_04.jpg": 0.12432990223169327, "8_16_68_05.jpg": 0.1151740625500679}