{"8_52_32_01.jpg": 0.30139538645744324, "8_52_32_02.jpg": 0.17011988162994385, "8_52_32_03.jpg": 0.14393097162246704, "8_52_32_04.jpg": 0.12629351019859314, "8_52_32_05.jpg": 0.11717916280031204}