{"8_72_20_01.jpg": 0.3715572655200958, "8_72_20_02.jpg": 0.2649226784706116, "8_72_20_03.jpg": 0.19990254938602448, "8_72_20_04.jpg": 0.1484660655260086, "8_72_20_05.jpg": 0.14839549362659454}