{"8_76_48_01.jpg": 0.5013774633407593, "8_76_48_02.jpg": 0.2509668171405792, "8_76_48_03.jpg": 0.1938435435295105, "8_76_48_04.jpg": 0.1655924916267395, "8_76_48_05.jpg": 0.16114702820777893}