{"8_56_16_01.jpg": 0.2072570025920868, "8_56_16_02.jpg": 0.13941076397895813, "8_56_16_03.jpg": 0.1279628872871399, "8_56_16_04.jpg": 0.07709585130214691, "8_56_16_05.jpg": 0.07269733399152756}