{"8_76_68_01.jpg": 0.30594125390052795, "8_76_68_02.jpg": 0.24473439157009125, "8_76_68_03.jpg": 0.19393107295036316, "8_76_68_04.jpg": 0.1499784141778946, "8_76_68_05.jpg": 0.14113548398017883}