{"8_72_80_01.jpg": 0.4016968607902527, "8_72_80_02.jpg": 0.2668886184692383, "8_72_80_03.jpg": 0.22460414469242096, "8_72_80_04.jpg": 0.21147219836711884, "8_72_80_05.jpg": 0.20012414455413818}