{"8_60_48_01.jpg": 0.5345370173454285, "8_60_48_02.jpg": 0.3315902650356293, "8_60_48_03.jpg": 0.23155102133750916, "8_60_48_04.jpg": 0.21933643519878387, "8_60_48_05.jpg": 0.20812219381332397}