{"8_68_100_01.jpg": 0.42089343070983887, "8_68_100_02.jpg": 0.19097799062728882, "8_68_100_03.jpg": 0.15795935690402985, "8_68_100_04.jpg": 0.1521364450454712, "8_68_100_05.jpg": 0.1022387370467186}