{"8_96_28_01.jpg": 0.3027532696723938, "8_96_28_02.jpg": 0.16459189355373383, "8_96_28_03.jpg": 0.14682038128376007, "8_96_28_04.jpg": 0.1343192309141159, "8_96_28_05.jpg": 0.11243128776550293}