{"8_20_68_01.jpg": 0.3784438669681549, "8_20_68_02.jpg": 0.24786962568759918, "8_20_68_03.jpg": 0.22168052196502686, "8_20_68_04.jpg": 0.2076537013053894, "8_20_68_05.jpg": 0.1633681356906891}