{"8_84_80_01.jpg": 0.22367630898952484, "8_84_80_02.jpg": 0.1269453465938568, "8_84_80_03.jpg": 0.1123248040676117, "8_84_80_04.jpg": 0.09614845365285873, "8_84_80_05.jpg": 0.08482001721858978}