{"8_80_68_01.jpg": 0.42287614941596985, "8_80_68_02.jpg": 0.280819296836853, "8_80_68_03.jpg": 0.16676199436187744, "8_80_68_04.jpg": 0.16098006069660187, "8_80_68_05.jpg": 0.1530064344406128}