{"8_44_12_01.jpg": 0.4398653507232666, "8_44_12_02.jpg": 0.3987049162387848, "8_44_12_03.jpg": 0.34626394510269165, "8_44_12_04.jpg": 0.24387811124324799, "8_44_12_05.jpg": 0.2303447425365448}