{"8_68_12_01.jpg": 0.49791422486305237, "8_68_12_02.jpg": 0.38027819991111755, "8_68_12_03.jpg": 0.22558729350566864, "8_68_12_04.jpg": 0.1720718890428543, "8_68_12_05.jpg": 0.17060202360153198}