{"8_44_16_01.jpg": 0.45593446493148804, "8_44_16_02.jpg": 0.13699917495250702, "8_44_16_03.jpg": 0.13261950016021729, "8_44_16_04.jpg": 0.12785813212394714, "8_44_16_05.jpg": 0.11971940100193024}