{"8_36_64_01.jpg": 0.3661479651927948, "8_36_64_02.jpg": 0.26321470737457275, "8_36_64_03.jpg": 0.19201692938804626, "8_36_64_04.jpg": 0.16892597079277039, "8_36_64_05.jpg": 0.1521279513835907}