{"8_68_8_01.jpg": 0.17394192516803741, "8_68_8_02.jpg": 0.12421875447034836, "8_68_8_03.jpg": 0.08765651285648346, "8_68_8_04.jpg": 0.08276338130235672, "8_68_8_05.jpg": 0.08145540952682495}