{"8_80_40_01.jpg": 0.24634791910648346, "8_80_40_02.jpg": 0.19989831745624542, "8_80_40_03.jpg": 0.1584167778491974, "8_80_40_04.jpg": 0.14265361428260803, "8_80_40_05.jpg": 0.11109735816717148}