{"8_52_88_01.jpg": 0.2993195354938507, "8_52_88_02.jpg": 0.28440576791763306, "8_52_88_03.jpg": 0.15813836455345154, "8_52_88_04.jpg": 0.15608111023902893, "8_52_88_05.jpg": 0.1077689677476883}