{"8_32_76_01.jpg": 0.2918371856212616, "8_32_76_02.jpg": 0.291405588388443, "8_32_76_03.jpg": 0.2100263088941574, "8_32_76_04.jpg": 0.17403648793697357, "8_32_76_05.jpg": 0.17147424817085266}