{"8_72_64_01.jpg": 0.26416492462158203, "8_72_64_02.jpg": 0.2178979218006134, "8_72_64_03.jpg": 0.11780351400375366, "8_72_64_04.jpg": 0.1089523583650589, "8_72_64_05.jpg": 0.1065196618437767}