{"8_60_56_01.jpg": 0.3076839745044708, "8_60_56_02.jpg": 0.1922750622034073, "8_60_56_03.jpg": 0.1593388170003891, "8_60_56_04.jpg": 0.13945800065994263, "8_60_56_05.jpg": 0.13573810458183289}