{"8_68_56_01.jpg": 0.3563286066055298, "8_68_56_02.jpg": 0.1493253856897354, "8_68_56_03.jpg": 0.12662115693092346, "8_68_56_04.jpg": 0.12135913968086243, "8_68_56_05.jpg": 0.09437917172908783}