{"8_88_76_01.jpg": 0.32767394185066223, "8_88_76_02.jpg": 0.19920125603675842, "8_88_76_03.jpg": 0.18736615777015686, "8_88_76_04.jpg": 0.1751931756734848, "8_88_76_05.jpg": 0.15224997699260712}