{"8_24_36_01.jpg": 0.3454161584377289, "8_24_36_02.jpg": 0.25888893008232117, "8_24_36_03.jpg": 0.24426399171352386, "8_24_36_04.jpg": 0.21270129084587097, "8_24_36_05.jpg": 0.19956029951572418}