{"8_96_84_01.jpg": 0.25738072395324707, "8_96_84_02.jpg": 0.18013237416744232, "8_96_84_03.jpg": 0.1025393158197403, "8_96_84_04.jpg": 0.10139399021863937, "8_96_84_05.jpg": 0.09793397784233093}