{"8_60_28_01.jpg": 0.39857184886932373, "8_60_28_02.jpg": 0.2496475726366043, "8_60_28_03.jpg": 0.20570005476474762, "8_60_28_04.jpg": 0.18863438069820404, "8_60_28_05.jpg": 0.1728556752204895}