{"8_48_48_01.jpg": 0.42335063219070435, "8_48_48_02.jpg": 0.3392576277256012, "8_48_48_03.jpg": 0.30285534262657166, "8_48_48_04.jpg": 0.27980056405067444, "8_48_48_05.jpg": 0.26226845383644104}