{"8_36_64_01.jpg": 0.26005831360816956, "8_36_64_02.jpg": 0.19308331608772278, "8_36_64_03.jpg": 0.1473263055086136, "8_36_64_04.jpg": 0.11689596623182297, "8_36_64_05.jpg": 0.11670700460672379}