{"8_24_48_01.jpg": 0.4518719017505646, "8_24_48_02.jpg": 0.40338364243507385, "8_24_48_03.jpg": 0.3756085932254791, "8_24_48_04.jpg": 0.33388781547546387, "8_24_48_05.jpg": 0.3185298442840576}