{"8_64_44_01.jpg": 0.2913662791252136, "8_64_44_02.jpg": 0.22225260734558105, "8_64_44_03.jpg": 0.19981494545936584, "8_64_44_04.jpg": 0.1728239208459854, "8_64_44_05.jpg": 0.13530166447162628}