{"8_100_60_01.jpg": 0.3422735929489136, "8_100_60_02.jpg": 0.14138148725032806, "8_100_60_03.jpg": 0.11629971116781235, "8_100_60_04.jpg": 0.11548461019992828, "8_100_60_05.jpg": 0.10287338495254517}