{"8_28_76_01.jpg": 0.36769139766693115, "8_28_76_02.jpg": 0.230610191822052, "8_28_76_03.jpg": 0.22907251119613647, "8_28_76_04.jpg": 0.22010158002376556, "8_28_76_05.jpg": 0.14721304178237915}