{"8_44_24_01.jpg": 0.26236891746520996, "8_44_24_02.jpg": 0.22742348909378052, "8_44_24_03.jpg": 0.22178024053573608, "8_44_24_04.jpg": 0.1469765603542328, "8_44_24_05.jpg": 0.13096095621585846}