{"8_56_36_01.jpg": 0.19005542993545532, "8_56_36_02.jpg": 0.11869398504495621, "8_56_36_03.jpg": 0.08750041574239731, "8_56_36_04.jpg": 0.08575019985437393, "8_56_36_05.jpg": 0.08361989259719849}