{"8_40_40_01.jpg": 0.3996769189834595, "8_40_40_02.jpg": 0.38733014464378357, "8_40_40_03.jpg": 0.20574642717838287, "8_40_40_04.jpg": 0.20374000072479248, "8_40_40_05.jpg": 0.14831656217575073}