{"8_28_40_01.jpg": 0.3051994740962982, "8_28_40_02.jpg": 0.25523459911346436, "8_28_40_03.jpg": 0.24360476434230804, "8_28_40_04.jpg": 0.16005228459835052, "8_28_40_05.jpg": 0.11841774731874466}