{"8_24_40_01.jpg": 0.4004760980606079, "8_24_40_02.jpg": 0.2543061375617981, "8_24_40_03.jpg": 0.2541498839855194, "8_24_40_04.jpg": 0.22427605092525482, "8_24_40_05.jpg": 0.22016780078411102}