{"8_16_68_01.jpg": 0.2770819664001465, "8_16_68_02.jpg": 0.16885672509670258, "8_16_68_03.jpg": 0.11277079582214355, "8_16_68_04.jpg": 0.11057727783918381, "8_16_68_05.jpg": 0.10740188509225845}