{"8_80_60_01.jpg": 0.42044705152511597, "8_80_60_02.jpg": 0.40226173400878906, "8_80_60_03.jpg": 0.2877556383609772, "8_80_60_04.jpg": 0.22019831836223602, "8_80_60_05.jpg": 0.18979085981845856}