{"8_40_76_01.jpg": 0.3594810366630554, "8_40_76_02.jpg": 0.3018018901348114, "8_40_76_03.jpg": 0.2229100465774536, "8_40_76_04.jpg": 0.20692428946495056, "8_40_76_05.jpg": 0.17664141952991486}