{"8_72_92_01.jpg": 0.44471654295921326, "8_72_92_02.jpg": 0.35735461115837097, "8_72_92_03.jpg": 0.31975817680358887, "8_72_92_04.jpg": 0.26078328490257263, "8_72_92_05.jpg": 0.25459226965904236}