{"8_28_76_01.jpg": 0.2961132526397705, "8_28_76_02.jpg": 0.08872243016958237, "8_28_76_03.jpg": 0.08609069883823395, "8_28_76_04.jpg": 0.06448399275541306, "8_28_76_05.jpg": 0.06334059685468674}