{"8_76_88_01.jpg": 0.3669724762439728, "8_76_88_02.jpg": 0.35150182247161865, "8_76_88_03.jpg": 0.2822534143924713, "8_76_88_04.jpg": 0.26993924379348755, "8_76_88_05.jpg": 0.2631538212299347}