{"8_92_64_01.jpg": 0.30077892541885376, "8_92_64_02.jpg": 0.2027275115251541, "8_92_64_03.jpg": 0.09873834252357483, "8_92_64_04.jpg": 0.08677923679351807, "8_92_64_05.jpg": 0.08393492549657822}