{"8_32_28_01.jpg": 0.493580162525177, "8_32_28_02.jpg": 0.21494270861148834, "8_32_28_03.jpg": 0.19487155973911285, "8_32_28_04.jpg": 0.164237841963768, "8_32_28_05.jpg": 0.15833230316638947}