{"8_64_76_01.jpg": 0.441824734210968, "8_64_76_02.jpg": 0.3286263644695282, "8_64_76_03.jpg": 0.21782223880290985, "8_64_76_04.jpg": 0.1729993373155594, "8_64_76_05.jpg": 0.15397557616233826}