{"8_24_48_01.jpg": 0.21849443018436432, "8_24_48_02.jpg": 0.19013294577598572, "8_24_48_03.jpg": 0.18383139371871948, "8_24_48_04.jpg": 0.1657613217830658, "8_24_48_05.jpg": 0.15511111915111542}