{"8_88_12_01.jpg": 0.23963956534862518, "8_88_12_02.jpg": 0.18286241590976715, "8_88_12_03.jpg": 0.17298907041549683, "8_88_12_04.jpg": 0.16009710729122162, "8_88_12_05.jpg": 0.1403987854719162}