{"8_36_92_01.jpg": 0.31986019015312195, "8_36_92_02.jpg": 0.22901378571987152, "8_36_92_03.jpg": 0.20129360258579254, "8_36_92_04.jpg": 0.17942768335342407, "8_36_92_05.jpg": 0.1764378398656845}