{"8_68_24_01.jpg": 0.5154621005058289, "8_68_24_02.jpg": 0.3726561665534973, "8_68_24_03.jpg": 0.3109060525894165, "8_68_24_04.jpg": 0.3021606206893921, "8_68_24_05.jpg": 0.28420883417129517}