{"8_76_64_01.jpg": 0.46640855073928833, "8_76_64_02.jpg": 0.3229411244392395, "8_76_64_03.jpg": 0.2929382026195526, "8_76_64_04.jpg": 0.21911488473415375, "8_76_64_05.jpg": 0.20165246725082397}