{"8_76_28_01.jpg": 0.3054944574832916, "8_76_28_02.jpg": 0.14165882766246796, "8_76_28_03.jpg": 0.13681276142597198, "8_76_28_04.jpg": 0.11439646035432816, "8_76_28_05.jpg": 0.10422923415899277}