{"8_56_88_01.jpg": 0.5042941570281982, "8_56_88_02.jpg": 0.27001887559890747, "8_56_88_03.jpg": 0.1797022819519043, "8_56_88_04.jpg": 0.1649470329284668, "8_56_88_05.jpg": 0.1267969161272049}