{"8_72_88_01.jpg": 0.387705534696579, "8_72_88_02.jpg": 0.3736242949962616, "8_72_88_03.jpg": 0.24270901083946228, "8_72_88_04.jpg": 0.23902112245559692, "8_72_88_05.jpg": 0.19167593121528625}