{"8_92_52_01.jpg": 0.23854634165763855, "8_92_52_02.jpg": 0.21921998262405396, "8_92_52_03.jpg": 0.1722107231616974, "8_92_52_04.jpg": 0.1456601768732071, "8_92_52_05.jpg": 0.1377221792936325}