{"8_52_76_01.jpg": 0.4149731993675232, "8_52_76_02.jpg": 0.2980023920536041, "8_52_76_03.jpg": 0.24464274942874908, "8_52_76_04.jpg": 0.23803769052028656, "8_52_76_05.jpg": 0.21237261593341827}