{"8_44_64_01.jpg": 0.32656270265579224, "8_44_64_02.jpg": 0.30962732434272766, "8_44_64_03.jpg": 0.29700395464897156, "8_44_64_04.jpg": 0.2963109314441681, "8_44_64_05.jpg": 0.15951479971408844}