{"8_72_64_01.jpg": 0.24587863683700562, "8_72_64_02.jpg": 0.23991039395332336, "8_72_64_03.jpg": 0.15152597427368164, "8_72_64_04.jpg": 0.13118846714496613, "8_72_64_05.jpg": 0.12595580518245697}