{"8_64_56_01.jpg": 0.2976321578025818, "8_64_56_02.jpg": 0.14352983236312866, "8_64_56_03.jpg": 0.09300011396408081, "8_64_56_04.jpg": 0.08656804263591766, "8_64_56_05.jpg": 0.08626728504896164}