{"8_68_72_01.jpg": 0.351506769657135, "8_68_72_02.jpg": 0.27685752511024475, "8_68_72_03.jpg": 0.2061793953180313, "8_68_72_04.jpg": 0.17493750154972076, "8_68_72_05.jpg": 0.15672315657138824}