{"8_60_12_01.jpg": 0.30590808391571045, "8_60_12_02.jpg": 0.20187395811080933, "8_60_12_03.jpg": 0.07904721051454544, "8_60_12_04.jpg": 0.059178657829761505, "8_60_12_05.jpg": 0.058306723833084106}