{"8_28_76_01.jpg": 0.5231048464775085, "8_28_76_02.jpg": 0.32956385612487793, "8_28_76_03.jpg": 0.24384252727031708, "8_28_76_04.jpg": 0.2296573519706726, "8_28_76_05.jpg": 0.2212637960910797}