{"8_56_84_01.jpg": 0.24515265226364136, "8_56_84_02.jpg": 0.1748742163181305, "8_56_84_03.jpg": 0.16410598158836365, "8_56_84_04.jpg": 0.1369980424642563, "8_56_84_05.jpg": 0.11218173056840897}