{"8_60_24_01.jpg": 0.5186582803726196, "8_60_24_02.jpg": 0.4558769762516022, "8_60_24_03.jpg": 0.24660713970661163, "8_60_24_04.jpg": 0.21019212901592255, "8_60_24_05.jpg": 0.18245692551136017}