{"8_32_48_01.jpg": 0.3087364733219147, "8_32_48_02.jpg": 0.25221434235572815, "8_32_48_03.jpg": 0.2496059238910675, "8_32_48_04.jpg": 0.2068181335926056, "8_32_48_05.jpg": 0.2006068080663681}