{"8_60_52_01.jpg": 0.49314481019973755, "8_60_52_02.jpg": 0.2681936025619507, "8_60_52_03.jpg": 0.24690622091293335, "8_60_52_04.jpg": 0.24556371569633484, "8_60_52_05.jpg": 0.21908190846443176}