{"8_24_24_01.jpg": 0.4655231535434723, "8_24_24_02.jpg": 0.280590683221817, "8_24_24_03.jpg": 0.13434572517871857, "8_24_24_04.jpg": 0.12889716029167175, "8_24_24_05.jpg": 0.12462173402309418}