{"8_36_16_01.jpg": 0.3170844614505768, "8_36_16_02.jpg": 0.1810659021139145, "8_36_16_03.jpg": 0.14215023815631866, "8_36_16_04.jpg": 0.12931033968925476, "8_36_16_05.jpg": 0.11756958812475204}