{"8_12_80_01.jpg": 0.392960786819458, "8_12_80_02.jpg": 0.3486207127571106, "8_12_80_03.jpg": 0.3273733854293823, "8_12_80_04.jpg": 0.318011999130249, "8_12_80_05.jpg": 0.21068155765533447}