{"8_32_40_01.jpg": 0.5128984451293945, "8_32_40_02.jpg": 0.3475218117237091, "8_32_40_03.jpg": 0.31023135781288147, "8_32_40_04.jpg": 0.2862992584705353, "8_32_40_05.jpg": 0.2410169392824173}