{"8_96_60_01.jpg": 0.4233167767524719, "8_96_60_02.jpg": 0.3795500099658966, "8_96_60_03.jpg": 0.3289363384246826, "8_96_60_04.jpg": 0.2887534499168396, "8_96_60_05.jpg": 0.2515662610530853}