{"8_56_48_01.jpg": 0.3099988102912903, "8_56_48_02.jpg": 0.23241889476776123, "8_56_48_03.jpg": 0.2132553905248642, "8_56_48_04.jpg": 0.1898636668920517, "8_56_48_05.jpg": 0.1780407577753067}