{"8_88_72_01.jpg": 0.46675366163253784, "8_88_72_02.jpg": 0.3628711998462677, "8_88_72_03.jpg": 0.35831356048583984, "8_88_72_04.jpg": 0.2366761714220047, "8_88_72_05.jpg": 0.164119690656662}