{"8_92_28_01.jpg": 0.2691781222820282, "8_92_28_02.jpg": 0.21925589442253113, "8_92_28_03.jpg": 0.21896855533123016, "8_92_28_04.jpg": 0.16529111564159393, "8_92_28_05.jpg": 0.14836262166500092}