{"8_92_16_01.jpg": 0.28041279315948486, "8_92_16_02.jpg": 0.1977674514055252, "8_92_16_03.jpg": 0.18382585048675537, "8_92_16_04.jpg": 0.14330293238162994, "8_92_16_05.jpg": 0.13924260437488556}