{"8_28_96_01.jpg": 0.37299925088882446, "8_28_96_02.jpg": 0.22015614807605743, "8_28_96_03.jpg": 0.15817368030548096, "8_28_96_04.jpg": 0.14673447608947754, "8_28_96_05.jpg": 0.1427040547132492}