{"8_92_40_01.jpg": 0.2475224733352661, "8_92_40_02.jpg": 0.22913898527622223, "8_92_40_03.jpg": 0.13352486491203308, "8_92_40_04.jpg": 0.07146177440881729, "8_92_40_05.jpg": 0.06018776074051857}