{"8_92_48_01.jpg": 0.4253094494342804, "8_92_48_02.jpg": 0.11046964675188065, "8_92_48_03.jpg": 0.09680497646331787, "8_92_48_04.jpg": 0.09549721330404282, "8_92_48_05.jpg": 0.09402021020650864}