{"8_80_96_01.jpg": 0.36472833156585693, "8_80_96_02.jpg": 0.34019261598587036, "8_80_96_03.jpg": 0.1937233805656433, "8_80_96_04.jpg": 0.17824631929397583, "8_80_96_05.jpg": 0.1621301919221878}