{"8_24_24_01.jpg": 0.22651304304599762, "8_24_24_02.jpg": 0.19919444620609283, "8_24_24_03.jpg": 0.17018617689609528, "8_24_24_04.jpg": 0.14526225626468658, "8_24_24_05.jpg": 0.13851328194141388}