{"8_12_68_01.jpg": 0.24057428538799286, "8_12_68_02.jpg": 0.19580411911010742, "8_12_68_03.jpg": 0.15476462244987488, "8_12_68_04.jpg": 0.15126633644104004, "8_12_68_05.jpg": 0.13251565396785736}