{"8_12_64_01.jpg": 0.572485625743866, "8_12_64_02.jpg": 0.3937690258026123, "8_12_64_03.jpg": 0.3848515748977661, "8_12_64_04.jpg": 0.2883772552013397, "8_12_64_05.jpg": 0.264938622713089}