{"8_40_68_01.jpg": 0.442217618227005, "8_40_68_02.jpg": 0.44182538986206055, "8_40_68_03.jpg": 0.3993103504180908, "8_40_68_04.jpg": 0.33692023158073425, "8_40_68_05.jpg": 0.232538640499115}