{"8_16_24_01.jpg": 0.3715963661670685, "8_16_24_02.jpg": 0.28910285234451294, "8_16_24_03.jpg": 0.268659383058548, "8_16_24_04.jpg": 0.21246343851089478, "8_16_24_05.jpg": 0.15134793519973755}