{"8_48_44_01.jpg": 0.29220476746559143, "8_48_44_02.jpg": 0.21601012349128723, "8_48_44_03.jpg": 0.20376600325107574, "8_48_44_04.jpg": 0.19255444407463074, "8_48_44_05.jpg": 0.15077443420886993}