{"8_64_56_01.jpg": 0.32408490777015686, "8_64_56_02.jpg": 0.25019216537475586, "8_64_56_03.jpg": 0.17395634949207306, "8_64_56_04.jpg": 0.15543566644191742, "8_64_56_05.jpg": 0.15018944442272186}