{"8_24_20_01.jpg": 0.18177430331707, "8_24_20_02.jpg": 0.12810665369033813, "8_24_20_03.jpg": 0.12179109454154968, "8_24_20_04.jpg": 0.11661461740732193, "8_24_20_05.jpg": 0.09438341110944748}