{"8_96_40_01.jpg": 0.3199259638786316, "8_96_40_02.jpg": 0.28621697425842285, "8_96_40_03.jpg": 0.22977904975414276, "8_96_40_04.jpg": 0.2234928160905838, "8_96_40_05.jpg": 0.21366584300994873}