{"8_96_76_01.jpg": 0.28173956274986267, "8_96_76_02.jpg": 0.10465219616889954, "8_96_76_03.jpg": 0.10421808809041977, "8_96_76_04.jpg": 0.09442024677991867, "8_96_76_05.jpg": 0.08892232179641724}