{"8_40_40_01.jpg": 0.34911173582077026, "8_40_40_02.jpg": 0.28236082196235657, "8_40_40_03.jpg": 0.20923542976379395, "8_40_40_04.jpg": 0.17623983323574066, "8_40_40_05.jpg": 0.1731795221567154}