{"8_80_28_01.jpg": 0.41170305013656616, "8_80_28_02.jpg": 0.338172972202301, "8_80_28_03.jpg": 0.3348372280597687, "8_80_28_04.jpg": 0.2631838321685791, "8_80_28_05.jpg": 0.2618506848812103}