{"8_96_64_01.jpg": 0.3432615399360657, "8_96_64_02.jpg": 0.325893372297287, "8_96_64_03.jpg": 0.2385936677455902, "8_96_64_04.jpg": 0.23704205453395844, "8_96_64_05.jpg": 0.1929072141647339}