{"8_36_16_01.jpg": 0.4226616621017456, "8_36_16_02.jpg": 0.23360726237297058, "8_36_16_03.jpg": 0.21197360754013062, "8_36_16_04.jpg": 0.19644571840763092, "8_36_16_05.jpg": 0.17929695546627045}