{"8_28_84_01.jpg": 0.3726997375488281, "8_28_84_02.jpg": 0.3171859085559845, "8_28_84_03.jpg": 0.15924400091171265, "8_28_84_04.jpg": 0.14711497724056244, "8_28_84_05.jpg": 0.1018097847700119}