{"8_60_44_01.jpg": 0.35117754340171814, "8_60_44_02.jpg": 0.33225470781326294, "8_60_44_03.jpg": 0.2982043921947479, "8_60_44_04.jpg": 0.2398311346769333, "8_60_44_05.jpg": 0.20398233830928802}