{"8_40_100_01.jpg": 0.34789103269577026, "8_40_100_02.jpg": 0.1494012027978897, "8_40_100_03.jpg": 0.1338256150484085, "8_40_100_04.jpg": 0.0957777351140976, "8_40_100_05.jpg": 0.08731008321046829}