{"8_40_28_01.jpg": 0.30443280935287476, "8_40_28_02.jpg": 0.1655016541481018, "8_40_28_03.jpg": 0.16432808339595795, "8_40_28_04.jpg": 0.15476828813552856, "8_40_28_05.jpg": 0.15180127322673798}