{"8_40_96_01.jpg": 0.32364776730537415, "8_40_96_02.jpg": 0.29778051376342773, "8_40_96_03.jpg": 0.24289831519126892, "8_40_96_04.jpg": 0.08879800885915756, "8_40_96_05.jpg": 0.08270184695720673}