{"8_80_64_01.jpg": 0.46842676401138306, "8_80_64_02.jpg": 0.2888566851615906, "8_80_64_03.jpg": 0.22091171145439148, "8_80_64_04.jpg": 0.1794118881225586, "8_80_64_05.jpg": 0.15941014885902405}