{"8_20_48_01.jpg": 0.37687888741493225, "8_20_48_02.jpg": 0.30138739943504333, "8_20_48_03.jpg": 0.23891225457191467, "8_20_48_04.jpg": 0.23049592971801758, "8_20_48_05.jpg": 0.15939921140670776}