{"8_44_44_01.jpg": 0.5368651151657104, "8_44_44_02.jpg": 0.29728052020072937, "8_44_44_03.jpg": 0.22011178731918335, "8_44_44_04.jpg": 0.17086462676525116, "8_44_44_05.jpg": 0.16671711206436157}