{"8_28_20_01.jpg": 0.3784211575984955, "8_28_20_02.jpg": 0.2935793101787567, "8_28_20_03.jpg": 0.2650681734085083, "8_28_20_04.jpg": 0.24981090426445007, "8_28_20_05.jpg": 0.1827574223279953}