{"8_80_16_01.jpg": 0.36763960123062134, "8_80_16_02.jpg": 0.2564121186733246, "8_80_16_03.jpg": 0.11411205679178238, "8_80_16_04.jpg": 0.09244424849748611, "8_80_16_05.jpg": 0.09070449322462082}