{"8_32_48_01.jpg": 0.46478381752967834, "8_32_48_02.jpg": 0.317940890789032, "8_32_48_03.jpg": 0.31696343421936035, "8_32_48_04.jpg": 0.2995102107524872, "8_32_48_05.jpg": 0.2980393171310425}