{"8_32_40_01.jpg": 0.5250389575958252, "8_32_40_02.jpg": 0.32883816957473755, "8_32_40_03.jpg": 0.2807132601737976, "8_32_40_04.jpg": 0.2178572416305542, "8_32_40_05.jpg": 0.21486037969589233}