{"8_80_44_01.jpg": 0.3428593575954437, "8_80_44_02.jpg": 0.2329585999250412, "8_80_44_03.jpg": 0.2063809037208557, "8_80_44_04.jpg": 0.18605844676494598, "8_80_44_05.jpg": 0.1690060943365097}