{"8_36_20_01.jpg": 0.2869204580783844, "8_36_20_02.jpg": 0.21539634466171265, "8_36_20_03.jpg": 0.11920392513275146, "8_36_20_04.jpg": 0.11215189099311829, "8_36_20_05.jpg": 0.10807083547115326}