{"8_68_8_01.jpg": 0.29799795150756836, "8_68_8_02.jpg": 0.14948546886444092, "8_68_8_03.jpg": 0.1293746381998062, "8_68_8_04.jpg": 0.1231691911816597, "8_68_8_05.jpg": 0.12016855180263519}