{"8_24_24_01.jpg": 0.4830336570739746, "8_24_24_02.jpg": 0.26825448870658875, "8_24_24_03.jpg": 0.2525562345981598, "8_24_24_04.jpg": 0.24377363920211792, "8_24_24_05.jpg": 0.18784581124782562}