{"8_64_44_01.jpg": 0.39187684655189514, "8_64_44_02.jpg": 0.33935868740081787, "8_64_44_03.jpg": 0.332253098487854, "8_64_44_04.jpg": 0.28079497814178467, "8_64_44_05.jpg": 0.2635207772254944}