{"8_64_80_01.jpg": 0.3625498414039612, "8_64_80_02.jpg": 0.28181833028793335, "8_64_80_03.jpg": 0.22166408598423004, "8_64_80_04.jpg": 0.1999891698360443, "8_64_80_05.jpg": 0.15378771722316742}