{"8_48_32_01.jpg": 0.4392784833908081, "8_48_32_02.jpg": 0.290371298789978, "8_48_32_03.jpg": 0.22660332918167114, "8_48_32_04.jpg": 0.2256108820438385, "8_48_32_05.jpg": 0.20536762475967407}