{"8_12_72_01.jpg": 0.37738707661628723, "8_12_72_02.jpg": 0.2562434673309326, "8_12_72_03.jpg": 0.13662922382354736, "8_12_72_04.jpg": 0.09801944345235825, "8_12_72_05.jpg": 0.09464611858129501}