{"8_64_104_01.jpg": 0.3079650402069092, "8_64_104_02.jpg": 0.1858726143836975, "8_64_104_03.jpg": 0.15679652988910675, "8_64_104_04.jpg": 0.1423478126525879, "8_64_104_05.jpg": 0.14014305174350739}