{"8_84_76_01.jpg": 0.22965720295906067, "8_84_76_02.jpg": 0.19215112924575806, "8_84_76_03.jpg": 0.1849246472120285, "8_84_76_04.jpg": 0.13818174600601196, "8_84_76_05.jpg": 0.13493357598781586}