{"8_56_32_01.jpg": 0.22896161675453186, "8_56_32_02.jpg": 0.16156697273254395, "8_56_32_03.jpg": 0.1521671712398529, "8_56_32_04.jpg": 0.14909037947654724, "8_56_32_05.jpg": 0.12912984192371368}