{"8_56_100_01.jpg": 0.29565852880477905, "8_56_100_02.jpg": 0.22940708696842194, "8_56_100_03.jpg": 0.2199936807155609, "8_56_100_04.jpg": 0.19792239367961884, "8_56_100_05.jpg": 0.15300442278385162}