{"8_64_72_01.jpg": 0.21893338859081268, "8_64_72_02.jpg": 0.17803001403808594, "8_64_72_03.jpg": 0.12245796620845795, "8_64_72_04.jpg": 0.10228636860847473, "8_64_72_05.jpg": 0.10172367841005325}