{"8_40_28_01.jpg": 0.41901129484176636, "8_40_28_02.jpg": 0.3189665675163269, "8_40_28_03.jpg": 0.3124958574771881, "8_40_28_04.jpg": 0.2897811830043793, "8_40_28_05.jpg": 0.2499372512102127}