{"8_60_36_01.jpg": 0.4678671956062317, "8_60_36_02.jpg": 0.27530473470687866, "8_60_36_03.jpg": 0.20872458815574646, "8_60_36_04.jpg": 0.20038408041000366, "8_60_36_05.jpg": 0.17164160311222076}