{"8_60_36_01.jpg": 0.46586212515830994, "8_60_36_02.jpg": 0.3309365510940552, "8_60_36_03.jpg": 0.19056592881679535, "8_60_36_04.jpg": 0.13507597148418427, "8_60_36_05.jpg": 0.12585215270519257}