{"8_56_92_01.jpg": 0.38130903244018555, "8_56_92_02.jpg": 0.35747843980789185, "8_56_92_03.jpg": 0.321580708026886, "8_56_92_04.jpg": 0.2725802958011627, "8_56_92_05.jpg": 0.2661656439304352}