{"8_68_88_01.jpg": 0.2891732156276703, "8_68_88_02.jpg": 0.2755218744277954, "8_68_88_03.jpg": 0.24084115028381348, "8_68_88_04.jpg": 0.16103710234165192, "8_68_88_05.jpg": 0.13119979202747345}