{"8_92_84_01.jpg": 0.4028075933456421, "8_92_84_02.jpg": 0.2940789461135864, "8_92_84_03.jpg": 0.2918018400669098, "8_92_84_04.jpg": 0.25458407402038574, "8_92_84_05.jpg": 0.16665443778038025}