{"8_56_84_01.jpg": 0.3029938340187073, "8_56_84_02.jpg": 0.1292634755373001, "8_56_84_03.jpg": 0.12566716969013214, "8_56_84_04.jpg": 0.11656268686056137, "8_56_84_05.jpg": 0.10513359308242798}