{"8_60_28_01.jpg": 0.4352371096611023, "8_60_28_02.jpg": 0.09998280555009842, "8_60_28_03.jpg": 0.09635592997074127, "8_60_28_04.jpg": 0.09117405861616135, "8_60_28_05.jpg": 0.07848918437957764}