{"8_80_88_01.jpg": 0.32982975244522095, "8_80_88_02.jpg": 0.17222221195697784, "8_80_88_03.jpg": 0.1553688496351242, "8_80_88_04.jpg": 0.14541690051555634, "8_80_88_05.jpg": 0.13738025724887848}