{"8_64_72_01.jpg": 0.27698904275894165, "8_64_72_02.jpg": 0.2239104062318802, "8_64_72_03.jpg": 0.16192950308322906, "8_64_72_04.jpg": 0.1614639014005661, "8_64_72_05.jpg": 0.12663477659225464}