{"8_60_52_01.jpg": 0.25945207476615906, "8_60_52_02.jpg": 0.18850857019424438, "8_60_52_03.jpg": 0.18170861899852753, "8_60_52_04.jpg": 0.16748903691768646, "8_60_52_05.jpg": 0.16435270011425018}