{"8_24_76_01.jpg": 0.4990772306919098, "8_24_76_02.jpg": 0.3622048795223236, "8_24_76_03.jpg": 0.32516685128211975, "8_24_76_04.jpg": 0.32493141293525696, "8_24_76_05.jpg": 0.3168516755104065}