{"8_48_48_01.jpg": 0.2970459461212158, "8_48_48_02.jpg": 0.2792668342590332, "8_48_48_03.jpg": 0.25881054997444153, "8_48_48_04.jpg": 0.2255840003490448, "8_48_48_05.jpg": 0.20963281393051147}