{"8_84_68_01.jpg": 0.2760710120201111, "8_84_68_02.jpg": 0.23031099140644073, "8_84_68_03.jpg": 0.19939254224300385, "8_84_68_04.jpg": 0.18718221783638, "8_84_68_05.jpg": 0.12236811220645905}