{"8_80_36_01.jpg": 0.6481819152832031, "8_80_36_02.jpg": 0.2808505892753601, "8_80_36_03.jpg": 0.20566172897815704, "8_80_36_04.jpg": 0.18937036395072937, "8_80_36_05.jpg": 0.18843048810958862}