{"8_64_80_01.jpg": 0.4504026174545288, "8_64_80_02.jpg": 0.37979984283447266, "8_64_80_03.jpg": 0.32305341958999634, "8_64_80_04.jpg": 0.27963197231292725, "8_64_80_05.jpg": 0.20175416767597198}