{"8_36_56_01.jpg": 0.17571896314620972, "8_36_56_02.jpg": 0.15683184564113617, "8_36_56_03.jpg": 0.1529414802789688, "8_36_56_04.jpg": 0.1402478665113449, "8_36_56_05.jpg": 0.11332076042890549}