{"8_76_36_01.jpg": 0.29260435700416565, "8_76_36_02.jpg": 0.18141815066337585, "8_76_36_03.jpg": 0.1807783991098404, "8_76_36_04.jpg": 0.15011721849441528, "8_76_36_05.jpg": 0.1471530646085739}