{"8_16_36_01.jpg": 0.29130709171295166, "8_16_36_02.jpg": 0.2805563807487488, "8_16_36_03.jpg": 0.22424361109733582, "8_16_36_04.jpg": 0.17518143355846405, "8_16_36_05.jpg": 0.12462468445301056}