{"8_32_80_01.jpg": 0.40445753931999207, "8_32_80_02.jpg": 0.3235224783420563, "8_32_80_03.jpg": 0.3019675016403198, "8_32_80_04.jpg": 0.2493630200624466, "8_32_80_05.jpg": 0.24003992974758148}