{"8_32_100_01.jpg": 0.30423325300216675, "8_32_100_02.jpg": 0.21608677506446838, "8_32_100_03.jpg": 0.19051770865917206, "8_32_100_04.jpg": 0.18743553757667542, "8_32_100_05.jpg": 0.17718395590782166}