{"8_68_40_01.jpg": 0.6547324657440186, "8_68_40_02.jpg": 0.19566011428833008, "8_68_40_03.jpg": 0.157352015376091, "8_68_40_04.jpg": 0.1268666833639145, "8_68_40_05.jpg": 0.12034645676612854}