{"8_80_24_01.jpg": 0.2533244490623474, "8_80_24_02.jpg": 0.2063053846359253, "8_80_24_03.jpg": 0.13917367160320282, "8_80_24_04.jpg": 0.0885860025882721, "8_80_24_05.jpg": 0.0788128525018692}