{"8_60_64_01.jpg": 0.41540607810020447, "8_60_64_02.jpg": 0.2863728702068329, "8_60_64_03.jpg": 0.27620768547058105, "8_60_64_04.jpg": 0.19797208905220032, "8_60_64_05.jpg": 0.18846210837364197}