{"8_44_12_01.jpg": 0.27069833874702454, "8_44_12_02.jpg": 0.20970965921878815, "8_44_12_03.jpg": 0.1845702826976776, "8_44_12_04.jpg": 0.13651525974273682, "8_44_12_05.jpg": 0.13158570230007172}