{"8_68_80_01.jpg": 0.2948119342327118, "8_68_80_02.jpg": 0.28131791949272156, "8_68_80_03.jpg": 0.24325038492679596, "8_68_80_04.jpg": 0.23518340289592743, "8_68_80_05.jpg": 0.11643917858600616}