{"8_32_40_01.jpg": 0.23813141882419586, "8_32_40_02.jpg": 0.12690535187721252, "8_32_40_03.jpg": 0.12017641216516495, "8_32_40_04.jpg": 0.11287028342485428, "8_32_40_05.jpg": 0.10558860749006271}