{"8_48_80_01.jpg": 0.3051079213619232, "8_48_80_02.jpg": 0.2705405354499817, "8_48_80_03.jpg": 0.25946110486984253, "8_48_80_04.jpg": 0.2294425517320633, "8_48_80_05.jpg": 0.18801595270633698}