{"8_12_64_01.jpg": 0.31728217005729675, "8_12_64_02.jpg": 0.2600573003292084, "8_12_64_03.jpg": 0.20315003395080566, "8_12_64_04.jpg": 0.18622545897960663, "8_12_64_05.jpg": 0.17124037444591522}