{"8_60_36_01.jpg": 0.4611109495162964, "8_60_36_02.jpg": 0.36592167615890503, "8_60_36_03.jpg": 0.31204602122306824, "8_60_36_04.jpg": 0.305792897939682, "8_60_36_05.jpg": 0.19556449353694916}