{"8_32_52_01.jpg": 0.3580706715583801, "8_32_52_02.jpg": 0.18739813566207886, "8_32_52_03.jpg": 0.17897792160511017, "8_32_52_04.jpg": 0.1588490903377533, "8_32_52_05.jpg": 0.14594276249408722}