{"8_48_28_01.jpg": 0.2846287786960602, "8_48_28_02.jpg": 0.19355417788028717, "8_48_28_03.jpg": 0.0894622951745987, "8_48_28_04.jpg": 0.08595007658004761, "8_48_28_05.jpg": 0.08450793474912643}