{"8_32_84_01.jpg": 0.3906230330467224, "8_32_84_02.jpg": 0.28987762331962585, "8_32_84_03.jpg": 0.2182779610157013, "8_32_84_04.jpg": 0.17910140752792358, "8_32_84_05.jpg": 0.17086786031723022}