{"8_44_56_01.jpg": 0.35011744499206543, "8_44_56_02.jpg": 0.2718920409679413, "8_44_56_03.jpg": 0.2525615096092224, "8_44_56_04.jpg": 0.20916154980659485, "8_44_56_05.jpg": 0.16521120071411133}