{"8_20_28_01.jpg": 0.3634231686592102, "8_20_28_02.jpg": 0.2702024579048157, "8_20_28_03.jpg": 0.2152296006679535, "8_20_28_04.jpg": 0.20719905197620392, "8_20_28_05.jpg": 0.1818966418504715}