{"8_76_60_01.jpg": 0.3557188808917999, "8_76_60_02.jpg": 0.23357845842838287, "8_76_60_03.jpg": 0.1273730844259262, "8_76_60_04.jpg": 0.10585272312164307, "8_76_60_05.jpg": 0.09669838100671768}