{"8_32_72_01.jpg": 0.4594169557094574, "8_32_72_02.jpg": 0.30840227007865906, "8_32_72_03.jpg": 0.23712459206581116, "8_32_72_04.jpg": 0.20703913271427155, "8_32_72_05.jpg": 0.19255603849887848}