{"8_20_84_01.jpg": 0.4546116590499878, "8_20_84_02.jpg": 0.21605663001537323, "8_20_84_03.jpg": 0.21157631278038025, "8_20_84_04.jpg": 0.21123427152633667, "8_20_84_05.jpg": 0.19627660512924194}