{"8_32_56_01.jpg": 0.3868066966533661, "8_32_56_02.jpg": 0.1813727617263794, "8_32_56_03.jpg": 0.17501717805862427, "8_32_56_04.jpg": 0.1397387534379959, "8_32_56_05.jpg": 0.13958503305912018}