{"8_56_16_01.jpg": 0.5305940508842468, "8_56_16_02.jpg": 0.36693859100341797, "8_56_16_03.jpg": 0.2882520258426666, "8_56_16_04.jpg": 0.24213750660419464, "8_56_16_05.jpg": 0.240800142288208}