{"8_64_56_01.jpg": 0.5336308479309082, "8_64_56_02.jpg": 0.15145552158355713, "8_64_56_03.jpg": 0.12192084640264511, "8_64_56_04.jpg": 0.1187603622674942, "8_64_56_05.jpg": 0.1091630682349205}