{"8_24_84_01.jpg": 0.29786157608032227, "8_24_84_02.jpg": 0.28883597254753113, "8_24_84_03.jpg": 0.26242759823799133, "8_24_84_04.jpg": 0.17743158340454102, "8_24_84_05.jpg": 0.1713874191045761}