{"8_28_28_01.jpg": 0.29758185148239136, "8_28_28_02.jpg": 0.28400754928588867, "8_28_28_03.jpg": 0.20220862329006195, "8_28_28_04.jpg": 0.1964033842086792, "8_28_28_05.jpg": 0.16838574409484863}