{"8_52_88_01.jpg": 0.3242568075656891, "8_52_88_02.jpg": 0.2874179184436798, "8_52_88_03.jpg": 0.20598271489143372, "8_52_88_04.jpg": 0.18969151377677917, "8_52_88_05.jpg": 0.14122076332569122}