{"8_36_40_01.jpg": 0.3127804696559906, "8_36_40_02.jpg": 0.30594828724861145, "8_36_40_03.jpg": 0.30155444145202637, "8_36_40_04.jpg": 0.2854860723018646, "8_36_40_05.jpg": 0.2853027284145355}