{"8_56_96_01.jpg": 0.3607752323150635, "8_56_96_02.jpg": 0.328457236289978, "8_56_96_03.jpg": 0.24652282893657684, "8_56_96_04.jpg": 0.24313700199127197, "8_56_96_05.jpg": 0.22540418803691864}