{"8_80_32_01.jpg": 0.3044239580631256, "8_80_32_02.jpg": 0.1946478933095932, "8_80_32_03.jpg": 0.14483915269374847, "8_80_32_04.jpg": 0.13443386554718018, "8_80_32_05.jpg": 0.13387109339237213}