{"8_36_52_01.jpg": 0.3044750392436981, "8_36_52_02.jpg": 0.24063126742839813, "8_36_52_03.jpg": 0.15306468307971954, "8_36_52_04.jpg": 0.14798176288604736, "8_36_52_05.jpg": 0.1431586891412735}