{"8_24_80_01.jpg": 0.39985379576683044, "8_24_80_02.jpg": 0.283432275056839, "8_24_80_03.jpg": 0.27025479078292847, "8_24_80_04.jpg": 0.21659335494041443, "8_24_80_05.jpg": 0.18366768956184387}