{"8_16_36_01.jpg": 0.3316710293292999, "8_16_36_02.jpg": 0.2776854932308197, "8_16_36_03.jpg": 0.2566169798374176, "8_16_36_04.jpg": 0.12620919942855835, "8_16_36_05.jpg": 0.09420139342546463}