{"8_52_28_01.jpg": 0.1831328570842743, "8_52_28_02.jpg": 0.17544786632061005, "8_52_28_03.jpg": 0.14555606245994568, "8_52_28_04.jpg": 0.11999287456274033, "8_52_28_05.jpg": 0.101090207695961}