{"8_48_80_01.jpg": 0.3978606164455414, "8_48_80_02.jpg": 0.3043185770511627, "8_48_80_03.jpg": 0.20066335797309875, "8_48_80_04.jpg": 0.11842262744903564, "8_48_80_05.jpg": 0.1019730269908905}