{"8_60_76_01.jpg": 0.399484246969223, "8_60_76_02.jpg": 0.20222720503807068, "8_60_76_03.jpg": 0.1891825795173645, "8_60_76_04.jpg": 0.17095397412776947, "8_60_76_05.jpg": 0.1669609248638153}