{"8_44_96_01.jpg": 0.25992557406425476, "8_44_96_02.jpg": 0.25804510712623596, "8_44_96_03.jpg": 0.138595312833786, "8_44_96_04.jpg": 0.11611010879278183, "8_44_96_05.jpg": 0.1113053634762764}