{"8_36_56_01.jpg": 0.3955073356628418, "8_36_56_02.jpg": 0.1848025619983673, "8_36_56_03.jpg": 0.18448282778263092, "8_36_56_04.jpg": 0.15970531105995178, "8_36_56_05.jpg": 0.11977258324623108}