{"8_84_84_01.jpg": 0.34069275856018066, "8_84_84_02.jpg": 0.3244730532169342, "8_84_84_03.jpg": 0.30756133794784546, "8_84_84_04.jpg": 0.23572677373886108, "8_84_84_05.jpg": 0.14016690850257874}