{"8_64_96_01.jpg": 0.3890117406845093, "8_64_96_02.jpg": 0.3760571777820587, "8_64_96_03.jpg": 0.24398626387119293, "8_64_96_04.jpg": 0.22357277572155, "8_64_96_05.jpg": 0.21011336147785187}