{"8_60_24_01.jpg": 0.2919802665710449, "8_60_24_02.jpg": 0.27361050248146057, "8_60_24_03.jpg": 0.14798052608966827, "8_60_24_04.jpg": 0.13819417357444763, "8_60_24_05.jpg": 0.1325533390045166}