{"8_36_68_01.jpg": 0.2918359041213989, "8_36_68_02.jpg": 0.2528226375579834, "8_36_68_03.jpg": 0.2445993423461914, "8_36_68_04.jpg": 0.20862914621829987, "8_36_68_05.jpg": 0.191658154129982}