{"8_60_28_01.jpg": 0.31564226746559143, "8_60_28_02.jpg": 0.22874122858047485, "8_60_28_03.jpg": 0.19682465493679047, "8_60_28_04.jpg": 0.1688116490840912, "8_60_28_05.jpg": 0.12166839092969894}