{"8_52_24_01.jpg": 0.4551180303096771, "8_52_24_02.jpg": 0.3233412802219391, "8_52_24_03.jpg": 0.24928933382034302, "8_52_24_04.jpg": 0.24440997838974, "8_52_24_05.jpg": 0.2348344773054123}