{"8_76_72_01.jpg": 0.6355980634689331, "8_76_72_02.jpg": 0.38533008098602295, "8_76_72_03.jpg": 0.3523832857608795, "8_76_72_04.jpg": 0.1789940446615219, "8_76_72_05.jpg": 0.16263727843761444}