{"8_24_56_01.jpg": 0.41141995787620544, "8_24_56_02.jpg": 0.29221367835998535, "8_24_56_03.jpg": 0.2121206521987915, "8_24_56_04.jpg": 0.16868235170841217, "8_24_56_05.jpg": 0.16495373845100403}