{"8_60_32_01.jpg": 0.41175577044487, "8_60_32_02.jpg": 0.18025539815425873, "8_60_32_03.jpg": 0.17852921783924103, "8_60_32_04.jpg": 0.16226115822792053, "8_60_32_05.jpg": 0.13598623871803284}