{"8_72_32_01.jpg": 0.5554702877998352, "8_72_32_02.jpg": 0.2101001739501953, "8_72_32_03.jpg": 0.18778453767299652, "8_72_32_04.jpg": 0.1828882247209549, "8_72_32_05.jpg": 0.16980873048305511}