{"8_52_96_01.jpg": 0.23162001371383667, "8_52_96_02.jpg": 0.1807354837656021, "8_52_96_03.jpg": 0.17630769312381744, "8_52_96_04.jpg": 0.16876763105392456, "8_52_96_05.jpg": 0.15933485329151154}