{"8_44_32_01.jpg": 0.2798502743244171, "8_44_32_02.jpg": 0.2516089975833893, "8_44_32_03.jpg": 0.15619012713432312, "8_44_32_04.jpg": 0.15158475935459137, "8_44_32_05.jpg": 0.13894285261631012}