{"8_60_84_01.jpg": 0.3843059241771698, "8_60_84_02.jpg": 0.2802453637123108, "8_60_84_03.jpg": 0.24286605417728424, "8_60_84_04.jpg": 0.24118463695049286, "8_60_84_05.jpg": 0.18768581748008728}