{"8_56_72_01.jpg": 0.48115524649620056, "8_56_72_02.jpg": 0.39570802450180054, "8_56_72_03.jpg": 0.3294203281402588, "8_56_72_04.jpg": 0.3208717405796051, "8_56_72_05.jpg": 0.2965817451477051}