{"8_64_12_01.jpg": 0.40487945079803467, "8_64_12_02.jpg": 0.27390527725219727, "8_64_12_03.jpg": 0.21983186900615692, "8_64_12_04.jpg": 0.1974559873342514, "8_64_12_05.jpg": 0.19170188903808594}