{"8_12_40_01.jpg": 0.30462411046028137, "8_12_40_02.jpg": 0.1795807182788849, "8_12_40_03.jpg": 0.14280258119106293, "8_12_40_04.jpg": 0.14030613005161285, "8_12_40_05.jpg": 0.1215951219201088}