{"8_44_60_01.jpg": 0.6409307718276978, "8_44_60_02.jpg": 0.1752225160598755, "8_44_60_03.jpg": 0.13279156386852264, "8_44_60_04.jpg": 0.11962274461984634, "8_44_60_05.jpg": 0.11418693512678146}