{"8_28_36_01.jpg": 0.2745512127876282, "8_28_36_02.jpg": 0.15953868627548218, "8_28_36_03.jpg": 0.14398345351219177, "8_28_36_04.jpg": 0.1354273408651352, "8_28_36_05.jpg": 0.1277420073747635}