{"8_56_20_01.jpg": 0.27689695358276367, "8_56_20_02.jpg": 0.21854336559772491, "8_56_20_03.jpg": 0.19705544412136078, "8_56_20_04.jpg": 0.1552964299917221, "8_56_20_05.jpg": 0.1551429033279419}