{"8_28_48_01.jpg": 0.4399251341819763, "8_28_48_02.jpg": 0.3771924674510956, "8_28_48_03.jpg": 0.3293704390525818, "8_28_48_04.jpg": 0.28192511200904846, "8_28_48_05.jpg": 0.22905029356479645}