{"8_40_88_01.jpg": 0.3685779869556427, "8_40_88_02.jpg": 0.267116516828537, "8_40_88_03.jpg": 0.2427237331867218, "8_40_88_04.jpg": 0.1788601279258728, "8_40_88_05.jpg": 0.17738139629364014}