{"8_72_36_01.jpg": 0.4151638448238373, "8_72_36_02.jpg": 0.3399338126182556, "8_72_36_03.jpg": 0.3234198987483978, "8_72_36_04.jpg": 0.3029382824897766, "8_72_36_05.jpg": 0.2946873605251312}