{"8_48_44_01.jpg": 0.4143051207065582, "8_48_44_02.jpg": 0.28868138790130615, "8_48_44_03.jpg": 0.2804616093635559, "8_48_44_04.jpg": 0.2521262764930725, "8_48_44_05.jpg": 0.20471203327178955}