{"8_32_28_01.jpg": 0.257414311170578, "8_32_28_02.jpg": 0.182929128408432, "8_32_28_03.jpg": 0.1736270636320114, "8_32_28_04.jpg": 0.1179889664053917, "8_32_28_05.jpg": 0.11353356391191483}