{"8_28_48_01.jpg": 0.3142446279525757, "8_28_48_02.jpg": 0.2057988941669464, "8_28_48_03.jpg": 0.18262064456939697, "8_28_48_04.jpg": 0.17444100975990295, "8_28_48_05.jpg": 0.14776234328746796}