{"8_68_92_01.jpg": 0.23964302241802216, "8_68_92_02.jpg": 0.2105039656162262, "8_68_92_03.jpg": 0.16442593932151794, "8_68_92_04.jpg": 0.08555415272712708, "8_68_92_05.jpg": 0.08401448279619217}