{"8_16_84_01.jpg": 0.22501499950885773, "8_16_84_02.jpg": 0.16136430203914642, "8_16_84_03.jpg": 0.14785832166671753, "8_16_84_04.jpg": 0.1367155760526657, "8_16_84_05.jpg": 0.13482306897640228}