{"8_52_64_01.jpg": 0.2552007734775543, "8_52_64_02.jpg": 0.16090767085552216, "8_52_64_03.jpg": 0.14403992891311646, "8_52_64_04.jpg": 0.14233550429344177, "8_52_64_05.jpg": 0.11570823192596436}