{"8_84_44_01.jpg": 0.31306713819503784, "8_84_44_02.jpg": 0.21429362893104553, "8_84_44_03.jpg": 0.20795279741287231, "8_84_44_04.jpg": 0.20607128739356995, "8_84_44_05.jpg": 0.1628454625606537}