{"8_36_32_01.jpg": 0.35345807671546936, "8_36_32_02.jpg": 0.1586083471775055, "8_36_32_03.jpg": 0.10605371743440628, "8_36_32_04.jpg": 0.09778325259685516, "8_36_32_05.jpg": 0.0919102355837822}