{"8_72_88_01.jpg": 0.4465937614440918, "8_72_88_02.jpg": 0.4326641261577606, "8_72_88_03.jpg": 0.40815234184265137, "8_72_88_04.jpg": 0.3279988169670105, "8_72_88_05.jpg": 0.2778274118900299}