{"8_36_16_01.jpg": 0.35697147250175476, "8_36_16_02.jpg": 0.22775672376155853, "8_36_16_03.jpg": 0.21323324739933014, "8_36_16_04.jpg": 0.18607790768146515, "8_36_16_05.jpg": 0.16793511807918549}