{"8_28_96_01.jpg": 0.3936876356601715, "8_28_96_02.jpg": 0.19068241119384766, "8_28_96_03.jpg": 0.1629272848367691, "8_28_96_04.jpg": 0.13841404020786285, "8_28_96_05.jpg": 0.1358233541250229}