{"8_36_44_01.jpg": 0.3979482054710388, "8_36_44_02.jpg": 0.27232879400253296, "8_36_44_03.jpg": 0.16589125990867615, "8_36_44_04.jpg": 0.15787233412265778, "8_36_44_05.jpg": 0.1267867535352707}