{"8_64_92_01.jpg": 0.5301927924156189, "8_64_92_02.jpg": 0.34628280997276306, "8_64_92_03.jpg": 0.32634490728378296, "8_64_92_04.jpg": 0.2686503827571869, "8_64_92_05.jpg": 0.1816641241312027}