{"8_24_84_01.jpg": 0.21768273413181305, "8_24_84_02.jpg": 0.20748592913150787, "8_24_84_03.jpg": 0.13140982389450073, "8_24_84_04.jpg": 0.11832772195339203, "8_24_84_05.jpg": 0.11437003314495087}