{"8_52_36_01.jpg": 0.24543698132038116, "8_52_36_02.jpg": 0.17050319910049438, "8_52_36_03.jpg": 0.15280663967132568, "8_52_36_04.jpg": 0.1154664009809494, "8_52_36_05.jpg": 0.09223992377519608}