{"8_64_12_01.jpg": 0.23600991070270538, "8_64_12_02.jpg": 0.18890801072120667, "8_64_12_03.jpg": 0.15535712242126465, "8_64_12_04.jpg": 0.1363794207572937, "8_64_12_05.jpg": 0.13024435937404633}