{"8_52_52_01.jpg": 0.22268542647361755, "8_52_52_02.jpg": 0.1167776808142662, "8_52_52_03.jpg": 0.11641497910022736, "8_52_52_04.jpg": 0.10178371518850327, "8_52_52_05.jpg": 0.08548198640346527}