{"8_60_52_01.jpg": 0.33804237842559814, "8_60_52_02.jpg": 0.24951836466789246, "8_60_52_03.jpg": 0.24830691516399384, "8_60_52_04.jpg": 0.24730688333511353, "8_60_52_05.jpg": 0.24095335602760315}