{"8_32_20_01.jpg": 0.31880298256874084, "8_32_20_02.jpg": 0.23423323035240173, "8_32_20_03.jpg": 0.22359585762023926, "8_32_20_04.jpg": 0.1979980319738388, "8_32_20_05.jpg": 0.17844034731388092}