{"8_104_64_01.jpg": 0.23911027610301971, "8_104_64_02.jpg": 0.10290036350488663, "8_104_64_03.jpg": 0.09604562819004059, "8_104_64_04.jpg": 0.08884792774915695, "8_104_64_05.jpg": 0.08557648211717606}