{"8_36_80_01.jpg": 0.700584352016449, "8_36_80_02.jpg": 0.4149371385574341, "8_36_80_03.jpg": 0.21932712197303772, "8_36_80_04.jpg": 0.1625855416059494, "8_36_80_05.jpg": 0.11395743489265442}