{"8_64_28_01.jpg": 0.4070325195789337, "8_64_28_02.jpg": 0.3724071681499481, "8_64_28_03.jpg": 0.33067888021469116, "8_64_28_04.jpg": 0.31470611691474915, "8_64_28_05.jpg": 0.29502299427986145}