{"8_32_80_01.jpg": 0.350364089012146, "8_32_80_02.jpg": 0.3097415268421173, "8_32_80_03.jpg": 0.29126235842704773, "8_32_80_04.jpg": 0.25053104758262634, "8_32_80_05.jpg": 0.24228376150131226}