{"8_92_48_01.jpg": 0.31622999906539917, "8_92_48_02.jpg": 0.2365638166666031, "8_92_48_03.jpg": 0.2154918909072876, "8_92_48_04.jpg": 0.21378180384635925, "8_92_48_05.jpg": 0.17074301838874817}