{"8_28_48_01.jpg": 0.4251783788204193, "8_28_48_02.jpg": 0.23256900906562805, "8_28_48_03.jpg": 0.17057903110980988, "8_28_48_04.jpg": 0.1472378820180893, "8_28_48_05.jpg": 0.14274606108665466}