{"8_8_44_01.jpg": 0.27289247512817383, "8_8_44_02.jpg": 0.26886001229286194, "8_8_44_03.jpg": 0.22625207901000977, "8_8_44_04.jpg": 0.2178785353899002, "8_8_44_05.jpg": 0.20139393210411072}