{"8_28_52_01.jpg": 0.1827484667301178, "8_28_52_02.jpg": 0.12239264696836472, "8_28_52_03.jpg": 0.11303888261318207, "8_28_52_04.jpg": 0.07474743574857712, "8_28_52_05.jpg": 0.07134610414505005}