{"8_44_64_01.jpg": 0.2518937289714813, "8_44_64_02.jpg": 0.23648497462272644, "8_44_64_03.jpg": 0.22716422379016876, "8_44_64_04.jpg": 0.18687528371810913, "8_44_64_05.jpg": 0.14569520950317383}