{"8_68_84_01.jpg": 0.28244537115097046, "8_68_84_02.jpg": 0.16737544536590576, "8_68_84_03.jpg": 0.1571953445672989, "8_68_84_04.jpg": 0.148092582821846, "8_68_84_05.jpg": 0.1468808799982071}