{"8_20_72_01.jpg": 0.22255459427833557, "8_20_72_02.jpg": 0.16937018930912018, "8_20_72_03.jpg": 0.10183189064264297, "8_20_72_04.jpg": 0.09160041064023972, "8_20_72_05.jpg": 0.08701330423355103}