{"8_96_36_01.jpg": 0.25027355551719666, "8_96_36_02.jpg": 0.20067207515239716, "8_96_36_03.jpg": 0.1732088327407837, "8_96_36_04.jpg": 0.13847601413726807, "8_96_36_05.jpg": 0.12435799092054367}