{"8_72_76_01.jpg": 0.24532414972782135, "8_72_76_02.jpg": 0.21182876825332642, "8_72_76_03.jpg": 0.13934530317783356, "8_72_76_04.jpg": 0.1274576485157013, "8_72_76_05.jpg": 0.10365734249353409}