{"8_64_44_01.jpg": 0.3382681608200073, "8_64_44_02.jpg": 0.2543295919895172, "8_64_44_03.jpg": 0.1298852115869522, "8_64_44_04.jpg": 0.11218976229429245, "8_64_44_05.jpg": 0.11142373085021973}