{"8_44_28_01.jpg": 0.29985055327415466, "8_44_28_02.jpg": 0.24549226462841034, "8_44_28_03.jpg": 0.23062272369861603, "8_44_28_04.jpg": 0.14287425577640533, "8_44_28_05.jpg": 0.1310417354106903}