{"8_76_80_01.jpg": 0.28308072686195374, "8_76_80_02.jpg": 0.17100349068641663, "8_76_80_03.jpg": 0.13765446841716766, "8_76_80_04.jpg": 0.10271680355072021, "8_76_80_05.jpg": 0.08339843899011612}