{"8_48_56_01.jpg": 0.25783905386924744, "8_48_56_02.jpg": 0.22171564400196075, "8_48_56_03.jpg": 0.18098211288452148, "8_48_56_04.jpg": 0.14374512434005737, "8_48_56_05.jpg": 0.13845698535442352}