{"8_28_88_01.jpg": 0.32360953092575073, "8_28_88_02.jpg": 0.23486953973770142, "8_28_88_03.jpg": 0.218560591340065, "8_28_88_04.jpg": 0.17808660864830017, "8_28_88_05.jpg": 0.130037322640419}