{"8_60_56_01.jpg": 0.30506792664527893, "8_60_56_02.jpg": 0.26383841037750244, "8_60_56_03.jpg": 0.18654000759124756, "8_60_56_04.jpg": 0.15938816964626312, "8_60_56_05.jpg": 0.15231651067733765}