{"8_92_72_01.jpg": 0.3965335190296173, "8_92_72_02.jpg": 0.25156474113464355, "8_92_72_03.jpg": 0.21838738024234772, "8_92_72_04.jpg": 0.19506360590457916, "8_92_72_05.jpg": 0.16310496628284454}