{"8_24_48_01.jpg": 0.22118991613388062, "8_24_48_02.jpg": 0.16685964167118073, "8_24_48_03.jpg": 0.1365315020084381, "8_24_48_04.jpg": 0.11789263784885406, "8_24_48_05.jpg": 0.11325565725564957}