{"8_36_96_01.jpg": 0.22857366502285004, "8_36_96_02.jpg": 0.18608495593070984, "8_36_96_03.jpg": 0.17279793322086334, "8_36_96_04.jpg": 0.1642344743013382, "8_36_96_05.jpg": 0.1220158040523529}