{"8_56_96_01.jpg": 0.5295574069023132, "8_56_96_02.jpg": 0.22827331721782684, "8_56_96_03.jpg": 0.19592531025409698, "8_56_96_04.jpg": 0.19243769347667694, "8_56_96_05.jpg": 0.1885177195072174}