{"8_20_48_01.jpg": 0.26241618394851685, "8_20_48_02.jpg": 0.2474004179239273, "8_20_48_03.jpg": 0.24118521809577942, "8_20_48_04.jpg": 0.1403406262397766, "8_20_48_05.jpg": 0.13627295196056366}