{"8_60_96_01.jpg": 0.473539799451828, "8_60_96_02.jpg": 0.30429962277412415, "8_60_96_03.jpg": 0.28831952810287476, "8_60_96_04.jpg": 0.25949838757514954, "8_60_96_05.jpg": 0.25158682465553284}