{"8_28_44_01.jpg": 0.2725500762462616, "8_28_44_02.jpg": 0.20116886496543884, "8_28_44_03.jpg": 0.18643461167812347, "8_28_44_04.jpg": 0.18296319246292114, "8_28_44_05.jpg": 0.1801595240831375}