{"8_36_64_01.jpg": 0.22507929801940918, "8_36_64_02.jpg": 0.21294380724430084, "8_36_64_03.jpg": 0.16863016784191132, "8_36_64_04.jpg": 0.16389122605323792, "8_36_64_05.jpg": 0.1326802670955658}