{"8_68_84_01.jpg": 0.42423465847969055, "8_68_84_02.jpg": 0.31530749797821045, "8_68_84_03.jpg": 0.2983207106590271, "8_68_84_04.jpg": 0.20670336484909058, "8_68_84_05.jpg": 0.1599966585636139}