{"8_84_36_01.jpg": 0.6330121159553528, "8_84_36_02.jpg": 0.2912937104701996, "8_84_36_03.jpg": 0.28199097514152527, "8_84_36_04.jpg": 0.23832133412361145, "8_84_36_05.jpg": 0.22422337532043457}