{"8_72_96_01.jpg": 0.45565134286880493, "8_72_96_02.jpg": 0.40107664465904236, "8_72_96_03.jpg": 0.3008365035057068, "8_72_96_04.jpg": 0.26875096559524536, "8_72_96_05.jpg": 0.24846188724040985}