{"8_36_40_01.jpg": 0.32981422543525696, "8_36_40_02.jpg": 0.29494449496269226, "8_36_40_03.jpg": 0.13308916985988617, "8_36_40_04.jpg": 0.12768828868865967, "8_36_40_05.jpg": 0.1231355145573616}