{"8_64_84_01.jpg": 0.34465962648391724, "8_64_84_02.jpg": 0.2607463598251343, "8_64_84_03.jpg": 0.16532355546951294, "8_64_84_04.jpg": 0.1343390792608261, "8_64_84_05.jpg": 0.11517775803804398}