{"8_80_32_01.jpg": 0.40058404207229614, "8_80_32_02.jpg": 0.31724947690963745, "8_80_32_03.jpg": 0.26408684253692627, "8_80_32_04.jpg": 0.2485954314470291, "8_80_32_05.jpg": 0.22978141903877258}