{"8_60_32_01.jpg": 0.443501353263855, "8_60_32_02.jpg": 0.21503402292728424, "8_60_32_03.jpg": 0.17851047217845917, "8_60_32_04.jpg": 0.15285439789295197, "8_60_32_05.jpg": 0.12231384217739105}