{"8_44_8_01.jpg": 0.24432319402694702, "8_44_8_02.jpg": 0.1912088841199875, "8_44_8_03.jpg": 0.1478690803050995, "8_44_8_04.jpg": 0.14348655939102173, "8_44_8_05.jpg": 0.13954047858715057}