{"8_44_80_01.jpg": 0.4064583480358124, "8_44_80_02.jpg": 0.32463791966438293, "8_44_80_03.jpg": 0.29481881856918335, "8_44_80_04.jpg": 0.25088831782341003, "8_44_80_05.jpg": 0.23361200094223022}