{"8_28_40_01.jpg": 0.2892858684062958, "8_28_40_02.jpg": 0.21791905164718628, "8_28_40_03.jpg": 0.16533008217811584, "8_28_40_04.jpg": 0.15409331023693085, "8_28_40_05.jpg": 0.1539449542760849}