{"8_44_16_01.jpg": 0.2625177204608917, "8_44_16_02.jpg": 0.2228790670633316, "8_44_16_03.jpg": 0.2017229050397873, "8_44_16_04.jpg": 0.09750626981258392, "8_44_16_05.jpg": 0.08799239248037338}