{"8_60_20_01.jpg": 0.2646424174308777, "8_60_20_02.jpg": 0.24828150868415833, "8_60_20_03.jpg": 0.17250995337963104, "8_60_20_04.jpg": 0.15676233172416687, "8_60_20_05.jpg": 0.15376782417297363}