{"8_28_88_01.jpg": 0.4064798057079315, "8_28_88_02.jpg": 0.16718311607837677, "8_28_88_03.jpg": 0.11085253953933716, "8_28_88_04.jpg": 0.09389932453632355, "8_28_88_05.jpg": 0.08116644620895386}