{"8_68_68_01.jpg": 0.25514715909957886, "8_68_68_02.jpg": 0.10579775273799896, "8_68_68_03.jpg": 0.10432538390159607, "8_68_68_04.jpg": 0.0933401808142662, "8_68_68_05.jpg": 0.09321114420890808}