{"8_48_64_01.jpg": 0.46112364530563354, "8_48_64_02.jpg": 0.3598684072494507, "8_48_64_03.jpg": 0.3405745327472687, "8_48_64_04.jpg": 0.30862700939178467, "8_48_64_05.jpg": 0.22875776886940002}