{"8_76_76_01.jpg": 0.3970448672771454, "8_76_76_02.jpg": 0.3223389983177185, "8_76_76_03.jpg": 0.29351064562797546, "8_76_76_04.jpg": 0.1823568195104599, "8_76_76_05.jpg": 0.10386678576469421}