{"8_92_24_01.jpg": 0.2086298018693924, "8_92_24_02.jpg": 0.16050149500370026, "8_92_24_03.jpg": 0.1504402905702591, "8_92_24_04.jpg": 0.13938696682453156, "8_92_24_05.jpg": 0.10364500433206558}