{"8_64_24_01.jpg": 0.34941214323043823, "8_64_24_02.jpg": 0.30954527854919434, "8_64_24_03.jpg": 0.20848451554775238, "8_64_24_04.jpg": 0.1933072805404663, "8_64_24_05.jpg": 0.1831887662410736}