{"8_20_68_01.jpg": 0.26209428906440735, "8_20_68_02.jpg": 0.23174415528774261, "8_20_68_03.jpg": 0.2267819494009018, "8_20_68_04.jpg": 0.2173389047384262, "8_20_68_05.jpg": 0.16159862279891968}