{"8_60_64_01.jpg": 0.3992101550102234, "8_60_64_02.jpg": 0.294228196144104, "8_60_64_03.jpg": 0.26091817021369934, "8_60_64_04.jpg": 0.2417117953300476, "8_60_64_05.jpg": 0.2385292500257492}