{"8_28_64_01.jpg": 0.34791696071624756, "8_28_64_02.jpg": 0.31411340832710266, "8_28_64_03.jpg": 0.26466551423072815, "8_28_64_04.jpg": 0.25758302211761475, "8_28_64_05.jpg": 0.24400560557842255}