{"8_20_48_01.jpg": 0.2767871916294098, "8_20_48_02.jpg": 0.13092392683029175, "8_20_48_03.jpg": 0.11388523876667023, "8_20_48_04.jpg": 0.10151878744363785, "8_20_48_05.jpg": 0.09485986083745956}