{"8_76_28_01.jpg": 0.35869133472442627, "8_76_28_02.jpg": 0.3440673351287842, "8_76_28_03.jpg": 0.2557732164859772, "8_76_28_04.jpg": 0.19025203585624695, "8_76_28_05.jpg": 0.15469248592853546}