{"8_84_60_01.jpg": 0.34064722061157227, "8_84_60_02.jpg": 0.337289422750473, "8_84_60_03.jpg": 0.13324375450611115, "8_84_60_04.jpg": 0.1313725709915161, "8_84_60_05.jpg": 0.12268766015768051}