{"8_76_36_01.jpg": 0.34126386046409607, "8_76_36_02.jpg": 0.28814607858657837, "8_76_36_03.jpg": 0.21153923869132996, "8_76_36_04.jpg": 0.19576920568943024, "8_76_36_05.jpg": 0.16893596947193146}