{"8_36_76_01.jpg": 0.4521099925041199, "8_36_76_02.jpg": 0.37199780344963074, "8_36_76_03.jpg": 0.3154994249343872, "8_36_76_04.jpg": 0.2933218479156494, "8_36_76_05.jpg": 0.2921065092086792}