{"8_36_32_01.jpg": 0.3983764350414276, "8_36_32_02.jpg": 0.33585089445114136, "8_36_32_03.jpg": 0.20666711032390594, "8_36_32_04.jpg": 0.14084313809871674, "8_36_32_05.jpg": 0.11961942911148071}