{"8_20_80_01.jpg": 0.2433527261018753, "8_20_80_02.jpg": 0.1258106827735901, "8_20_80_03.jpg": 0.10930769890546799, "8_20_80_04.jpg": 0.10170761495828629, "8_20_80_05.jpg": 0.09808855503797531}