{"8_96_88_01.jpg": 0.24249739944934845, "8_96_88_02.jpg": 0.0928206741809845, "8_96_88_03.jpg": 0.08352408558130264, "8_96_88_04.jpg": 0.07431609183549881, "8_96_88_05.jpg": 0.07212723791599274}