{"8_84_28_01.jpg": 0.3149389922618866, "8_84_28_02.jpg": 0.299874484539032, "8_84_28_03.jpg": 0.2512948215007782, "8_84_28_04.jpg": 0.22839829325675964, "8_84_28_05.jpg": 0.21893663704395294}