{"8_44_56_01.jpg": 0.26198485493659973, "8_44_56_02.jpg": 0.24275919795036316, "8_44_56_03.jpg": 0.22333796322345734, "8_44_56_04.jpg": 0.13483533263206482, "8_44_56_05.jpg": 0.13051556050777435}