{"8_76_80_01.jpg": 0.38908877968788147, "8_76_80_02.jpg": 0.2353125512599945, "8_76_80_03.jpg": 0.16476190090179443, "8_76_80_04.jpg": 0.159434974193573, "8_76_80_05.jpg": 0.055248383432626724}