{"8_84_48_01.jpg": 0.31037595868110657, "8_84_48_02.jpg": 0.2496403306722641, "8_84_48_03.jpg": 0.20691204071044922, "8_84_48_04.jpg": 0.15805892646312714, "8_84_48_05.jpg": 0.12587979435920715}