{"8_68_24_01.jpg": 0.42475324869155884, "8_68_24_02.jpg": 0.15724851191043854, "8_68_24_03.jpg": 0.14066588878631592, "8_68_24_04.jpg": 0.10431122779846191, "8_68_24_05.jpg": 0.07652205228805542}