{"8_12_72_01.jpg": 0.25843513011932373, "8_12_72_02.jpg": 0.20213748514652252, "8_12_72_03.jpg": 0.1826637089252472, "8_12_72_04.jpg": 0.15968897938728333, "8_12_72_05.jpg": 0.14734913408756256}