{"8_56_52_01.jpg": 0.280525267124176, "8_56_52_02.jpg": 0.19697275757789612, "8_56_52_03.jpg": 0.19078603386878967, "8_56_52_04.jpg": 0.17948117852210999, "8_56_52_05.jpg": 0.1708018034696579}