{"8_60_72_01.jpg": 0.2781291902065277, "8_60_72_02.jpg": 0.14227887988090515, "8_60_72_03.jpg": 0.14209067821502686, "8_60_72_04.jpg": 0.14066193997859955, "8_60_72_05.jpg": 0.1355637162923813}