{"8_44_96_01.jpg": 0.2766306400299072, "8_44_96_02.jpg": 0.15383051335811615, "8_44_96_03.jpg": 0.15282641351222992, "8_44_96_04.jpg": 0.11844810098409653, "8_44_96_05.jpg": 0.11751554906368256}