{"8_72_100_01.jpg": 0.4425082206726074, "8_72_100_02.jpg": 0.27457743883132935, "8_72_100_03.jpg": 0.27067920565605164, "8_72_100_04.jpg": 0.19232778251171112, "8_72_100_05.jpg": 0.15759523212909698}