{"8_100_72_01.jpg": 0.2592168152332306, "8_100_72_02.jpg": 0.08522743731737137, "8_100_72_03.jpg": 0.0652681440114975, "8_100_72_04.jpg": 0.05974956974387169, "8_100_72_05.jpg": 0.05974956974387169}