{"8_64_92_01.jpg": 0.312479168176651, "8_64_92_02.jpg": 0.2418278008699417, "8_64_92_03.jpg": 0.17025332152843475, "8_64_92_04.jpg": 0.15108390152454376, "8_64_92_05.jpg": 0.14995712041854858}