{"8_48_60_01.jpg": 0.6869105696678162, "8_48_60_02.jpg": 0.31072402000427246, "8_48_60_03.jpg": 0.24818889796733856, "8_48_60_04.jpg": 0.21289679408073425, "8_48_60_05.jpg": 0.202115997672081}