{"8_96_56_01.jpg": 0.3010774850845337, "8_96_56_02.jpg": 0.21293702721595764, "8_96_56_03.jpg": 0.1826857179403305, "8_96_56_04.jpg": 0.1768982857465744, "8_96_56_05.jpg": 0.13006669282913208}