{"8_36_32_01.jpg": 0.5131539106369019, "8_36_32_02.jpg": 0.3666500151157379, "8_36_32_03.jpg": 0.3170090913772583, "8_36_32_04.jpg": 0.25515297055244446, "8_36_32_05.jpg": 0.22892318665981293}