{"8_68_40_01.jpg": 0.28100860118865967, "8_68_40_02.jpg": 0.21219271421432495, "8_68_40_03.jpg": 0.16217690706253052, "8_68_40_04.jpg": 0.15303227305412292, "8_68_40_05.jpg": 0.13223601877689362}