{"8_32_48_01.jpg": 0.3148340582847595, "8_32_48_02.jpg": 0.19986172020435333, "8_32_48_03.jpg": 0.19361555576324463, "8_32_48_04.jpg": 0.16720522940158844, "8_32_48_05.jpg": 0.12863197922706604}