{"8_60_12_01.jpg": 0.31360501050949097, "8_60_12_02.jpg": 0.29987743496894836, "8_60_12_03.jpg": 0.21564806997776031, "8_60_12_04.jpg": 0.09924988448619843, "8_60_12_05.jpg": 0.07884951680898666}