{"8_72_92_01.jpg": 0.25360578298568726, "8_72_92_02.jpg": 0.21443451941013336, "8_72_92_03.jpg": 0.11994456499814987, "8_72_92_04.jpg": 0.1142096295952797, "8_72_92_05.jpg": 0.10926122963428497}