{"8_48_20_01.jpg": 0.3471226096153259, "8_48_20_02.jpg": 0.2556048333644867, "8_48_20_03.jpg": 0.20527976751327515, "8_48_20_04.jpg": 0.1864519566297531, "8_48_20_05.jpg": 0.17567592859268188}