{"8_36_76_01.jpg": 0.30239346623420715, "8_36_76_02.jpg": 0.20422232151031494, "8_36_76_03.jpg": 0.169534832239151, "8_36_76_04.jpg": 0.15991486608982086, "8_36_76_05.jpg": 0.15616358816623688}