{"8_88_20_01.jpg": 0.34887978434562683, "8_88_20_02.jpg": 0.27829816937446594, "8_88_20_03.jpg": 0.23455211520195007, "8_88_20_04.jpg": 0.2003079056739807, "8_88_20_05.jpg": 0.16377906501293182}