{"8_48_60_01.jpg": 0.2790279984474182, "8_48_60_02.jpg": 0.21295788884162903, "8_48_60_03.jpg": 0.20997612178325653, "8_48_60_04.jpg": 0.1832154542207718, "8_48_60_05.jpg": 0.17389294505119324}