{"8_68_32_01.jpg": 0.22289811074733734, "8_68_32_02.jpg": 0.1659642904996872, "8_68_32_03.jpg": 0.16262264549732208, "8_68_32_04.jpg": 0.1490926593542099, "8_68_32_05.jpg": 0.14567263424396515}