{"8_72_68_01.jpg": 0.40342846512794495, "8_72_68_02.jpg": 0.24717137217521667, "8_72_68_03.jpg": 0.22906461358070374, "8_72_68_04.jpg": 0.20974913239479065, "8_72_68_05.jpg": 0.20627696812152863}