{"8_60_56_01.jpg": 0.4395016133785248, "8_60_56_02.jpg": 0.41796377301216125, "8_60_56_03.jpg": 0.28229331970214844, "8_60_56_04.jpg": 0.20887356996536255, "8_60_56_05.jpg": 0.20739474892616272}