{"8_44_36_01.jpg": 0.2920633554458618, "8_44_36_02.jpg": 0.15323787927627563, "8_44_36_03.jpg": 0.12199249863624573, "8_44_36_04.jpg": 0.1122593805193901, "8_44_36_05.jpg": 0.10352638363838196}