{"8_12_80_01.jpg": 0.28963154554367065, "8_12_80_02.jpg": 0.21387530863285065, "8_12_80_03.jpg": 0.15094943344593048, "8_12_80_04.jpg": 0.1476709097623825, "8_12_80_05.jpg": 0.12232799828052521}