{"8_88_56_01.jpg": 0.3313319683074951, "8_88_56_02.jpg": 0.20257413387298584, "8_88_56_03.jpg": 0.14557670056819916, "8_88_56_04.jpg": 0.12463008612394333, "8_88_56_05.jpg": 0.11944925785064697}