{"8_92_44_01.jpg": 0.5524044632911682, "8_92_44_02.jpg": 0.34427130222320557, "8_92_44_03.jpg": 0.2520659863948822, "8_92_44_04.jpg": 0.230497345328331, "8_92_44_05.jpg": 0.21411894261837006}