{"8_68_20_01.jpg": 0.3474154770374298, "8_68_20_02.jpg": 0.3343079686164856, "8_68_20_03.jpg": 0.23330216109752655, "8_68_20_04.jpg": 0.2020743191242218, "8_68_20_05.jpg": 0.1961793750524521}