{"8_72_84_01.jpg": 0.3145124614238739, "8_72_84_02.jpg": 0.30155226588249207, "8_72_84_03.jpg": 0.2380651980638504, "8_72_84_04.jpg": 0.2079758495092392, "8_72_84_05.jpg": 0.1831228882074356}