{"8_72_48_01.jpg": 0.22191578149795532, "8_72_48_02.jpg": 0.20647186040878296, "8_72_48_03.jpg": 0.1555604487657547, "8_72_48_04.jpg": 0.1309984177350998, "8_72_48_05.jpg": 0.12758475542068481}