{"8_60_16_01.jpg": 0.21228666603565216, "8_60_16_02.jpg": 0.19768841564655304, "8_60_16_03.jpg": 0.11539684236049652, "8_60_16_04.jpg": 0.11418630182743073, "8_60_16_05.jpg": 0.10906162858009338}