{"8_44_40_01.jpg": 0.4189169406890869, "8_44_40_02.jpg": 0.26957762241363525, "8_44_40_03.jpg": 0.2192474603652954, "8_44_40_04.jpg": 0.17779745161533356, "8_44_40_05.jpg": 0.16897039115428925}