{"8_68_92_01.jpg": 0.23419436812400818, "8_68_92_02.jpg": 0.23131349682807922, "8_68_92_03.jpg": 0.21992303431034088, "8_68_92_04.jpg": 0.20071978867053986, "8_68_92_05.jpg": 0.16282060742378235}