{"8_48_28_01.jpg": 0.2838490605354309, "8_48_28_02.jpg": 0.15642401576042175, "8_48_28_03.jpg": 0.1560327261686325, "8_48_28_04.jpg": 0.13805529475212097, "8_48_28_05.jpg": 0.1377757489681244}