{"8_60_16_01.jpg": 0.3211936056613922, "8_60_16_02.jpg": 0.24526797235012054, "8_60_16_03.jpg": 0.2279447615146637, "8_60_16_04.jpg": 0.21633058786392212, "8_60_16_05.jpg": 0.20643630623817444}