{"8_80_68_01.jpg": 0.3424251973628998, "8_80_68_02.jpg": 0.1815166175365448, "8_80_68_03.jpg": 0.15260201692581177, "8_80_68_04.jpg": 0.12535671889781952, "8_80_68_05.jpg": 0.11861348152160645}