{"8_40_68_01.jpg": 0.5028373003005981, "8_40_68_02.jpg": 0.3974463939666748, "8_40_68_03.jpg": 0.20848870277404785, "8_40_68_04.jpg": 0.20079505443572998, "8_40_68_05.jpg": 0.18634702265262604}