{"8_68_36_01.jpg": 0.29625165462493896, "8_68_36_02.jpg": 0.19957302510738373, "8_68_36_03.jpg": 0.19542557001113892, "8_68_36_04.jpg": 0.15272817015647888, "8_68_36_05.jpg": 0.1322845220565796}