{"8_60_108_01.jpg": 0.2930247187614441, "8_60_108_02.jpg": 0.18330033123493195, "8_60_108_03.jpg": 0.16464096307754517, "8_60_108_04.jpg": 0.14038892090320587, "8_60_108_05.jpg": 0.12774409353733063}