{"8_32_88_01.jpg": 0.3404947519302368, "8_32_88_02.jpg": 0.2795298397541046, "8_32_88_03.jpg": 0.2271559089422226, "8_32_88_04.jpg": 0.20881325006484985, "8_32_88_05.jpg": 0.1949596107006073}