{"8_40_68_01.jpg": 0.46159791946411133, "8_40_68_02.jpg": 0.12594883143901825, "8_40_68_03.jpg": 0.11531965434551239, "8_40_68_04.jpg": 0.10962199419736862, "8_40_68_05.jpg": 0.10886725783348083}