{"8_44_28_01.jpg": 0.3092743456363678, "8_44_28_02.jpg": 0.24742984771728516, "8_44_28_03.jpg": 0.2063104659318924, "8_44_28_04.jpg": 0.19039389491081238, "8_44_28_05.jpg": 0.11673450469970703}