{"8_20_60_01.jpg": 0.3484942615032196, "8_20_60_02.jpg": 0.2619633078575134, "8_20_60_03.jpg": 0.18784938752651215, "8_20_60_04.jpg": 0.17976048588752747, "8_20_60_05.jpg": 0.1483074426651001}