{"8_68_40_01.jpg": 0.24949996173381805, "8_68_40_02.jpg": 0.19828885793685913, "8_68_40_03.jpg": 0.19117872416973114, "8_68_40_04.jpg": 0.17575490474700928, "8_68_40_05.jpg": 0.16802795231342316}