{"8_44_36_01.jpg": 0.33429402112960815, "8_44_36_02.jpg": 0.3143421411514282, "8_44_36_03.jpg": 0.18743681907653809, "8_44_36_04.jpg": 0.17149047553539276, "8_44_36_05.jpg": 0.16407077014446259}