{"8_88_68_01.jpg": 0.23110289871692657, "8_88_68_02.jpg": 0.15773335099220276, "8_88_68_03.jpg": 0.11567211151123047, "8_88_68_04.jpg": 0.09511023014783859, "8_88_68_05.jpg": 0.09362953901290894}