{"8_92_60_01.jpg": 0.1671900749206543, "8_92_60_02.jpg": 0.08318360149860382, "8_92_60_03.jpg": 0.0719834715127945, "8_92_60_04.jpg": 0.0647256001830101, "8_92_60_05.jpg": 0.06352745741605759}