{"8_68_72_01.jpg": 0.4548377990722656, "8_68_72_02.jpg": 0.20539544522762299, "8_68_72_03.jpg": 0.1944490671157837, "8_68_72_04.jpg": 0.1918487548828125, "8_68_72_05.jpg": 0.17700131237506866}