{"8_80_28_01.jpg": 0.2629328668117523, "8_80_28_02.jpg": 0.21422432363033295, "8_80_28_03.jpg": 0.16553735733032227, "8_80_28_04.jpg": 0.12174782156944275, "8_80_28_05.jpg": 0.11956268548965454}