{"8_72_24_01.jpg": 0.2735126316547394, "8_72_24_02.jpg": 0.17747849225997925, "8_72_24_03.jpg": 0.1741914302110672, "8_72_24_04.jpg": 0.12585027515888214, "8_72_24_05.jpg": 0.12363062798976898}