{"8_40_64_01.jpg": 0.4979635179042816, "8_40_64_02.jpg": 0.43799471855163574, "8_40_64_03.jpg": 0.3842960596084595, "8_40_64_04.jpg": 0.2529851198196411, "8_40_64_05.jpg": 0.18503262102603912}