{"8_48_40_01.jpg": 0.27158036828041077, "8_48_40_02.jpg": 0.2201521247625351, "8_48_40_03.jpg": 0.2115512490272522, "8_48_40_04.jpg": 0.14447574317455292, "8_48_40_05.jpg": 0.14289456605911255}