{"8_28_100_01.jpg": 0.3769057095050812, "8_28_100_02.jpg": 0.320232093334198, "8_28_100_03.jpg": 0.27447545528411865, "8_28_100_04.jpg": 0.27387532591819763, "8_28_100_05.jpg": 0.23347590863704681}