{"8_48_48_01.jpg": 0.3432116210460663, "8_48_48_02.jpg": 0.1732911765575409, "8_48_48_03.jpg": 0.1426248699426651, "8_48_48_04.jpg": 0.14033767580986023, "8_48_48_05.jpg": 0.09567825496196747}