{"8_60_36_01.jpg": 0.27783113718032837, "8_60_36_02.jpg": 0.16841357946395874, "8_60_36_03.jpg": 0.15315842628479004, "8_60_36_04.jpg": 0.1458541750907898, "8_60_36_05.jpg": 0.12822207808494568}