{"8_64_72_01.jpg": 0.37914472818374634, "8_64_72_02.jpg": 0.3329082727432251, "8_64_72_03.jpg": 0.31099313497543335, "8_64_72_04.jpg": 0.2913024127483368, "8_64_72_05.jpg": 0.23328757286071777}