{"8_36_28_01.jpg": 0.39515984058380127, "8_36_28_02.jpg": 0.26459863781929016, "8_36_28_03.jpg": 0.19830377399921417, "8_36_28_04.jpg": 0.18573197722434998, "8_36_28_05.jpg": 0.1681067794561386}