{"8_12_36_01.jpg": 0.3702620565891266, "8_12_36_02.jpg": 0.1587122231721878, "8_12_36_03.jpg": 0.1502353847026825, "8_12_36_04.jpg": 0.13048475980758667, "8_12_36_05.jpg": 0.10142248868942261}