{"8_52_92_01.jpg": 0.5033784508705139, "8_52_92_02.jpg": 0.3938036262989044, "8_52_92_03.jpg": 0.2780189514160156, "8_52_92_04.jpg": 0.2542210519313812, "8_52_92_05.jpg": 0.23798103630542755}