{"8_44_100_01.jpg": 0.26222896575927734, "8_44_100_02.jpg": 0.2032131552696228, "8_44_100_03.jpg": 0.20258350670337677, "8_44_100_04.jpg": 0.1867026537656784, "8_44_100_05.jpg": 0.1752638965845108}