{"8_96_60_01.jpg": 0.3051648736000061, "8_96_60_02.jpg": 0.23140791058540344, "8_96_60_03.jpg": 0.22259891033172607, "8_96_60_04.jpg": 0.20693951845169067, "8_96_60_05.jpg": 0.18468916416168213}