{"8_40_32_01.jpg": 0.2941870093345642, "8_40_32_02.jpg": 0.20418201386928558, "8_40_32_03.jpg": 0.12236262857913971, "8_40_32_04.jpg": 0.10177270323038101, "8_40_32_05.jpg": 0.09191568940877914}