{"8_44_16_01.jpg": 0.23325154185295105, "8_44_16_02.jpg": 0.18556556105613708, "8_44_16_03.jpg": 0.15744031965732574, "8_44_16_04.jpg": 0.15358474850654602, "8_44_16_05.jpg": 0.12795791029930115}