{"8_16_56_01.jpg": 0.296862930059433, "8_16_56_02.jpg": 0.19860462844371796, "8_16_56_03.jpg": 0.18782606720924377, "8_16_56_04.jpg": 0.18600168824195862, "8_16_56_05.jpg": 0.13513235747814178}