{"8_48_104_01.jpg": 0.2583285868167877, "8_48_104_02.jpg": 0.16010847687721252, "8_48_104_03.jpg": 0.12145202606916428, "8_48_104_04.jpg": 0.11423489451408386, "8_48_104_05.jpg": 0.10028602182865143}