{"8_40_96_01.jpg": 0.2674351930618286, "8_40_96_02.jpg": 0.18399570882320404, "8_40_96_03.jpg": 0.1513729691505432, "8_40_96_04.jpg": 0.12374070286750793, "8_40_96_05.jpg": 0.11134739220142365}