{"8_24_56_01.jpg": 0.4833835959434509, "8_24_56_02.jpg": 0.36853548884391785, "8_24_56_03.jpg": 0.34250450134277344, "8_24_56_04.jpg": 0.3301585018634796, "8_24_56_05.jpg": 0.3243164122104645}