{"8_100_76_01.jpg": 0.40982604026794434, "8_100_76_02.jpg": 0.25865253806114197, "8_100_76_03.jpg": 0.19401945173740387, "8_100_76_04.jpg": 0.14422985911369324, "8_100_76_05.jpg": 0.0892343521118164}