{"8_20_32_01.jpg": 0.3554132282733917, "8_20_32_02.jpg": 0.1982736438512802, "8_20_32_03.jpg": 0.17441657185554504, "8_20_32_04.jpg": 0.1630123108625412, "8_20_32_05.jpg": 0.15075193345546722}