{"8_104_48_01.jpg": 0.2662903368473053, "8_104_48_02.jpg": 0.2312433272600174, "8_104_48_03.jpg": 0.11190623790025711, "8_104_48_04.jpg": 0.09865038841962814, "8_104_48_05.jpg": 0.0827445238828659}