{"8_100_56_01.jpg": 0.3797701299190521, "8_100_56_02.jpg": 0.2658919095993042, "8_100_56_03.jpg": 0.26502564549446106, "8_100_56_04.jpg": 0.2172158807516098, "8_100_56_05.jpg": 0.20566344261169434}