{"8_52_8_01.jpg": 0.42214661836624146, "8_52_8_02.jpg": 0.3852291405200958, "8_52_8_03.jpg": 0.27236825227737427, "8_52_8_04.jpg": 0.2387392222881317, "8_52_8_05.jpg": 0.20922048389911652}