{"8_40_56_01.jpg": 0.29792144894599915, "8_40_56_02.jpg": 0.2646399140357971, "8_40_56_03.jpg": 0.20924347639083862, "8_40_56_04.jpg": 0.1974806934595108, "8_40_56_05.jpg": 0.18820612132549286}