{"8_40_28_01.jpg": 0.4216195046901703, "8_40_28_02.jpg": 0.32456135749816895, "8_40_28_03.jpg": 0.2279798984527588, "8_40_28_04.jpg": 0.22477373480796814, "8_40_28_05.jpg": 0.171609565615654}