{"8_80_44_01.jpg": 0.2380840927362442, "8_80_44_02.jpg": 0.15879124402999878, "8_80_44_03.jpg": 0.1566486954689026, "8_80_44_04.jpg": 0.13753215968608856, "8_80_44_05.jpg": 0.12099767476320267}