{"8_68_32_01.jpg": 0.19550243020057678, "8_68_32_02.jpg": 0.17069104313850403, "8_68_32_03.jpg": 0.11703982949256897, "8_68_32_04.jpg": 0.10674755275249481, "8_68_32_05.jpg": 0.10513393580913544}