{"8_100_68_01.jpg": 0.3123752176761627, "8_100_68_02.jpg": 0.2064811885356903, "8_100_68_03.jpg": 0.16405124962329865, "8_100_68_04.jpg": 0.1388838291168213, "8_100_68_05.jpg": 0.12775197625160217}