{"8_56_84_01.jpg": 0.3987395763397217, "8_56_84_02.jpg": 0.39730194211006165, "8_56_84_03.jpg": 0.3094637989997864, "8_56_84_04.jpg": 0.3085576593875885, "8_56_84_05.jpg": 0.3051000237464905}