{"8_64_52_01.jpg": 0.3949393033981323, "8_64_52_02.jpg": 0.1907901167869568, "8_64_52_03.jpg": 0.16880573332309723, "8_64_52_04.jpg": 0.09667518734931946, "8_64_52_05.jpg": 0.09329592436552048}