{"8_40_84_01.jpg": 0.3691610097885132, "8_40_84_02.jpg": 0.20721420645713806, "8_40_84_03.jpg": 0.1799973100423813, "8_40_84_04.jpg": 0.1671161949634552, "8_40_84_05.jpg": 0.14445172250270844}