{"8_12_60_01.jpg": 0.3592301905155182, "8_12_60_02.jpg": 0.260209321975708, "8_12_60_03.jpg": 0.23691695928573608, "8_12_60_04.jpg": 0.22444556653499603, "8_12_60_05.jpg": 0.19635805487632751}