{"8_28_40_01.jpg": 0.30284854769706726, "8_28_40_02.jpg": 0.27314916253089905, "8_28_40_03.jpg": 0.19862700998783112, "8_28_40_04.jpg": 0.15839803218841553, "8_28_40_05.jpg": 0.1515728086233139}