{"8_92_84_01.jpg": 0.4192415773868561, "8_92_84_02.jpg": 0.1930820494890213, "8_92_84_03.jpg": 0.16332928836345673, "8_92_84_04.jpg": 0.13238000869750977, "8_92_84_05.jpg": 0.13133645057678223}