{"8_68_52_01.jpg": 0.25786876678466797, "8_68_52_02.jpg": 0.23998397588729858, "8_68_52_03.jpg": 0.2330099493265152, "8_68_52_04.jpg": 0.2090202122926712, "8_68_52_05.jpg": 0.11232799291610718}