{"8_28_100_01.jpg": 0.5081707239151001, "8_28_100_02.jpg": 0.3425266444683075, "8_28_100_03.jpg": 0.3248388171195984, "8_28_100_04.jpg": 0.28755107522010803, "8_28_100_05.jpg": 0.24020224809646606}