{"8_44_88_01.jpg": 0.26038917899131775, "8_44_88_02.jpg": 0.14353853464126587, "8_44_88_03.jpg": 0.12757381796836853, "8_44_88_04.jpg": 0.11579021066427231, "8_44_88_05.jpg": 0.09955906867980957}