{"8_28_84_01.jpg": 0.627602756023407, "8_28_84_02.jpg": 0.24190808832645416, "8_28_84_03.jpg": 0.2179548144340515, "8_28_84_04.jpg": 0.1900080442428589, "8_28_84_05.jpg": 0.18697798252105713}