{"8_36_104_01.jpg": 0.5650426149368286, "8_36_104_02.jpg": 0.2586120367050171, "8_36_104_03.jpg": 0.2097143977880478, "8_36_104_04.jpg": 0.2080666422843933, "8_36_104_05.jpg": 0.19961422681808472}