{"8_44_76_01.jpg": 0.3506673276424408, "8_44_76_02.jpg": 0.2666052579879761, "8_44_76_03.jpg": 0.2128164917230606, "8_44_76_04.jpg": 0.19694778323173523, "8_44_76_05.jpg": 0.18106989562511444}