{"8_36_52_01.jpg": 0.3295697867870331, "8_36_52_02.jpg": 0.17258107662200928, "8_36_52_03.jpg": 0.13304701447486877, "8_36_52_04.jpg": 0.11783172190189362, "8_36_52_05.jpg": 0.112982839345932}