{"8_64_60_01.jpg": 0.29657626152038574, "8_64_60_02.jpg": 0.2363291233778, "8_64_60_03.jpg": 0.22200894355773926, "8_64_60_04.jpg": 0.21303747594356537, "8_64_60_05.jpg": 0.17162172496318817}