{"8_68_36_01.jpg": 0.2712647020816803, "8_68_36_02.jpg": 0.23119543492794037, "8_68_36_03.jpg": 0.20557905733585358, "8_68_36_04.jpg": 0.20264679193496704, "8_68_36_05.jpg": 0.1348733752965927}