{"8_52_24_01.jpg": 0.2843686044216156, "8_52_24_02.jpg": 0.16345030069351196, "8_52_24_03.jpg": 0.13450132310390472, "8_52_24_04.jpg": 0.13164079189300537, "8_52_24_05.jpg": 0.1305667608976364}