{"8_76_48_01.jpg": 0.4435528516769409, "8_76_48_02.jpg": 0.3131994307041168, "8_76_48_03.jpg": 0.28467679023742676, "8_76_48_04.jpg": 0.24283401668071747, "8_76_48_05.jpg": 0.21138910949230194}