{"8_8_68_01.jpg": 0.37314310669898987, "8_8_68_02.jpg": 0.34221553802490234, "8_8_68_03.jpg": 0.253069669008255, "8_8_68_04.jpg": 0.23999212682247162, "8_8_68_05.jpg": 0.21289919316768646}