{"8_40_84_01.jpg": 0.3177403509616852, "8_40_84_02.jpg": 0.1572129726409912, "8_40_84_03.jpg": 0.13480021059513092, "8_40_84_04.jpg": 0.10893764346837997, "8_40_84_05.jpg": 0.10588664561510086}