{"8_32_44_01.jpg": 0.2813592255115509, "8_32_44_02.jpg": 0.2037244737148285, "8_32_44_03.jpg": 0.16201815009117126, "8_32_44_04.jpg": 0.15075010061264038, "8_32_44_05.jpg": 0.13288453221321106}