{"8_52_84_01.jpg": 0.334006667137146, "8_52_84_02.jpg": 0.28464415669441223, "8_52_84_03.jpg": 0.19766367971897125, "8_52_84_04.jpg": 0.1611723005771637, "8_52_84_05.jpg": 0.14953087270259857}