{"8_64_36_01.jpg": 0.3405217230319977, "8_64_36_02.jpg": 0.2690095007419586, "8_64_36_03.jpg": 0.2505354881286621, "8_64_36_04.jpg": 0.21696355938911438, "8_64_36_05.jpg": 0.20348237454891205}