{"8_24_68_01.jpg": 0.2352142035961151, "8_24_68_02.jpg": 0.16395586729049683, "8_24_68_03.jpg": 0.1356513500213623, "8_24_68_04.jpg": 0.11165612936019897, "8_24_68_05.jpg": 0.09118572622537613}