{"8_24_52_01.jpg": 0.19124984741210938, "8_24_52_02.jpg": 0.1536356806755066, "8_24_52_03.jpg": 0.1303480714559555, "8_24_52_04.jpg": 0.12967608869075775, "8_24_52_05.jpg": 0.11830957978963852}