{"8_4_48_01.jpg": 0.29476237297058105, "8_4_48_02.jpg": 0.20650820434093475, "8_4_48_03.jpg": 0.20435333251953125, "8_4_48_04.jpg": 0.15537211298942566, "8_4_48_05.jpg": 0.11767140030860901}