{"8_32_36_01.jpg": 0.5197741985321045, "8_32_36_02.jpg": 0.484942764043808, "8_32_36_03.jpg": 0.454631507396698, "8_32_36_04.jpg": 0.3188354969024658, "8_32_36_05.jpg": 0.21489262580871582}