{"8_76_84_01.jpg": 0.22053875029087067, "8_76_84_02.jpg": 0.1236136183142662, "8_76_84_03.jpg": 0.121314637362957, "8_76_84_04.jpg": 0.12027985602617264, "8_76_84_05.jpg": 0.11473595350980759}