{"8_64_80_01.jpg": 0.4492728114128113, "8_64_80_02.jpg": 0.3548724949359894, "8_64_80_03.jpg": 0.3438323438167572, "8_64_80_04.jpg": 0.3268705904483795, "8_64_80_05.jpg": 0.3100905120372772}