{"8_92_72_01.jpg": 0.2416045367717743, "8_92_72_02.jpg": 0.19545960426330566, "8_92_72_03.jpg": 0.13669537007808685, "8_92_72_04.jpg": 0.103334441781044, "8_92_72_05.jpg": 0.10008770227432251}