{"8_8_68_01.jpg": 0.320820152759552, "8_8_68_02.jpg": 0.2545098066329956, "8_8_68_03.jpg": 0.24265936017036438, "8_8_68_04.jpg": 0.21547798812389374, "8_8_68_05.jpg": 0.2099260538816452}