{"8_64_100_01.jpg": 0.31705206632614136, "8_64_100_02.jpg": 0.2172740399837494, "8_64_100_03.jpg": 0.175944983959198, "8_64_100_04.jpg": 0.1628037989139557, "8_64_100_05.jpg": 0.14068268239498138}