{"8_40_92_01.jpg": 0.36119046807289124, "8_40_92_02.jpg": 0.32896527647972107, "8_40_92_03.jpg": 0.2825275957584381, "8_40_92_04.jpg": 0.23495513200759888, "8_40_92_05.jpg": 0.20326310396194458}