{"8_64_96_01.jpg": 0.2389230877161026, "8_64_96_02.jpg": 0.21617454290390015, "8_64_96_03.jpg": 0.2013786882162094, "8_64_96_04.jpg": 0.16376325488090515, "8_64_96_05.jpg": 0.1359068751335144}