{"8_44_84_01.jpg": 0.4427768588066101, "8_44_84_02.jpg": 0.24559766054153442, "8_44_84_03.jpg": 0.18743886053562164, "8_44_84_04.jpg": 0.1857585906982422, "8_44_84_05.jpg": 0.18289394676685333}