{"8_8_76_01.jpg": 0.32964277267456055, "8_8_76_02.jpg": 0.2929762303829193, "8_8_76_03.jpg": 0.27607637643814087, "8_8_76_04.jpg": 0.23152516782283783, "8_8_76_05.jpg": 0.20697587728500366}