{"8_28_36_01.jpg": 0.3816553056240082, "8_28_36_02.jpg": 0.35216283798217773, "8_28_36_03.jpg": 0.3015806972980499, "8_28_36_04.jpg": 0.24206596612930298, "8_28_36_05.jpg": 0.19791342318058014}