{"8_32_32_01.jpg": 0.2137971818447113, "8_32_32_02.jpg": 0.17257682979106903, "8_32_32_03.jpg": 0.14679063856601715, "8_32_32_04.jpg": 0.13516978919506073, "8_32_32_05.jpg": 0.1314660906791687}