{"8_48_24_01.jpg": 0.47951048612594604, "8_48_24_02.jpg": 0.3855516016483307, "8_48_24_03.jpg": 0.36004409193992615, "8_48_24_04.jpg": 0.3058098554611206, "8_48_24_05.jpg": 0.273619145154953}