{"8_56_80_01.jpg": 0.2389775514602661, "8_56_80_02.jpg": 0.14724314212799072, "8_56_80_03.jpg": 0.13862448930740356, "8_56_80_04.jpg": 0.13296791911125183, "8_56_80_05.jpg": 0.12532123923301697}