{"8_100_36_01.jpg": 0.31973233819007874, "8_100_36_02.jpg": 0.16621160507202148, "8_100_36_03.jpg": 0.16005800664424896, "8_100_36_04.jpg": 0.140530526638031, "8_100_36_05.jpg": 0.14029598236083984}