{"8_92_80_01.jpg": 0.28960493206977844, "8_92_80_02.jpg": 0.1874750256538391, "8_92_80_03.jpg": 0.14878885447978973, "8_92_80_04.jpg": 0.12214255332946777, "8_92_80_05.jpg": 0.10067971050739288}