{"8_32_20_01.jpg": 0.30208295583724976, "8_32_20_02.jpg": 0.19749648869037628, "8_32_20_03.jpg": 0.19194436073303223, "8_32_20_04.jpg": 0.1419544816017151, "8_32_20_05.jpg": 0.1365041732788086}