{"8_84_16_01.jpg": 0.2930169701576233, "8_84_16_02.jpg": 0.2339150458574295, "8_84_16_03.jpg": 0.19430895149707794, "8_84_16_04.jpg": 0.1733894944190979, "8_84_16_05.jpg": 0.15755437314510345}