{"8_76_24_01.jpg": 0.37294334173202515, "8_76_24_02.jpg": 0.26450660824775696, "8_76_24_03.jpg": 0.22624348104000092, "8_76_24_04.jpg": 0.22203437983989716, "8_76_24_05.jpg": 0.20519018173217773}