{"8_44_32_01.jpg": 0.4324316382408142, "8_44_32_02.jpg": 0.3426155745983124, "8_44_32_03.jpg": 0.3035392761230469, "8_44_32_04.jpg": 0.2628171145915985, "8_44_32_05.jpg": 0.26259392499923706}