{"8_44_104_01.jpg": 0.4016656279563904, "8_44_104_02.jpg": 0.29386359453201294, "8_44_104_03.jpg": 0.22372102737426758, "8_44_104_04.jpg": 0.14968878030776978, "8_44_104_05.jpg": 0.14723695814609528}