{"8_88_80_01.jpg": 0.16514213383197784, "8_88_80_02.jpg": 0.1334902048110962, "8_88_80_03.jpg": 0.12920719385147095, "8_88_80_04.jpg": 0.1245066225528717, "8_88_80_05.jpg": 0.11419481039047241}