{"8_56_76_01.jpg": 0.29644542932510376, "8_56_76_02.jpg": 0.18785040080547333, "8_56_76_03.jpg": 0.18415062129497528, "8_56_76_04.jpg": 0.17752212285995483, "8_56_76_05.jpg": 0.1553555279970169}