{"8_68_40_01.jpg": 0.35783472657203674, "8_68_40_02.jpg": 0.3027852773666382, "8_68_40_03.jpg": 0.20076744258403778, "8_68_40_04.jpg": 0.1974196434020996, "8_68_40_05.jpg": 0.19292153418064117}