{"8_96_28_01.jpg": 0.3222832679748535, "8_96_28_02.jpg": 0.21185031533241272, "8_96_28_03.jpg": 0.11058773845434189, "8_96_28_04.jpg": 0.09884227067232132, "8_96_28_05.jpg": 0.0881449282169342}