{"8_36_76_01.jpg": 0.21745726466178894, "8_36_76_02.jpg": 0.1733778864145279, "8_36_76_03.jpg": 0.16800916194915771, "8_36_76_04.jpg": 0.14732515811920166, "8_36_76_05.jpg": 0.14472924172878265}