{"8_80_88_01.jpg": 0.30839893221855164, "8_80_88_02.jpg": 0.20942290127277374, "8_80_88_03.jpg": 0.18901385366916656, "8_80_88_04.jpg": 0.17565372586250305, "8_80_88_05.jpg": 0.17505794763565063}