{"8_92_56_01.jpg": 0.3449125289916992, "8_92_56_02.jpg": 0.21741734445095062, "8_92_56_03.jpg": 0.1348259598016739, "8_92_56_04.jpg": 0.1320863515138626, "8_92_56_05.jpg": 0.112094946205616}