{"8_76_88_01.jpg": 0.27784883975982666, "8_76_88_02.jpg": 0.16178178787231445, "8_76_88_03.jpg": 0.15662825107574463, "8_76_88_04.jpg": 0.13404271006584167, "8_76_88_05.jpg": 0.12532280385494232}