{"8_60_88_01.jpg": 0.34704044461250305, "8_60_88_02.jpg": 0.2243434190750122, "8_60_88_03.jpg": 0.15068332850933075, "8_60_88_04.jpg": 0.14790521562099457, "8_60_88_05.jpg": 0.13268861174583435}