{"8_32_20_01.jpg": 0.22534959018230438, "8_32_20_02.jpg": 0.15349183976650238, "8_32_20_03.jpg": 0.12218475341796875, "8_32_20_04.jpg": 0.09787353128194809, "8_32_20_05.jpg": 0.0855865329504013}