{"8_48_108_01.jpg": 0.41795867681503296, "8_48_108_02.jpg": 0.4040061831474304, "8_48_108_03.jpg": 0.24500669538974762, "8_48_108_04.jpg": 0.20652219653129578, "8_48_108_05.jpg": 0.197313129901886}