{"8_60_80_01.jpg": 0.39894232153892517, "8_60_80_02.jpg": 0.2570175230503082, "8_60_80_03.jpg": 0.17055843770503998, "8_60_80_04.jpg": 0.16982565820217133, "8_60_80_05.jpg": 0.1597771942615509}