{"8_56_36_01.jpg": 0.2968977391719818, "8_56_36_02.jpg": 0.27092644572257996, "8_56_36_03.jpg": 0.14146848022937775, "8_56_36_04.jpg": 0.1383620649576187, "8_56_36_05.jpg": 0.1060929149389267}