{"8_32_84_01.jpg": 0.37527400255203247, "8_32_84_02.jpg": 0.3537569046020508, "8_32_84_03.jpg": 0.3211972713470459, "8_32_84_04.jpg": 0.2424357384443283, "8_32_84_05.jpg": 0.21944047510623932}