{"8_40_12_01.jpg": 0.2873632609844208, "8_40_12_02.jpg": 0.26252445578575134, "8_40_12_03.jpg": 0.17110379040241241, "8_40_12_04.jpg": 0.16150347888469696, "8_40_12_05.jpg": 0.11681023985147476}