{"8_44_68_01.jpg": 0.23708778619766235, "8_44_68_02.jpg": 0.22066257894039154, "8_44_68_03.jpg": 0.2202882617712021, "8_44_68_04.jpg": 0.11106047034263611, "8_44_68_05.jpg": 0.10355077683925629}