{"8_56_88_01.jpg": 0.40046849846839905, "8_56_88_02.jpg": 0.34529709815979004, "8_56_88_03.jpg": 0.3215784728527069, "8_56_88_04.jpg": 0.29452618956565857, "8_56_88_05.jpg": 0.24324281513690948}