{"8_28_32_01.jpg": 0.3073362708091736, "8_28_32_02.jpg": 0.254523903131485, "8_28_32_03.jpg": 0.1504174768924713, "8_28_32_04.jpg": 0.14475379884243011, "8_28_32_05.jpg": 0.08564538508653641}