{"8_20_68_01.jpg": 0.49323734641075134, "8_20_68_02.jpg": 0.4168660044670105, "8_20_68_03.jpg": 0.2907063364982605, "8_20_68_04.jpg": 0.2624875009059906, "8_20_68_05.jpg": 0.25544634461402893}