{"8_32_48_01.jpg": 0.42130348086357117, "8_32_48_02.jpg": 0.27727580070495605, "8_32_48_03.jpg": 0.2575681507587433, "8_32_48_04.jpg": 0.18522098660469055, "8_32_48_05.jpg": 0.1637897491455078}