{"8_60_104_01.jpg": 0.3372321128845215, "8_60_104_02.jpg": 0.3004373013973236, "8_60_104_03.jpg": 0.2452813982963562, "8_60_104_04.jpg": 0.23332485556602478, "8_60_104_05.jpg": 0.2253217250108719}