{"8_88_60_01.jpg": 0.31146201491355896, "8_88_60_02.jpg": 0.2797188460826874, "8_88_60_03.jpg": 0.2563917338848114, "8_88_60_04.jpg": 0.24115008115768433, "8_88_60_05.jpg": 0.22667630016803741}