{"8_4_40_01.jpg": 0.29371562600135803, "8_4_40_02.jpg": 0.18543678522109985, "8_4_40_03.jpg": 0.18345698714256287, "8_4_40_04.jpg": 0.16409097611904144, "8_4_40_05.jpg": 0.1576138436794281}