{"8_20_56_01.jpg": 0.38450679183006287, "8_20_56_02.jpg": 0.35440412163734436, "8_20_56_03.jpg": 0.2995392382144928, "8_20_56_04.jpg": 0.2849733829498291, "8_20_56_05.jpg": 0.252881795167923}