{"8_60_48_01.jpg": 0.2705836892127991, "8_60_48_02.jpg": 0.19010397791862488, "8_60_48_03.jpg": 0.15673018991947174, "8_60_48_04.jpg": 0.15501606464385986, "8_60_48_05.jpg": 0.15491366386413574}