{"8_24_76_01.jpg": 0.33155763149261475, "8_24_76_02.jpg": 0.226459801197052, "8_24_76_03.jpg": 0.20419061183929443, "8_24_76_04.jpg": 0.20143787562847137, "8_24_76_05.jpg": 0.18303509056568146}