{"8_40_40_01.jpg": 0.2205573171377182, "8_40_40_02.jpg": 0.1357453614473343, "8_40_40_03.jpg": 0.12135756760835648, "8_40_40_04.jpg": 0.07270695269107819, "8_40_40_05.jpg": 0.06460916996002197}