{"8_4_60_01.jpg": 0.34371739625930786, "8_4_60_02.jpg": 0.17686770856380463, "8_4_60_03.jpg": 0.1727113127708435, "8_4_60_04.jpg": 0.161172017455101, "8_4_60_05.jpg": 0.15946023166179657}