{"8_28_40_01.jpg": 0.2541095018386841, "8_28_40_02.jpg": 0.18972472846508026, "8_28_40_03.jpg": 0.1464826613664627, "8_28_40_04.jpg": 0.1304756999015808, "8_28_40_05.jpg": 0.1261904388666153}