{"8_72_36_01.jpg": 0.31666404008865356, "8_72_36_02.jpg": 0.227803573012352, "8_72_36_03.jpg": 0.15379898250102997, "8_72_36_04.jpg": 0.11050789058208466, "8_72_36_05.jpg": 0.08867137134075165}