{"8_60_76_01.jpg": 0.22224944829940796, "8_60_76_02.jpg": 0.14719581604003906, "8_60_76_03.jpg": 0.0998423844575882, "8_60_76_04.jpg": 0.0947498306632042, "8_60_76_05.jpg": 0.09370359033346176}