{"8_76_56_01.jpg": 0.37439244985580444, "8_76_56_02.jpg": 0.3479313552379608, "8_76_56_03.jpg": 0.24105486273765564, "8_76_56_04.jpg": 0.1507059633731842, "8_76_56_05.jpg": 0.11226416379213333}