{"8_84_24_01.jpg": 0.434515118598938, "8_84_24_02.jpg": 0.40156593918800354, "8_84_24_03.jpg": 0.286620169878006, "8_84_24_04.jpg": 0.21887551248073578, "8_84_24_05.jpg": 0.20951402187347412}