{"8_28_88_01.jpg": 0.33989977836608887, "8_28_88_02.jpg": 0.237747460603714, "8_28_88_03.jpg": 0.182023823261261, "8_28_88_04.jpg": 0.16559508442878723, "8_28_88_05.jpg": 0.16133452951908112}