{"8_92_20_01.jpg": 0.49934712052345276, "8_92_20_02.jpg": 0.293923944234848, "8_92_20_03.jpg": 0.2798842787742615, "8_92_20_04.jpg": 0.19449347257614136, "8_92_20_05.jpg": 0.1937435269355774}