{"8_48_60_01.jpg": 0.3086385130882263, "8_48_60_02.jpg": 0.27413877844810486, "8_48_60_03.jpg": 0.21322853863239288, "8_48_60_04.jpg": 0.21101322770118713, "8_48_60_05.jpg": 0.20651310682296753}