{"8_68_44_01.jpg": 0.43821460008621216, "8_68_44_02.jpg": 0.3143298327922821, "8_68_44_03.jpg": 0.30891263484954834, "8_68_44_04.jpg": 0.3074907064437866, "8_68_44_05.jpg": 0.24973063170909882}