{"8_16_40_01.jpg": 0.3660196363925934, "8_16_40_02.jpg": 0.184328094124794, "8_16_40_03.jpg": 0.14684699475765228, "8_16_40_04.jpg": 0.12315558642148972, "8_16_40_05.jpg": 0.11134112626314163}