{"8_28_36_01.jpg": 0.4644840955734253, "8_28_36_02.jpg": 0.39939507842063904, "8_28_36_03.jpg": 0.35849374532699585, "8_28_36_04.jpg": 0.30428802967071533, "8_28_36_05.jpg": 0.2502742111682892}