{"8_52_28_01.jpg": 0.3185517489910126, "8_52_28_02.jpg": 0.29217225313186646, "8_52_28_03.jpg": 0.2236829400062561, "8_52_28_04.jpg": 0.2020069807767868, "8_52_28_05.jpg": 0.17766788601875305}