{"8_16_80_01.jpg": 0.3182351589202881, "8_16_80_02.jpg": 0.24006371200084686, "8_16_80_03.jpg": 0.23102064430713654, "8_16_80_04.jpg": 0.22815465927124023, "8_16_80_05.jpg": 0.2192976325750351}