{"8_60_80_01.jpg": 0.348944753408432, "8_60_80_02.jpg": 0.2569137215614319, "8_60_80_03.jpg": 0.17376285791397095, "8_60_80_04.jpg": 0.14055609703063965, "8_60_80_05.jpg": 0.13606785237789154}