{"8_48_52_01.jpg": 0.3843437731266022, "8_48_52_02.jpg": 0.3507784605026245, "8_48_52_03.jpg": 0.18636541068553925, "8_48_52_04.jpg": 0.1810431331396103, "8_48_52_05.jpg": 0.1487891525030136}