{"8_44_52_01.jpg": 0.32869958877563477, "8_44_52_02.jpg": 0.22100502252578735, "8_44_52_03.jpg": 0.17303740978240967, "8_44_52_04.jpg": 0.15662086009979248, "8_44_52_05.jpg": 0.13601912558078766}