{"8_48_48_01.jpg": 0.2766944468021393, "8_48_48_02.jpg": 0.15947571396827698, "8_48_48_03.jpg": 0.13841578364372253, "8_48_48_04.jpg": 0.1229681670665741, "8_48_48_05.jpg": 0.12275800108909607}