{"8_84_40_01.jpg": 0.24846388399600983, "8_84_40_02.jpg": 0.2074153572320938, "8_84_40_03.jpg": 0.1615353226661682, "8_84_40_04.jpg": 0.1458154320716858, "8_84_40_05.jpg": 0.13768653571605682}