{"8_56_60_01.jpg": 0.228298619389534, "8_56_60_02.jpg": 0.2050359547138214, "8_56_60_03.jpg": 0.1331736147403717, "8_56_60_04.jpg": 0.1278807669878006, "8_56_60_05.jpg": 0.11195188015699387}