{"8_48_44_01.jpg": 0.30503013730049133, "8_48_44_02.jpg": 0.264385849237442, "8_48_44_03.jpg": 0.15866059064865112, "8_48_44_04.jpg": 0.15863825380802155, "8_48_44_05.jpg": 0.14528752863407135}