{"8_40_48_01.jpg": 0.28367042541503906, "8_40_48_02.jpg": 0.25527870655059814, "8_40_48_03.jpg": 0.1566285938024521, "8_40_48_04.jpg": 0.15080496668815613, "8_40_48_05.jpg": 0.14668075740337372}