{"8_36_60_01.jpg": 0.362936794757843, "8_36_60_02.jpg": 0.2623179852962494, "8_36_60_03.jpg": 0.1984851360321045, "8_36_60_04.jpg": 0.16349783539772034, "8_36_60_05.jpg": 0.16331587731838226}