{"8_36_88_01.jpg": 0.33706510066986084, "8_36_88_02.jpg": 0.25255057215690613, "8_36_88_03.jpg": 0.22732414305210114, "8_36_88_04.jpg": 0.20805104076862335, "8_36_88_05.jpg": 0.19453580677509308}