{"8_96_68_01.jpg": 0.4206247329711914, "8_96_68_02.jpg": 0.3341306447982788, "8_96_68_03.jpg": 0.33303865790367126, "8_96_68_04.jpg": 0.27972525358200073, "8_96_68_05.jpg": 0.25683239102363586}