{"8_96_88_01.jpg": 0.24362477660179138, "8_96_88_02.jpg": 0.20524071156978607, "8_96_88_03.jpg": 0.16809488832950592, "8_96_88_04.jpg": 0.14112579822540283, "8_96_88_05.jpg": 0.1334741860628128}