{"8_84_40_01.jpg": 0.3224973678588867, "8_84_40_02.jpg": 0.17922109365463257, "8_84_40_03.jpg": 0.15980195999145508, "8_84_40_04.jpg": 0.15232811868190765, "8_84_40_05.jpg": 0.13121283054351807}