{"8_36_60_01.jpg": 0.35546621680259705, "8_36_60_02.jpg": 0.3026033639907837, "8_36_60_03.jpg": 0.22767136991024017, "8_36_60_04.jpg": 0.205453559756279, "8_36_60_05.jpg": 0.1766081005334854}