{"8_72_88_01.jpg": 0.3228236734867096, "8_72_88_02.jpg": 0.30063754320144653, "8_72_88_03.jpg": 0.2206297069787979, "8_72_88_04.jpg": 0.1967812478542328, "8_72_88_05.jpg": 0.1916566789150238}