{"8_28_52_01.jpg": 0.34027087688446045, "8_28_52_02.jpg": 0.23048533499240875, "8_28_52_03.jpg": 0.1955333650112152, "8_28_52_04.jpg": 0.1499031037092209, "8_28_52_05.jpg": 0.14317339658737183}