{"8_60_100_01.jpg": 0.2968555688858032, "8_60_100_02.jpg": 0.27755028009414673, "8_60_100_03.jpg": 0.2524820864200592, "8_60_100_04.jpg": 0.16048020124435425, "8_60_100_05.jpg": 0.1503530889749527}