{"8_36_52_01.jpg": 0.4065205156803131, "8_36_52_02.jpg": 0.35677310824394226, "8_36_52_03.jpg": 0.29532238841056824, "8_36_52_04.jpg": 0.2612704634666443, "8_36_52_05.jpg": 0.2538338303565979}