{"8_24_60_01.jpg": 0.2787202000617981, "8_24_60_02.jpg": 0.10619647055864334, "8_24_60_03.jpg": 0.08509833365678787, "8_24_60_04.jpg": 0.06273125857114792, "8_24_60_05.jpg": 0.05514946207404137}