{"8_24_60_01.jpg": 0.5403423309326172, "8_24_60_02.jpg": 0.29904061555862427, "8_24_60_03.jpg": 0.2961646020412445, "8_24_60_04.jpg": 0.2764999568462372, "8_24_60_05.jpg": 0.25021061301231384}