{"8_48_88_01.jpg": 0.4063044488430023, "8_48_88_02.jpg": 0.3565269708633423, "8_48_88_03.jpg": 0.3515661954879761, "8_48_88_04.jpg": 0.31999725103378296, "8_48_88_05.jpg": 0.28748178482055664}