{"8_56_52_01.jpg": 0.35892337560653687, "8_56_52_02.jpg": 0.31897854804992676, "8_56_52_03.jpg": 0.2735093832015991, "8_56_52_04.jpg": 0.2154981642961502, "8_56_52_05.jpg": 0.20668983459472656}