{"8_44_56_01.jpg": 0.4228445887565613, "8_44_56_02.jpg": 0.3872517943382263, "8_44_56_03.jpg": 0.2819346487522125, "8_44_56_04.jpg": 0.278845876455307, "8_44_56_05.jpg": 0.2596316635608673}