{"8_64_44_01.jpg": 0.34429848194122314, "8_64_44_02.jpg": 0.30678653717041016, "8_64_44_03.jpg": 0.25524356961250305, "8_64_44_04.jpg": 0.2308196872472763, "8_64_44_05.jpg": 0.20935243368148804}