{"8_84_44_01.jpg": 0.3208458721637726, "8_84_44_02.jpg": 0.30965718626976013, "8_84_44_03.jpg": 0.24353517591953278, "8_84_44_04.jpg": 0.21097522974014282, "8_84_44_05.jpg": 0.12755782902240753}