{"8_100_64_01.jpg": 0.42633476853370667, "8_100_64_02.jpg": 0.4210769832134247, "8_100_64_03.jpg": 0.38063785433769226, "8_100_64_04.jpg": 0.27920812368392944, "8_100_64_05.jpg": 0.2248939424753189}