{"8_48_88_01.jpg": 0.2983036935329437, "8_48_88_02.jpg": 0.2893295884132385, "8_48_88_03.jpg": 0.2500093877315521, "8_48_88_04.jpg": 0.19820943474769592, "8_48_88_05.jpg": 0.16941265761852264}