{"8_88_56_01.jpg": 0.3341178297996521, "8_88_56_02.jpg": 0.20661525428295135, "8_88_56_03.jpg": 0.17696157097816467, "8_88_56_04.jpg": 0.11413183808326721, "8_88_56_05.jpg": 0.10805276036262512}