{"8_16_32_01.jpg": 0.41562122106552124, "8_16_32_02.jpg": 0.3510913848876953, "8_16_32_03.jpg": 0.13091899454593658, "8_16_32_04.jpg": 0.10536516457796097, "8_16_32_05.jpg": 0.09715711325407028}