{"8_68_88_01.jpg": 0.3825322687625885, "8_68_88_02.jpg": 0.24705688655376434, "8_68_88_03.jpg": 0.19855362176895142, "8_68_88_04.jpg": 0.18524721264839172, "8_68_88_05.jpg": 0.16333039104938507}