{"8_20_52_01.jpg": 0.3123679459095001, "8_20_52_02.jpg": 0.15677468478679657, "8_20_52_03.jpg": 0.1558593511581421, "8_20_52_04.jpg": 0.14063772559165955, "8_20_52_05.jpg": 0.13585880398750305}