{"8_52_88_01.jpg": 0.48412567377090454, "8_52_88_02.jpg": 0.33914774656295776, "8_52_88_03.jpg": 0.33081719279289246, "8_52_88_04.jpg": 0.2994217574596405, "8_52_88_05.jpg": 0.2840995788574219}