{"8_12_52_01.jpg": 0.3230070173740387, "8_12_52_02.jpg": 0.18478533625602722, "8_12_52_03.jpg": 0.17696832120418549, "8_12_52_04.jpg": 0.17114965617656708, "8_12_52_05.jpg": 0.16208788752555847}