{"8_36_44_01.jpg": 0.28042861819267273, "8_36_44_02.jpg": 0.20623920857906342, "8_36_44_03.jpg": 0.13287346065044403, "8_36_44_04.jpg": 0.13041161000728607, "8_36_44_05.jpg": 0.10233663767576218}