{"8_64_84_01.jpg": 0.42354103922843933, "8_64_84_02.jpg": 0.3278978168964386, "8_64_84_03.jpg": 0.2892087399959564, "8_64_84_04.jpg": 0.25423237681388855, "8_64_84_05.jpg": 0.24962075054645538}