{"8_96_52_01.jpg": 0.2479126900434494, "8_96_52_02.jpg": 0.20654280483722687, "8_96_52_03.jpg": 0.17320972681045532, "8_96_52_04.jpg": 0.12877118587493896, "8_96_52_05.jpg": 0.09805380553007126}