{"8_32_92_01.jpg": 0.3533802330493927, "8_32_92_02.jpg": 0.2698635756969452, "8_32_92_03.jpg": 0.24775637686252594, "8_32_92_04.jpg": 0.23005430400371552, "8_32_92_05.jpg": 0.20221562683582306}