{"8_64_28_01.jpg": 0.3377842903137207, "8_64_28_02.jpg": 0.2008712738752365, "8_64_28_03.jpg": 0.15384984016418457, "8_64_28_04.jpg": 0.12788476049900055, "8_64_28_05.jpg": 0.1102767288684845}