{"8_36_96_01.jpg": 0.2921469807624817, "8_36_96_02.jpg": 0.21246513724327087, "8_36_96_03.jpg": 0.20776709914207458, "8_36_96_04.jpg": 0.12822487950325012, "8_36_96_05.jpg": 0.12345126271247864}