{"8_40_20_01.jpg": 0.35532477498054504, "8_40_20_02.jpg": 0.27068713307380676, "8_40_20_03.jpg": 0.19934779405593872, "8_40_20_04.jpg": 0.1810375601053238, "8_40_20_05.jpg": 0.1668233722448349}