{"8_64_104_01.jpg": 0.5575189590454102, "8_64_104_02.jpg": 0.15838617086410522, "8_64_104_03.jpg": 0.12188319861888885, "8_64_104_04.jpg": 0.12013187259435654, "8_64_104_05.jpg": 0.10104580223560333}