{"8_84_44_01.jpg": 0.16522613167762756, "8_84_44_02.jpg": 0.14796985685825348, "8_84_44_03.jpg": 0.13727203011512756, "8_84_44_04.jpg": 0.08760011941194534, "8_84_44_05.jpg": 0.06831597536802292}