{"8_16_80_01.jpg": 0.23796235024929047, "8_16_80_02.jpg": 0.19868481159210205, "8_16_80_03.jpg": 0.14264607429504395, "8_16_80_04.jpg": 0.13510334491729736, "8_16_80_05.jpg": 0.11742503941059113}