{"8_92_56_01.jpg": 0.24325014650821686, "8_92_56_02.jpg": 0.16939380764961243, "8_92_56_03.jpg": 0.13585613667964935, "8_92_56_04.jpg": 0.0847930982708931, "8_92_56_05.jpg": 0.07746076583862305}