{"8_28_28_01.jpg": 0.3619091212749481, "8_28_28_02.jpg": 0.3585442006587982, "8_28_28_03.jpg": 0.23963560163974762, "8_28_28_04.jpg": 0.23694030940532684, "8_28_28_05.jpg": 0.20957361161708832}