{"8_32_36_01.jpg": 0.3952074646949768, "8_32_36_02.jpg": 0.33466264605522156, "8_32_36_03.jpg": 0.28764787316322327, "8_32_36_04.jpg": 0.22868528962135315, "8_32_36_05.jpg": 0.21839869022369385}