{"8_104_28_01.jpg": 0.26501399278640747, "8_104_28_02.jpg": 0.2095913589000702, "8_104_28_03.jpg": 0.16073213517665863, "8_104_28_04.jpg": 0.15572026371955872, "8_104_28_05.jpg": 0.14728914201259613}