{"8_72_88_01.jpg": 0.22228477895259857, "8_72_88_02.jpg": 0.1431763470172882, "8_72_88_03.jpg": 0.11857850849628448, "8_72_88_04.jpg": 0.09453605860471725, "8_72_88_05.jpg": 0.08208020031452179}