{"8_72_52_01.jpg": 0.45084908604621887, "8_72_52_02.jpg": 0.2839284837245941, "8_72_52_03.jpg": 0.2648611068725586, "8_72_52_04.jpg": 0.23081780970096588, "8_72_52_05.jpg": 0.22908452153205872}