{"8_32_64_01.jpg": 0.34723496437072754, "8_32_64_02.jpg": 0.23176030814647675, "8_32_64_03.jpg": 0.2244616597890854, "8_32_64_04.jpg": 0.19044557213783264, "8_32_64_05.jpg": 0.18768815696239471}