{"8_32_84_01.jpg": 0.3259861171245575, "8_32_84_02.jpg": 0.31423428654670715, "8_32_84_03.jpg": 0.20709528028964996, "8_32_84_04.jpg": 0.1814294308423996, "8_32_84_05.jpg": 0.12363681942224503}