{"8_44_36_01.jpg": 0.21121501922607422, "8_44_36_02.jpg": 0.13494916260242462, "8_44_36_03.jpg": 0.12044983357191086, "8_44_36_04.jpg": 0.0859823003411293, "8_44_36_05.jpg": 0.06315924227237701}