{"8_40_44_01.jpg": 0.4453088045120239, "8_40_44_02.jpg": 0.19777819514274597, "8_40_44_03.jpg": 0.12089157104492188, "8_40_44_04.jpg": 0.10080704092979431, "8_40_44_05.jpg": 0.0829545259475708}