{"8_32_32_01.jpg": 0.38665568828582764, "8_32_32_02.jpg": 0.308975487947464, "8_32_32_03.jpg": 0.17307528853416443, "8_32_32_04.jpg": 0.1660694181919098, "8_32_32_05.jpg": 0.15658894181251526}