{"8_32_16_01.jpg": 0.5804996490478516, "8_32_16_02.jpg": 0.3374956250190735, "8_32_16_03.jpg": 0.3154463469982147, "8_32_16_04.jpg": 0.2599768042564392, "8_32_16_05.jpg": 0.22368121147155762}