{"8_24_64_01.jpg": 0.4127819240093231, "8_24_64_02.jpg": 0.36987102031707764, "8_24_64_03.jpg": 0.24971987307071686, "8_24_64_04.jpg": 0.24242003262043, "8_24_64_05.jpg": 0.2213202565908432}