{"8_92_56_01.jpg": 0.41779306530952454, "8_92_56_02.jpg": 0.3771495819091797, "8_92_56_03.jpg": 0.3510289788246155, "8_92_56_04.jpg": 0.2760217785835266, "8_92_56_05.jpg": 0.23271889984607697}