{"8_12_40_01.jpg": 0.4321903884410858, "8_12_40_02.jpg": 0.38605210185050964, "8_12_40_03.jpg": 0.2966867685317993, "8_12_40_04.jpg": 0.28326234221458435, "8_12_40_05.jpg": 0.2617686092853546}