{"8_20_44_01.jpg": 0.37145426869392395, "8_20_44_02.jpg": 0.30519962310791016, "8_20_44_03.jpg": 0.25666752457618713, "8_20_44_04.jpg": 0.24567967653274536, "8_20_44_05.jpg": 0.24138543009757996}