{"8_68_84_01.jpg": 0.282303124666214, "8_68_84_02.jpg": 0.16652895510196686, "8_68_84_03.jpg": 0.15776480734348297, "8_68_84_04.jpg": 0.10787799954414368, "8_68_84_05.jpg": 0.10308375209569931}