{"8_28_32_01.jpg": 0.3635213375091553, "8_28_32_02.jpg": 0.26871511340141296, "8_28_32_03.jpg": 0.252249151468277, "8_28_32_04.jpg": 0.21907886862754822, "8_28_32_05.jpg": 0.1993783861398697}