{"8_12_48_01.jpg": 0.32772138714790344, "8_12_48_02.jpg": 0.3178882598876953, "8_12_48_03.jpg": 0.2117774933576584, "8_12_48_04.jpg": 0.16016976535320282, "8_12_48_05.jpg": 0.15471041202545166}