{"8_48_76_01.jpg": 0.5088396072387695, "8_48_76_02.jpg": 0.44996386766433716, "8_48_76_03.jpg": 0.34476238489151, "8_48_76_04.jpg": 0.3323545753955841, "8_48_76_05.jpg": 0.2911396622657776}