{"8_40_48_01.jpg": 0.3019602298736572, "8_40_48_02.jpg": 0.19483281672000885, "8_40_48_03.jpg": 0.16174499690532684, "8_40_48_04.jpg": 0.16067884862422943, "8_40_48_05.jpg": 0.15184420347213745}