{"8_92_56_01.jpg": 0.1767844706773758, "8_92_56_02.jpg": 0.13238830864429474, "8_92_56_03.jpg": 0.10594767332077026, "8_92_56_04.jpg": 0.09520120918750763, "8_92_56_05.jpg": 0.08266962319612503}