{"8_76_24_01.jpg": 0.22462990880012512, "8_76_24_02.jpg": 0.18495239317417145, "8_76_24_03.jpg": 0.16462911665439606, "8_76_24_04.jpg": 0.14162735641002655, "8_76_24_05.jpg": 0.13624395430088043}