{"8_84_96_01.jpg": 0.2117437869310379, "8_84_96_02.jpg": 0.20474161207675934, "8_84_96_03.jpg": 0.14757917821407318, "8_84_96_04.jpg": 0.10302676260471344, "8_84_96_05.jpg": 0.0983714759349823}