{"8_68_60_01.jpg": 0.17795710265636444, "8_68_60_02.jpg": 0.15132206678390503, "8_68_60_03.jpg": 0.11239130049943924, "8_68_60_04.jpg": 0.09992833435535431, "8_68_60_05.jpg": 0.08330667018890381}