{"8_60_36_01.jpg": 0.2833921015262604, "8_60_36_02.jpg": 0.21972733736038208, "8_60_36_03.jpg": 0.1912376433610916, "8_60_36_04.jpg": 0.1867203563451767, "8_60_36_05.jpg": 0.17169225215911865}