{"8_104_56_01.jpg": 0.5280624628067017, "8_104_56_02.jpg": 0.21972651779651642, "8_104_56_03.jpg": 0.14381732046604156, "8_104_56_04.jpg": 0.12683819234371185, "8_104_56_05.jpg": 0.12500612437725067}