{"8_80_100_01.jpg": 0.22448135912418365, "8_80_100_02.jpg": 0.15777984261512756, "8_80_100_03.jpg": 0.15324357151985168, "8_80_100_04.jpg": 0.1355738639831543, "8_80_100_05.jpg": 0.11459127068519592}