{"8_44_36_01.jpg": 0.3489842712879181, "8_44_36_02.jpg": 0.2321719378232956, "8_44_36_03.jpg": 0.22741392254829407, "8_44_36_04.jpg": 0.21886512637138367, "8_44_36_05.jpg": 0.18086008727550507}