{"8_44_84_01.jpg": 0.3122956454753876, "8_44_84_02.jpg": 0.28203752636909485, "8_44_84_03.jpg": 0.2815555930137634, "8_44_84_04.jpg": 0.27443572878837585, "8_44_84_05.jpg": 0.271340548992157}