{"8_52_92_01.jpg": 0.3143463730812073, "8_52_92_02.jpg": 0.21835266053676605, "8_52_92_03.jpg": 0.20098625123500824, "8_52_92_04.jpg": 0.18549801409244537, "8_52_92_05.jpg": 0.15234138071537018}