{"8_28_80_01.jpg": 0.40799781680107117, "8_28_80_02.jpg": 0.33888059854507446, "8_28_80_03.jpg": 0.331807017326355, "8_28_80_04.jpg": 0.30875518918037415, "8_28_80_05.jpg": 0.22149503231048584}