{"8_24_28_01.jpg": 0.3676850199699402, "8_24_28_02.jpg": 0.24262157082557678, "8_24_28_03.jpg": 0.18262940645217896, "8_24_28_04.jpg": 0.18102149665355682, "8_24_28_05.jpg": 0.1794423907995224}