{"8_32_24_01.jpg": 0.3476744294166565, "8_32_24_02.jpg": 0.312277227640152, "8_32_24_03.jpg": 0.23874926567077637, "8_32_24_04.jpg": 0.2083742469549179, "8_32_24_05.jpg": 0.20255793631076813}