{"8_40_72_01.jpg": 0.271467924118042, "8_40_72_02.jpg": 0.17089945077896118, "8_40_72_03.jpg": 0.1384332925081253, "8_40_72_04.jpg": 0.10304905474185944, "8_40_72_05.jpg": 0.08808311820030212}