{"8_56_64_01.jpg": 0.35997676849365234, "8_56_64_02.jpg": 0.3284215033054352, "8_56_64_03.jpg": 0.25444379448890686, "8_56_64_04.jpg": 0.2503502666950226, "8_56_64_05.jpg": 0.23114894330501556}