{"8_56_8_01.jpg": 0.24933521449565887, "8_56_8_02.jpg": 0.18856947124004364, "8_56_8_03.jpg": 0.18040233850479126, "8_56_8_04.jpg": 0.1522257775068283, "8_56_8_05.jpg": 0.14874757826328278}