{"8_44_100_01.jpg": 0.3417508900165558, "8_44_100_02.jpg": 0.17586934566497803, "8_44_100_03.jpg": 0.17573225498199463, "8_44_100_04.jpg": 0.14499832689762115, "8_44_100_05.jpg": 0.12216034531593323}