{"8_36_64_01.jpg": 0.29125916957855225, "8_36_64_02.jpg": 0.24995113909244537, "8_36_64_03.jpg": 0.1521308422088623, "8_36_64_04.jpg": 0.11340007185935974, "8_36_64_05.jpg": 0.0755695030093193}