{"8_44_48_01.jpg": 0.39850133657455444, "8_44_48_02.jpg": 0.29173827171325684, "8_44_48_03.jpg": 0.2543403208255768, "8_44_48_04.jpg": 0.2364501953125, "8_44_48_05.jpg": 0.21412886679172516}