{"8_80_80_01.jpg": 0.2573368549346924, "8_80_80_02.jpg": 0.2422875612974167, "8_80_80_03.jpg": 0.2007567584514618, "8_80_80_04.jpg": 0.1894412636756897, "8_80_80_05.jpg": 0.1563437283039093}