{"8_84_76_01.jpg": 0.32948634028434753, "8_84_76_02.jpg": 0.27643561363220215, "8_84_76_03.jpg": 0.07428440451622009, "8_84_76_04.jpg": 0.07105258107185364, "8_84_76_05.jpg": 0.06519263982772827}