{"8_92_44_01.jpg": 0.32918092608451843, "8_92_44_02.jpg": 0.22589175403118134, "8_92_44_03.jpg": 0.22310303151607513, "8_92_44_04.jpg": 0.15781430900096893, "8_92_44_05.jpg": 0.14834795892238617}