{"8_48_84_01.jpg": 0.31278690695762634, "8_48_84_02.jpg": 0.23517031967639923, "8_48_84_03.jpg": 0.1787664145231247, "8_48_84_04.jpg": 0.17310917377471924, "8_48_84_05.jpg": 0.15733246505260468}