{"8_88_36_01.jpg": 0.30153611302375793, "8_88_36_02.jpg": 0.24662964046001434, "8_88_36_03.jpg": 0.20045417547225952, "8_88_36_04.jpg": 0.18713293969631195, "8_88_36_05.jpg": 0.18471479415893555}