{"8_16_52_01.jpg": 0.3406193256378174, "8_16_52_02.jpg": 0.3219031095504761, "8_16_52_03.jpg": 0.25291502475738525, "8_16_52_04.jpg": 0.2515465021133423, "8_16_52_05.jpg": 0.1853298842906952}