{"8_88_48_01.jpg": 0.42149361968040466, "8_88_48_02.jpg": 0.4116775691509247, "8_88_48_03.jpg": 0.30627238750457764, "8_88_48_04.jpg": 0.2845098674297333, "8_88_48_05.jpg": 0.2827621102333069}