{"8_68_36_01.jpg": 0.46332573890686035, "8_68_36_02.jpg": 0.4287898540496826, "8_68_36_03.jpg": 0.32703375816345215, "8_68_36_04.jpg": 0.25157392024993896, "8_68_36_05.jpg": 0.1906287670135498}