{"8_84_64_01.jpg": 0.2968645393848419, "8_84_64_02.jpg": 0.28081101179122925, "8_84_64_03.jpg": 0.19024799764156342, "8_84_64_04.jpg": 0.16225749254226685, "8_84_64_05.jpg": 0.14603191614151}