{"8_36_48_01.jpg": 0.3258094787597656, "8_36_48_02.jpg": 0.3119566738605499, "8_36_48_03.jpg": 0.1683868169784546, "8_36_48_04.jpg": 0.16624267399311066, "8_36_48_05.jpg": 0.16396564245224}