{"8_64_68_01.jpg": 0.24360640347003937, "8_64_68_02.jpg": 0.15682758390903473, "8_64_68_03.jpg": 0.1378776729106903, "8_64_68_04.jpg": 0.11982983350753784, "8_64_68_05.jpg": 0.11598550528287888}