{"8_64_100_01.jpg": 0.3080311417579651, "8_64_100_02.jpg": 0.19153444468975067, "8_64_100_03.jpg": 0.16097085177898407, "8_64_100_04.jpg": 0.1562250256538391, "8_64_100_05.jpg": 0.15386833250522614}