{"8_64_92_01.jpg": 0.3665800392627716, "8_64_92_02.jpg": 0.3367382287979126, "8_64_92_03.jpg": 0.25075867772102356, "8_64_92_04.jpg": 0.24552825093269348, "8_64_92_05.jpg": 0.22456197440624237}