{"8_48_16_01.jpg": 0.45254752039909363, "8_48_16_02.jpg": 0.36451226472854614, "8_48_16_03.jpg": 0.29608237743377686, "8_48_16_04.jpg": 0.19266897439956665, "8_48_16_05.jpg": 0.1892874836921692}