{"8_44_64_01.jpg": 0.27458447217941284, "8_44_64_02.jpg": 0.19776833057403564, "8_44_64_03.jpg": 0.12372623383998871, "8_44_64_04.jpg": 0.09168364852666855, "8_44_64_05.jpg": 0.09122338145971298}