{"8_64_28_01.jpg": 0.358560711145401, "8_64_28_02.jpg": 0.33396029472351074, "8_64_28_03.jpg": 0.2516373097896576, "8_64_28_04.jpg": 0.2295304238796234, "8_64_28_05.jpg": 0.2099570631980896}