{"8_80_92_01.jpg": 0.3425541818141937, "8_80_92_02.jpg": 0.2976752519607544, "8_80_92_03.jpg": 0.16847023367881775, "8_80_92_04.jpg": 0.16732361912727356, "8_80_92_05.jpg": 0.15183834731578827}