{"8_36_88_01.jpg": 0.5313833355903625, "8_36_88_02.jpg": 0.2882377505302429, "8_36_88_03.jpg": 0.2877661883831024, "8_36_88_04.jpg": 0.25712335109710693, "8_36_88_05.jpg": 0.25186556577682495}