{"8_24_88_01.jpg": 0.40548112988471985, "8_24_88_02.jpg": 0.21407054364681244, "8_24_88_03.jpg": 0.21192537248134613, "8_24_88_04.jpg": 0.18666452169418335, "8_24_88_05.jpg": 0.1513616442680359}