{"8_52_36_01.jpg": 0.44448503851890564, "8_52_36_02.jpg": 0.22219665348529816, "8_52_36_03.jpg": 0.19262248277664185, "8_52_36_04.jpg": 0.16686362028121948, "8_52_36_05.jpg": 0.1384870707988739}