{"8_80_32_01.jpg": 0.1886408030986786, "8_80_32_02.jpg": 0.09315943717956543, "8_80_32_03.jpg": 0.08175957202911377, "8_80_32_04.jpg": 0.07052786648273468, "8_80_32_05.jpg": 0.06771158427000046}