{"8_20_40_01.jpg": 0.37152427434921265, "8_20_40_02.jpg": 0.35027533769607544, "8_20_40_03.jpg": 0.28271231055259705, "8_20_40_04.jpg": 0.2739841938018799, "8_20_40_05.jpg": 0.24542583525180817}