{"8_20_92_01.jpg": 0.28458115458488464, "8_20_92_02.jpg": 0.14645229279994965, "8_20_92_03.jpg": 0.12021072208881378, "8_20_92_04.jpg": 0.11816276609897614, "8_20_92_05.jpg": 0.10901514440774918}