{"8_84_64_01.jpg": 0.35456687211990356, "8_84_64_02.jpg": 0.29422467947006226, "8_84_64_03.jpg": 0.2853293716907501, "8_84_64_04.jpg": 0.22466661036014557, "8_84_64_05.jpg": 0.20779801905155182}