{"8_20_52_01.jpg": 0.5003502368927002, "8_20_52_02.jpg": 0.2850908041000366, "8_20_52_03.jpg": 0.27695056796073914, "8_20_52_04.jpg": 0.26609963178634644, "8_20_52_05.jpg": 0.1884511262178421}