{"8_44_40_01.jpg": 0.2996755540370941, "8_44_40_02.jpg": 0.27948838472366333, "8_44_40_03.jpg": 0.26982828974723816, "8_44_40_04.jpg": 0.1599053591489792, "8_44_40_05.jpg": 0.13663099706172943}