{"8_24_88_01.jpg": 0.2798878252506256, "8_24_88_02.jpg": 0.1725638210773468, "8_24_88_03.jpg": 0.14934222400188446, "8_24_88_04.jpg": 0.13280408084392548, "8_24_88_05.jpg": 0.12978994846343994}