{"8_60_20_01.jpg": 0.5736812949180603, "8_60_20_02.jpg": 0.509770929813385, "8_60_20_03.jpg": 0.3139020800590515, "8_60_20_04.jpg": 0.2987426519393921, "8_60_20_05.jpg": 0.29755422472953796}