{"8_84_68_01.jpg": 0.3866967260837555, "8_84_68_02.jpg": 0.38050079345703125, "8_84_68_03.jpg": 0.26256299018859863, "8_84_68_04.jpg": 0.2034548670053482, "8_84_68_05.jpg": 0.20134663581848145}