{"8_68_96_01.jpg": 0.431024968624115, "8_68_96_02.jpg": 0.40797173976898193, "8_68_96_03.jpg": 0.3857731521129608, "8_68_96_04.jpg": 0.3300539553165436, "8_68_96_05.jpg": 0.31280121207237244}