{"8_28_20_01.jpg": 0.4053557217121124, "8_28_20_02.jpg": 0.30447015166282654, "8_28_20_03.jpg": 0.25537461042404175, "8_28_20_04.jpg": 0.24069932103157043, "8_28_20_05.jpg": 0.22685973346233368}