{"8_52_48_01.jpg": 0.2269509881734848, "8_52_48_02.jpg": 0.18310661613941193, "8_52_48_03.jpg": 0.1500646471977234, "8_52_48_04.jpg": 0.1492658108472824, "8_52_48_05.jpg": 0.13930685818195343}