{"8_60_40_01.jpg": 0.6027188897132874, "8_60_40_02.jpg": 0.34676241874694824, "8_60_40_03.jpg": 0.3305624723434448, "8_60_40_04.jpg": 0.2843429744243622, "8_60_40_05.jpg": 0.26139411330223083}