{"8_16_68_01.jpg": 0.2728250324726105, "8_16_68_02.jpg": 0.13187465071678162, "8_16_68_03.jpg": 0.12117990106344223, "8_16_68_04.jpg": 0.10884690284729004, "8_16_68_05.jpg": 0.104810930788517}