{"8_48_84_01.jpg": 0.22045515477657318, "8_48_84_02.jpg": 0.21081078052520752, "8_48_84_03.jpg": 0.10819162428379059, "8_48_84_04.jpg": 0.10331884026527405, "8_48_84_05.jpg": 0.08615123480558395}