{"8_68_96_01.jpg": 0.34185701608657837, "8_68_96_02.jpg": 0.20926469564437866, "8_68_96_03.jpg": 0.19805459678173065, "8_68_96_04.jpg": 0.19699276983737946, "8_68_96_05.jpg": 0.1924753487110138}