{"8_24_56_01.jpg": 0.33743786811828613, "8_24_56_02.jpg": 0.3110615611076355, "8_24_56_03.jpg": 0.2915409803390503, "8_24_56_04.jpg": 0.2720072865486145, "8_24_56_05.jpg": 0.21432775259017944}