{"8_88_60_01.jpg": 0.33413165807724, "8_88_60_02.jpg": 0.20142142474651337, "8_88_60_03.jpg": 0.1965658813714981, "8_88_60_04.jpg": 0.182771235704422, "8_88_60_05.jpg": 0.14310020208358765}