{"8_64_88_01.jpg": 0.23404240608215332, "8_64_88_02.jpg": 0.16771338880062103, "8_64_88_03.jpg": 0.1371120661497116, "8_64_88_04.jpg": 0.1327909678220749, "8_64_88_05.jpg": 0.11340752989053726}