{"8_64_24_01.jpg": 0.3789321780204773, "8_64_24_02.jpg": 0.27728962898254395, "8_64_24_03.jpg": 0.27602899074554443, "8_64_24_04.jpg": 0.2631809115409851, "8_64_24_05.jpg": 0.2418789565563202}