{"8_68_88_01.jpg": 0.3060050308704376, "8_68_88_02.jpg": 0.1640249639749527, "8_68_88_03.jpg": 0.15342669188976288, "8_68_88_04.jpg": 0.12509703636169434, "8_68_88_05.jpg": 0.10529864579439163}