{"8_20_68_01.jpg": 0.21805104613304138, "8_20_68_02.jpg": 0.21449369192123413, "8_20_68_03.jpg": 0.10146519541740417, "8_20_68_04.jpg": 0.08977664262056351, "8_20_68_05.jpg": 0.077211394906044}