{"8_48_92_01.jpg": 0.35531869530677795, "8_48_92_02.jpg": 0.21250668168067932, "8_48_92_03.jpg": 0.2118254005908966, "8_48_92_04.jpg": 0.2071753591299057, "8_48_92_05.jpg": 0.19029678404331207}