{"8_36_92_01.jpg": 0.24062323570251465, "8_36_92_02.jpg": 0.23318696022033691, "8_36_92_03.jpg": 0.19884257018566132, "8_36_92_04.jpg": 0.1248527243733406, "8_36_92_05.jpg": 0.1147625520825386}