{"8_68_24_01.jpg": 0.3638152778148651, "8_68_24_02.jpg": 0.30334213376045227, "8_68_24_03.jpg": 0.19460925459861755, "8_68_24_04.jpg": 0.1642935425043106, "8_68_24_05.jpg": 0.14080366492271423}