{"8_76_96_01.jpg": 0.4421243667602539, "8_76_96_02.jpg": 0.2306051403284073, "8_76_96_03.jpg": 0.2236924022436142, "8_76_96_04.jpg": 0.1596926748752594, "8_76_96_05.jpg": 0.14522574841976166}