{"8_56_44_01.jpg": 0.3276129364967346, "8_56_44_02.jpg": 0.3146536946296692, "8_56_44_03.jpg": 0.3138619363307953, "8_56_44_04.jpg": 0.1549205631017685, "8_56_44_05.jpg": 0.13845814764499664}