{"8_40_64_01.jpg": 0.3694663643836975, "8_40_64_02.jpg": 0.26159223914146423, "8_40_64_03.jpg": 0.24996203184127808, "8_40_64_04.jpg": 0.22588665783405304, "8_40_64_05.jpg": 0.22406728565692902}