{"8_20_40_01.jpg": 0.21908384561538696, "8_20_40_02.jpg": 0.16420821845531464, "8_20_40_03.jpg": 0.14244014024734497, "8_20_40_04.jpg": 0.13661949336528778, "8_20_40_05.jpg": 0.12003268301486969}