{"8_56_32_01.jpg": 0.4105536937713623, "8_56_32_02.jpg": 0.2867276668548584, "8_56_32_03.jpg": 0.25122252106666565, "8_56_32_04.jpg": 0.2509668171405792, "8_56_32_05.jpg": 0.2406497597694397}