{"8_80_40_01.jpg": 0.32035401463508606, "8_80_40_02.jpg": 0.21073248982429504, "8_80_40_03.jpg": 0.1571197360754013, "8_80_40_04.jpg": 0.15195180475711823, "8_80_40_05.jpg": 0.12524299323558807}