{"8_36_56_01.jpg": 0.3170992136001587, "8_36_56_02.jpg": 0.29098954796791077, "8_36_56_03.jpg": 0.2516661584377289, "8_36_56_04.jpg": 0.1743602752685547, "8_36_56_05.jpg": 0.16447222232818604}