{"8_24_80_01.jpg": 0.2839837670326233, "8_24_80_02.jpg": 0.22509685158729553, "8_24_80_03.jpg": 0.20930810272693634, "8_24_80_04.jpg": 0.1838396042585373, "8_24_80_05.jpg": 0.18187808990478516}