{"8_64_32_01.jpg": 0.2950199246406555, "8_64_32_02.jpg": 0.18847861886024475, "8_64_32_03.jpg": 0.14169935882091522, "8_64_32_04.jpg": 0.13702234625816345, "8_64_32_05.jpg": 0.10810586810112}