{"8_80_88_01.jpg": 0.4029766917228699, "8_80_88_02.jpg": 0.376391738653183, "8_80_88_03.jpg": 0.3642585575580597, "8_80_88_04.jpg": 0.3135435879230499, "8_80_88_05.jpg": 0.2856748700141907}