{"8_96_40_01.jpg": 0.3587063252925873, "8_96_40_02.jpg": 0.2289857715368271, "8_96_40_03.jpg": 0.18589498102664948, "8_96_40_04.jpg": 0.16831505298614502, "8_96_40_05.jpg": 0.16383063793182373}