{"8_36_12_01.jpg": 0.2928353250026703, "8_36_12_02.jpg": 0.1716763973236084, "8_36_12_03.jpg": 0.08592101186513901, "8_36_12_04.jpg": 0.06244472786784172, "8_36_12_05.jpg": 0.050663791596889496}