{"8_88_32_01.jpg": 0.27843713760375977, "8_88_32_02.jpg": 0.20756174623966217, "8_88_32_03.jpg": 0.17706802487373352, "8_88_32_04.jpg": 0.15211468935012817, "8_88_32_05.jpg": 0.13461057841777802}