{"8_40_64_01.jpg": 0.2660258114337921, "8_40_64_02.jpg": 0.2615452706813812, "8_40_64_03.jpg": 0.1599389910697937, "8_40_64_04.jpg": 0.13467934727668762, "8_40_64_05.jpg": 0.11660119146108627}