{"8_20_76_01.jpg": 0.35064512491226196, "8_20_76_02.jpg": 0.31000083684921265, "8_20_76_03.jpg": 0.1789543777704239, "8_20_76_04.jpg": 0.16389666497707367, "8_20_76_05.jpg": 0.14769534766674042}