{"8_32_40_01.jpg": 0.39598581194877625, "8_32_40_02.jpg": 0.2575397491455078, "8_32_40_03.jpg": 0.22431021928787231, "8_32_40_04.jpg": 0.2164003700017929, "8_32_40_05.jpg": 0.18298646807670593}