{"8_84_32_01.jpg": 0.35487788915634155, "8_84_32_02.jpg": 0.24536283314228058, "8_84_32_03.jpg": 0.23822788894176483, "8_84_32_04.jpg": 0.2137676179409027, "8_84_32_05.jpg": 0.21263258159160614}