{"8_52_60_01.jpg": 0.3249940872192383, "8_52_60_02.jpg": 0.30860939621925354, "8_52_60_03.jpg": 0.23449356853961945, "8_52_60_04.jpg": 0.13059252500534058, "8_52_60_05.jpg": 0.12515361607074738}