{"8_60_96_01.jpg": 0.5836765170097351, "8_60_96_02.jpg": 0.14983810484409332, "8_60_96_03.jpg": 0.13719886541366577, "8_60_96_04.jpg": 0.11420846730470657, "8_60_96_05.jpg": 0.11278095841407776}