{"8_20_44_01.jpg": 0.35650691390037537, "8_20_44_02.jpg": 0.17935916781425476, "8_20_44_03.jpg": 0.16895270347595215, "8_20_44_04.jpg": 0.1485767513513565, "8_20_44_05.jpg": 0.13558050990104675}