{"8_64_76_01.jpg": 0.30473989248275757, "8_64_76_02.jpg": 0.14714853465557098, "8_64_76_03.jpg": 0.1388167440891266, "8_64_76_04.jpg": 0.13060639798641205, "8_64_76_05.jpg": 0.09635597467422485}