{"8_20_32_01.jpg": 0.5077760219573975, "8_20_32_02.jpg": 0.2328396737575531, "8_20_32_03.jpg": 0.22055689990520477, "8_20_32_04.jpg": 0.2173943966627121, "8_20_32_05.jpg": 0.2079593986272812}