{"8_12_80_01.jpg": 0.4242504835128784, "8_12_80_02.jpg": 0.4208775460720062, "8_12_80_03.jpg": 0.325274795293808, "8_12_80_04.jpg": 0.31486570835113525, "8_12_80_05.jpg": 0.2684415578842163}