{"8_68_92_01.jpg": 0.5126349925994873, "8_68_92_02.jpg": 0.20771341025829315, "8_68_92_03.jpg": 0.19441376626491547, "8_68_92_04.jpg": 0.16139541566371918, "8_68_92_05.jpg": 0.15601737797260284}