{"8_32_56_01.jpg": 0.3265763819217682, "8_32_56_02.jpg": 0.3237640857696533, "8_32_56_03.jpg": 0.2470245510339737, "8_32_56_04.jpg": 0.24664674699306488, "8_32_56_05.jpg": 0.21724346280097961}