{"8_40_100_01.jpg": 0.46394622325897217, "8_40_100_02.jpg": 0.24147778749465942, "8_40_100_03.jpg": 0.23966816067695618, "8_40_100_04.jpg": 0.1816854327917099, "8_40_100_05.jpg": 0.16374169290065765}