{"8_72_60_01.jpg": 0.3325278162956238, "8_72_60_02.jpg": 0.20971408486366272, "8_72_60_03.jpg": 0.18062712252140045, "8_72_60_04.jpg": 0.1795525699853897, "8_72_60_05.jpg": 0.1691836565732956}