{"8_68_52_01.jpg": 0.23550602793693542, "8_68_52_02.jpg": 0.23230858147144318, "8_68_52_03.jpg": 0.15712346136569977, "8_68_52_04.jpg": 0.11372725665569305, "8_68_52_05.jpg": 0.10981248319149017}