{"8_32_24_01.jpg": 0.5639532208442688, "8_32_24_02.jpg": 0.3495745062828064, "8_32_24_03.jpg": 0.27434396743774414, "8_32_24_04.jpg": 0.19623561203479767, "8_32_24_05.jpg": 0.1798023283481598}