{"8_24_44_01.jpg": 0.3497984707355499, "8_24_44_02.jpg": 0.3256220817565918, "8_24_44_03.jpg": 0.2658429741859436, "8_24_44_04.jpg": 0.21220706403255463, "8_24_44_05.jpg": 0.1818224936723709}