{"8_104_44_01.jpg": 0.4196724593639374, "8_104_44_02.jpg": 0.2855633795261383, "8_104_44_03.jpg": 0.21234476566314697, "8_104_44_04.jpg": 0.17454658448696136, "8_104_44_05.jpg": 0.16776177287101746}