{"8_52_24_01.jpg": 0.3484436571598053, "8_52_24_02.jpg": 0.20771007239818573, "8_52_24_03.jpg": 0.18273156881332397, "8_52_24_04.jpg": 0.15986944735050201, "8_52_24_05.jpg": 0.14770354330539703}