{"8_60_76_01.jpg": 0.4761826992034912, "8_60_76_02.jpg": 0.30885523557662964, "8_60_76_03.jpg": 0.28085529804229736, "8_60_76_04.jpg": 0.23233573138713837, "8_60_76_05.jpg": 0.2275526374578476}