{"8_88_64_01.jpg": 0.38674941658973694, "8_88_64_02.jpg": 0.30501505732536316, "8_88_64_03.jpg": 0.27532970905303955, "8_88_64_04.jpg": 0.2691302001476288, "8_88_64_05.jpg": 0.2654109299182892}