{"8_24_68_01.jpg": 0.4190268814563751, "8_24_68_02.jpg": 0.18287649750709534, "8_24_68_03.jpg": 0.1762012541294098, "8_24_68_04.jpg": 0.16248495876789093, "8_24_68_05.jpg": 0.15884895622730255}