{"8_64_104_01.jpg": 0.21679355204105377, "8_64_104_02.jpg": 0.21318161487579346, "8_64_104_03.jpg": 0.1626691073179245, "8_64_104_04.jpg": 0.1219487115740776, "8_64_104_05.jpg": 0.12098647654056549}