{"8_96_32_01.jpg": 0.2587883174419403, "8_96_32_02.jpg": 0.16740229725837708, "8_96_32_03.jpg": 0.12696002423763275, "8_96_32_04.jpg": 0.10981553047895432, "8_96_32_05.jpg": 0.09591325372457504}