{"8_68_16_01.jpg": 0.3997785747051239, "8_68_16_02.jpg": 0.3270585238933563, "8_68_16_03.jpg": 0.2333131730556488, "8_68_16_04.jpg": 0.23323823511600494, "8_68_16_05.jpg": 0.1897304654121399}