{"8_40_16_01.jpg": 0.26331156492233276, "8_40_16_02.jpg": 0.23440904915332794, "8_40_16_03.jpg": 0.15854178369045258, "8_40_16_04.jpg": 0.1402057707309723, "8_40_16_05.jpg": 0.11973334103822708}