{"8_20_36_01.jpg": 0.5378971099853516, "8_20_36_02.jpg": 0.2580100893974304, "8_20_36_03.jpg": 0.1910131424665451, "8_20_36_04.jpg": 0.17219604551792145, "8_20_36_05.jpg": 0.14246384799480438}