{"8_28_28_01.jpg": 0.29467183351516724, "8_28_28_02.jpg": 0.14717712998390198, "8_28_28_03.jpg": 0.13727883994579315, "8_28_28_04.jpg": 0.13648107647895813, "8_28_28_05.jpg": 0.11046984046697617}