{"8_96_32_01.jpg": 0.2216157466173172, "8_96_32_02.jpg": 0.1829770803451538, "8_96_32_03.jpg": 0.14612004160881042, "8_96_32_04.jpg": 0.14601705968379974, "8_96_32_05.jpg": 0.13089357316493988}