{"8_36_44_01.jpg": 0.5929728746414185, "8_36_44_02.jpg": 0.1923879235982895, "8_36_44_03.jpg": 0.17289604246616364, "8_36_44_04.jpg": 0.13991321623325348, "8_36_44_05.jpg": 0.12996725738048553}