{"8_64_12_01.jpg": 0.2567096948623657, "8_64_12_02.jpg": 0.2481149584054947, "8_64_12_03.jpg": 0.20694784820079803, "8_64_12_04.jpg": 0.19142529368400574, "8_64_12_05.jpg": 0.1591162532567978}