{"8_76_96_01.jpg": 0.3974316716194153, "8_76_96_02.jpg": 0.3788747489452362, "8_76_96_03.jpg": 0.2587432861328125, "8_76_96_04.jpg": 0.2417452335357666, "8_76_96_05.jpg": 0.21476787328720093}