{"8_60_68_01.jpg": 0.33480408787727356, "8_60_68_02.jpg": 0.3041972219944, "8_60_68_03.jpg": 0.22946271300315857, "8_60_68_04.jpg": 0.20651863515377045, "8_60_68_05.jpg": 0.2034265547990799}