{"8_20_40_01.jpg": 0.22699344158172607, "8_20_40_02.jpg": 0.1163453683257103, "8_20_40_03.jpg": 0.11418739706277847, "8_20_40_04.jpg": 0.11209435760974884, "8_20_40_05.jpg": 0.10359606891870499}