{"8_56_36_01.jpg": 0.4667777717113495, "8_56_36_02.jpg": 0.3476359248161316, "8_56_36_03.jpg": 0.23905962705612183, "8_56_36_04.jpg": 0.21475224196910858, "8_56_36_05.jpg": 0.207359179854393}