{"8_64_44_01.jpg": 0.24790999293327332, "8_64_44_02.jpg": 0.19034115970134735, "8_64_44_03.jpg": 0.17789383232593536, "8_64_44_04.jpg": 0.16700689494609833, "8_64_44_05.jpg": 0.10496671497821808}