{"8_28_56_01.jpg": 0.4199041426181793, "8_28_56_02.jpg": 0.14358988404273987, "8_28_56_03.jpg": 0.1376522332429886, "8_28_56_04.jpg": 0.1318763941526413, "8_28_56_05.jpg": 0.12351131439208984}