{"8_12_48_01.jpg": 0.27039647102355957, "8_12_48_02.jpg": 0.13410349190235138, "8_12_48_03.jpg": 0.11506170779466629, "8_12_48_04.jpg": 0.10623575747013092, "8_12_48_05.jpg": 0.10101138800382614}