{"8_80_60_01.jpg": 0.3029941916465759, "8_80_60_02.jpg": 0.22852687537670135, "8_80_60_03.jpg": 0.17059963941574097, "8_80_60_04.jpg": 0.1699175238609314, "8_80_60_05.jpg": 0.16206498444080353}