{"8_28_88_01.jpg": 0.44835561513900757, "8_28_88_02.jpg": 0.373753160238266, "8_28_88_03.jpg": 0.2973623275756836, "8_28_88_04.jpg": 0.2864892780780792, "8_28_88_05.jpg": 0.2727099359035492}