{"8_44_8_01.jpg": 0.3798803687095642, "8_44_8_02.jpg": 0.18714159727096558, "8_44_8_03.jpg": 0.16576366126537323, "8_44_8_04.jpg": 0.15670831501483917, "8_44_8_05.jpg": 0.13572385907173157}