{"8_28_20_01.jpg": 0.28422677516937256, "8_28_20_02.jpg": 0.20986974239349365, "8_28_20_03.jpg": 0.1646997481584549, "8_28_20_04.jpg": 0.15480925142765045, "8_28_20_05.jpg": 0.13475148379802704}