{"8_20_32_01.jpg": 0.23153899610042572, "8_20_32_02.jpg": 0.2224407196044922, "8_20_32_03.jpg": 0.13327187299728394, "8_20_32_04.jpg": 0.13166742026805878, "8_20_32_05.jpg": 0.11262280493974686}