{"8_28_64_01.jpg": 0.3849811255931854, "8_28_64_02.jpg": 0.2277938723564148, "8_28_64_03.jpg": 0.12837278842926025, "8_28_64_04.jpg": 0.11089348793029785, "8_28_64_05.jpg": 0.09981616586446762}