{"8_64_40_01.jpg": 0.2911044657230377, "8_64_40_02.jpg": 0.2789280414581299, "8_64_40_03.jpg": 0.20223860442638397, "8_64_40_04.jpg": 0.17816612124443054, "8_64_40_05.jpg": 0.15862758457660675}