{"8_72_60_01.jpg": 0.5982826352119446, "8_72_60_02.jpg": 0.4117289185523987, "8_72_60_03.jpg": 0.3490692377090454, "8_72_60_04.jpg": 0.32234513759613037, "8_72_60_05.jpg": 0.16938962042331696}