{"8_64_36_01.jpg": 0.3442896008491516, "8_64_36_02.jpg": 0.27330195903778076, "8_64_36_03.jpg": 0.23355001211166382, "8_64_36_04.jpg": 0.2266649752855301, "8_64_36_05.jpg": 0.1549498736858368}