{"8_60_56_01.jpg": 0.45745202898979187, "8_60_56_02.jpg": 0.41381338238716125, "8_60_56_03.jpg": 0.4056364595890045, "8_60_56_04.jpg": 0.37643685936927795, "8_60_56_05.jpg": 0.36428752541542053}