{"8_48_84_01.jpg": 0.4493856430053711, "8_48_84_02.jpg": 0.3942925035953522, "8_48_84_03.jpg": 0.24343062937259674, "8_48_84_04.jpg": 0.15635481476783752, "8_48_84_05.jpg": 0.15339897572994232}