{"8_16_32_01.jpg": 0.27479591965675354, "8_16_32_02.jpg": 0.12520505487918854, "8_16_32_03.jpg": 0.1025422140955925, "8_16_32_04.jpg": 0.093305803835392, "8_16_32_05.jpg": 0.08479011803865433}