{"8_88_56_01.jpg": 0.2834946811199188, "8_88_56_02.jpg": 0.1909719854593277, "8_88_56_03.jpg": 0.18367928266525269, "8_88_56_04.jpg": 0.18259279429912567, "8_88_56_05.jpg": 0.17067545652389526}