{"8_80_32_01.jpg": 0.5575625896453857, "8_80_32_02.jpg": 0.3780903220176697, "8_80_32_03.jpg": 0.295426607131958, "8_80_32_04.jpg": 0.288851261138916, "8_80_32_05.jpg": 0.23749051988124847}