{"8_100_40_01.jpg": 0.3683350086212158, "8_100_40_02.jpg": 0.3505787253379822, "8_100_40_03.jpg": 0.276437371969223, "8_100_40_04.jpg": 0.25754380226135254, "8_100_40_05.jpg": 0.25646644830703735}