{"8_44_76_01.jpg": 0.322186678647995, "8_44_76_02.jpg": 0.25403517484664917, "8_44_76_03.jpg": 0.21816548705101013, "8_44_76_04.jpg": 0.1789734810590744, "8_44_76_05.jpg": 0.16935881972312927}