{"8_28_56_01.jpg": 0.25805947184562683, "8_28_56_02.jpg": 0.2556239366531372, "8_28_56_03.jpg": 0.20317485928535461, "8_28_56_04.jpg": 0.1088462620973587, "8_28_56_05.jpg": 0.10198841989040375}