{"8_92_48_01.jpg": 0.24458660185337067, "8_92_48_02.jpg": 0.1890866905450821, "8_92_48_03.jpg": 0.1792808324098587, "8_92_48_04.jpg": 0.13113534450531006, "8_92_48_05.jpg": 0.10373510420322418}