{"8_24_60_01.jpg": 0.415041446685791, "8_24_60_02.jpg": 0.3950466811656952, "8_24_60_03.jpg": 0.2763217091560364, "8_24_60_04.jpg": 0.25914788246154785, "8_24_60_05.jpg": 0.25296562910079956}