{"8_56_44_01.jpg": 0.25044095516204834, "8_56_44_02.jpg": 0.22878232598304749, "8_56_44_03.jpg": 0.21362313628196716, "8_56_44_04.jpg": 0.18082454800605774, "8_56_44_05.jpg": 0.15788695216178894}