{"8_48_96_01.jpg": 0.5701727867126465, "8_48_96_02.jpg": 0.3205893933773041, "8_48_96_03.jpg": 0.29774296283721924, "8_48_96_04.jpg": 0.2751951217651367, "8_48_96_05.jpg": 0.2480224072933197}