{"8_4_60_01.jpg": 0.22661644220352173, "8_4_60_02.jpg": 0.20047150552272797, "8_4_60_03.jpg": 0.1547238826751709, "8_4_60_04.jpg": 0.13912667334079742, "8_4_60_05.jpg": 0.12294277548789978}