{"8_8_64_01.jpg": 0.36933398246765137, "8_8_64_02.jpg": 0.14350737631320953, "8_8_64_03.jpg": 0.1179671511054039, "8_8_64_04.jpg": 0.1141093373298645, "8_8_64_05.jpg": 0.10157503932714462}