{"8_16_28_01.jpg": 0.44759219884872437, "8_16_28_02.jpg": 0.24637994170188904, "8_16_28_03.jpg": 0.13181333243846893, "8_16_28_04.jpg": 0.11351601034402847, "8_16_28_05.jpg": 0.11303400248289108}