{"8_52_60_01.jpg": 0.17553597688674927, "8_52_60_02.jpg": 0.10623835772275925, "8_52_60_03.jpg": 0.08590798079967499, "8_52_60_04.jpg": 0.08168958127498627, "8_52_60_05.jpg": 0.07184948772192001}