{"8_84_84_01.jpg": 0.32008400559425354, "8_84_84_02.jpg": 0.19740894436836243, "8_84_84_03.jpg": 0.18191015720367432, "8_84_84_04.jpg": 0.11254145950078964, "8_84_84_05.jpg": 0.10128378123044968}