{"8_44_48_01.jpg": 0.3477597236633301, "8_44_48_02.jpg": 0.2840145230293274, "8_44_48_03.jpg": 0.2838054299354553, "8_44_48_04.jpg": 0.2614750862121582, "8_44_48_05.jpg": 0.22637812793254852}