{"8_36_68_01.jpg": 0.4606269299983978, "8_36_68_02.jpg": 0.43323275446891785, "8_36_68_03.jpg": 0.41249123215675354, "8_36_68_04.jpg": 0.3822462558746338, "8_36_68_05.jpg": 0.23836348950862885}