{"8_76_92_01.jpg": 0.43601176142692566, "8_76_92_02.jpg": 0.3985666334629059, "8_76_92_03.jpg": 0.32262152433395386, "8_76_92_04.jpg": 0.30225419998168945, "8_76_92_05.jpg": 0.2911396324634552}