{"8_72_68_01.jpg": 0.24226133525371552, "8_72_68_02.jpg": 0.10722905397415161, "8_72_68_03.jpg": 0.09734675288200378, "8_72_68_04.jpg": 0.08050155639648438, "8_72_68_05.jpg": 0.07870154827833176}