{"8_44_28_01.jpg": 0.41701239347457886, "8_44_28_02.jpg": 0.1745755821466446, "8_44_28_03.jpg": 0.17236073315143585, "8_44_28_04.jpg": 0.15310628712177277, "8_44_28_05.jpg": 0.1509731411933899}