{"8_72_56_01.jpg": 0.4299311339855194, "8_72_56_02.jpg": 0.4193025231361389, "8_72_56_03.jpg": 0.13313275575637817, "8_72_56_04.jpg": 0.1324833184480667, "8_72_56_05.jpg": 0.12636317312717438}