{"8_88_44_01.jpg": 0.27716368436813354, "8_88_44_02.jpg": 0.19328221678733826, "8_88_44_03.jpg": 0.17143593728542328, "8_88_44_04.jpg": 0.07968530058860779, "8_88_44_05.jpg": 0.072128064930439}