{"8_92_20_01.jpg": 0.4003905951976776, "8_92_20_02.jpg": 0.22322195768356323, "8_92_20_03.jpg": 0.159324511885643, "8_92_20_04.jpg": 0.1409408450126648, "8_92_20_05.jpg": 0.12256808578968048}