{"8_56_84_01.jpg": 0.2691902816295624, "8_56_84_02.jpg": 0.2055765688419342, "8_56_84_03.jpg": 0.19568012654781342, "8_56_84_04.jpg": 0.17394521832466125, "8_56_84_05.jpg": 0.1714826226234436}