{"8_56_52_01.jpg": 0.3140585422515869, "8_56_52_02.jpg": 0.22431674599647522, "8_56_52_03.jpg": 0.13455040752887726, "8_56_52_04.jpg": 0.12205000221729279, "8_56_52_05.jpg": 0.10212729126214981}