{"8_64_80_01.jpg": 0.3151979446411133, "8_64_80_02.jpg": 0.1410018503665924, "8_64_80_03.jpg": 0.14064666628837585, "8_64_80_04.jpg": 0.1285332292318344, "8_64_80_05.jpg": 0.12792453169822693}