{"8_64_48_01.jpg": 0.291839599609375, "8_64_48_02.jpg": 0.25672924518585205, "8_64_48_03.jpg": 0.1707829236984253, "8_64_48_04.jpg": 0.13340170681476593, "8_64_48_05.jpg": 0.07957033067941666}