{"8_60_48_01.jpg": 0.305747389793396, "8_60_48_02.jpg": 0.20148880779743195, "8_60_48_03.jpg": 0.19363485276699066, "8_60_48_04.jpg": 0.1907721608877182, "8_60_48_05.jpg": 0.1683875173330307}