{"8_96_32_01.jpg": 0.33347728848457336, "8_96_32_02.jpg": 0.27328750491142273, "8_96_32_03.jpg": 0.26381513476371765, "8_96_32_04.jpg": 0.2395939826965332, "8_96_32_05.jpg": 0.16869975626468658}