{"8_84_36_01.jpg": 0.4685142934322357, "8_84_36_02.jpg": 0.4068114459514618, "8_84_36_03.jpg": 0.29496175050735474, "8_84_36_04.jpg": 0.2309953272342682, "8_84_36_05.jpg": 0.2256665974855423}