{"8_52_52_01.jpg": 0.3317258358001709, "8_52_52_02.jpg": 0.16518835723400116, "8_52_52_03.jpg": 0.15810686349868774, "8_52_52_04.jpg": 0.15332479774951935, "8_52_52_05.jpg": 0.13990168273448944}