{"8_36_28_01.jpg": 0.28774380683898926, "8_36_28_02.jpg": 0.2583386301994324, "8_36_28_03.jpg": 0.24868200719356537, "8_36_28_04.jpg": 0.2484796941280365, "8_36_28_05.jpg": 0.20540709793567657}