{"8_44_100_01.jpg": 0.3013592064380646, "8_44_100_02.jpg": 0.2566390335559845, "8_44_100_03.jpg": 0.18218736350536346, "8_44_100_04.jpg": 0.17409129440784454, "8_44_100_05.jpg": 0.12530454993247986}