{"8_92_48_01.jpg": 0.4877907633781433, "8_92_48_02.jpg": 0.26602038741111755, "8_92_48_03.jpg": 0.20522555708885193, "8_92_48_04.jpg": 0.18881602585315704, "8_92_48_05.jpg": 0.16504886746406555}