{"8_40_68_01.jpg": 0.4856503903865814, "8_40_68_02.jpg": 0.3651100993156433, "8_40_68_03.jpg": 0.32248976826667786, "8_40_68_04.jpg": 0.3068256378173828, "8_40_68_05.jpg": 0.2911980152130127}