{"8_16_64_01.jpg": 0.5151199698448181, "8_16_64_02.jpg": 0.40796878933906555, "8_16_64_03.jpg": 0.27428656816482544, "8_16_64_04.jpg": 0.19800640642642975, "8_16_64_05.jpg": 0.15706467628479004}