{"8_28_60_01.jpg": 0.2857629060745239, "8_28_60_02.jpg": 0.1806515008211136, "8_28_60_03.jpg": 0.10598132759332657, "8_28_60_04.jpg": 0.08774883300065994, "8_28_60_05.jpg": 0.08567105978727341}