{"8_56_92_01.jpg": 0.399173766374588, "8_56_92_02.jpg": 0.31668755412101746, "8_56_92_03.jpg": 0.2512974739074707, "8_56_92_04.jpg": 0.2493395060300827, "8_56_92_05.jpg": 0.21263258159160614}