{"8_52_68_01.jpg": 0.40879255533218384, "8_52_68_02.jpg": 0.3924022912979126, "8_52_68_03.jpg": 0.16825754940509796, "8_52_68_04.jpg": 0.1276121437549591, "8_52_68_05.jpg": 0.12390047311782837}