{"8_60_80_01.jpg": 0.4217754006385803, "8_60_80_02.jpg": 0.3332154154777527, "8_60_80_03.jpg": 0.29416680335998535, "8_60_80_04.jpg": 0.28415530920028687, "8_60_80_05.jpg": 0.26610586047172546}