{"8_28_72_01.jpg": 0.2684474587440491, "8_28_72_02.jpg": 0.12358016520738602, "8_28_72_03.jpg": 0.10074156522750854, "8_28_72_04.jpg": 0.08799013495445251, "8_28_72_05.jpg": 0.08588426560163498}