{"8_76_40_01.jpg": 0.44461867213249207, "8_76_40_02.jpg": 0.38427937030792236, "8_76_40_03.jpg": 0.34875553846359253, "8_76_40_04.jpg": 0.28535571694374084, "8_76_40_05.jpg": 0.22882406413555145}