{"8_44_88_01.jpg": 0.38061144948005676, "8_44_88_02.jpg": 0.1760331392288208, "8_44_88_03.jpg": 0.16664497554302216, "8_44_88_04.jpg": 0.1273774355649948, "8_44_88_05.jpg": 0.11228971928358078}