{"8_56_44_01.jpg": 0.2817096412181854, "8_56_44_02.jpg": 0.12526673078536987, "8_56_44_03.jpg": 0.10204721242189407, "8_56_44_04.jpg": 0.09426300972700119, "8_56_44_05.jpg": 0.08230503648519516}