{"8_88_72_01.jpg": 0.1983214020729065, "8_88_72_02.jpg": 0.08712045103311539, "8_88_72_03.jpg": 0.0781690701842308, "8_88_72_04.jpg": 0.0767149031162262, "8_88_72_05.jpg": 0.07319951057434082}