{"8_76_88_01.jpg": 0.39159366488456726, "8_76_88_02.jpg": 0.3871748745441437, "8_76_88_03.jpg": 0.3500419855117798, "8_76_88_04.jpg": 0.2700391113758087, "8_76_88_05.jpg": 0.2419203370809555}