{"8_64_96_01.jpg": 0.3342519700527191, "8_64_96_02.jpg": 0.2617342472076416, "8_64_96_03.jpg": 0.22910770773887634, "8_64_96_04.jpg": 0.1751413345336914, "8_64_96_05.jpg": 0.14165546000003815}