{"8_84_32_01.jpg": 0.5886657238006592, "8_84_32_02.jpg": 0.3544918894767761, "8_84_32_03.jpg": 0.2600899338722229, "8_84_32_04.jpg": 0.22217899560928345, "8_84_32_05.jpg": 0.2181054800748825}