{"8_36_32_01.jpg": 0.2445431351661682, "8_36_32_02.jpg": 0.18558530509471893, "8_36_32_03.jpg": 0.17193801701068878, "8_36_32_04.jpg": 0.16448219120502472, "8_36_32_05.jpg": 0.13595552742481232}