{"8_28_64_01.jpg": 0.33128973841667175, "8_28_64_02.jpg": 0.29670536518096924, "8_28_64_03.jpg": 0.16009774804115295, "8_28_64_04.jpg": 0.14453233778476715, "8_28_64_05.jpg": 0.11963705718517303}