{"8_52_24_01.jpg": 0.22043773531913757, "8_52_24_02.jpg": 0.18485429883003235, "8_52_24_03.jpg": 0.1534188836812973, "8_52_24_04.jpg": 0.14582929015159607, "8_52_24_05.jpg": 0.1374470591545105}