{"8_48_96_01.jpg": 0.39721888303756714, "8_48_96_02.jpg": 0.2679797410964966, "8_48_96_03.jpg": 0.1983797252178192, "8_48_96_04.jpg": 0.19413726031780243, "8_48_96_05.jpg": 0.15357422828674316}