{"8_28_44_01.jpg": 0.26920026540756226, "8_28_44_02.jpg": 0.23324425518512726, "8_28_44_03.jpg": 0.19951894879341125, "8_28_44_04.jpg": 0.18503320217132568, "8_28_44_05.jpg": 0.15903882682323456}