{"8_76_44_01.jpg": 0.3633924424648285, "8_76_44_02.jpg": 0.2503015995025635, "8_76_44_03.jpg": 0.19952404499053955, "8_76_44_04.jpg": 0.19158615171909332, "8_76_44_05.jpg": 0.13211163878440857}