{"8_72_20_01.jpg": 0.3396924138069153, "8_72_20_02.jpg": 0.23614098131656647, "8_72_20_03.jpg": 0.1962648332118988, "8_72_20_04.jpg": 0.13096824288368225, "8_72_20_05.jpg": 0.10618209093809128}