{"8_52_56_01.jpg": 0.34083959460258484, "8_52_56_02.jpg": 0.299775093793869, "8_52_56_03.jpg": 0.22652579843997955, "8_52_56_04.jpg": 0.1664719432592392, "8_52_56_05.jpg": 0.1551668494939804}