{"8_44_40_01.jpg": 0.43613725900650024, "8_44_40_02.jpg": 0.33838915824890137, "8_44_40_03.jpg": 0.33002203702926636, "8_44_40_04.jpg": 0.3105049431324005, "8_44_40_05.jpg": 0.2193595916032791}