{"8_12_28_01.jpg": 0.33320263028144836, "8_12_28_02.jpg": 0.16478726267814636, "8_12_28_03.jpg": 0.14535650610923767, "8_12_28_04.jpg": 0.10058391094207764, "8_12_28_05.jpg": 0.09894697368144989}