{"8_80_72_01.jpg": 0.5090429186820984, "8_80_72_02.jpg": 0.36415180563926697, "8_80_72_03.jpg": 0.2715361714363098, "8_80_72_04.jpg": 0.2148350179195404, "8_80_72_05.jpg": 0.2000776082277298}